Date,Day,Hospital,Waiting Time,Attendance,BOR,Is_Holiday
1/1/2023,Sunday,AH,1.6,64,80.5,1
1/1/2023,Sunday,CGH,7.7,351,89.6,1
1/1/2023,Sunday,KTPH,2.9,286,96.4,1
1/1/2023,Sunday,NTFGH,7.9,252,91.1,1
1/1/2023,Sunday,NUH(A),2.1,257,78.3,1
1/1/2023,Sunday,SGH,1.3,309,79.3,1
1/1/2023,Sunday,SKH,3,333,86,1
1/1/2023,Sunday,TTSH,3.8,336,91.2,1
2/1/2023,Monday,AH,2,61,84.8,0
2/1/2023,Monday,CGH,12.7,386,90.6,0
2/1/2023,Monday,KTPH,12.2,326,97.9,0
2/1/2023,Monday,NTFGH,4.2,314,92,0
2/1/2023,Monday,NUH(A),2.5,334,82.8,0
2/1/2023,Monday,SGH,2.5,342,84,0
2/1/2023,Monday,SKH,2.7,346,87.5,0
2/1/2023,Monday,TTSH,4.4,370,95.9,0
3/1/2023,Tuesday,AH,2.1,76,92.9,0
3/1/2023,Tuesday,CGH,16,436,89.8,0
3/1/2023,Tuesday,KTPH,12.9,401,98.4,0
3/1/2023,Tuesday,NTFGH,22.8,364,91.9,0
3/1/2023,Tuesday,NUH(A),4,352,86.7,0
3/1/2023,Tuesday,SGH,9.3,343,88.4,0
3/1/2023,Tuesday,SKH,5,397,88.6,0
3/1/2023,Tuesday,TTSH,4.9,422,96.7,0
4/1/2023,Wednesday,AH,2.5,74,91.1,0
4/1/2023,Wednesday,CGH,16.3,354,87.7,0
4/1/2023,Wednesday,KTPH,21.4,311,96.4,0
4/1/2023,Wednesday,NTFGH,14.7,330,89.9,0
4/1/2023,Wednesday,NUH(A),8.2,286,86.6,0
4/1/2023,Wednesday,SGH,11.6,305,90.2,0
4/1/2023,Wednesday,SKH,10.3,327,89.5,0
4/1/2023,Wednesday,TTSH,6.9,361,97.7,0
5/1/2023,Thursday,AH,2.4,61,92.9,0
5/1/2023,Thursday,CGH,21.5,373,89.5,0
5/1/2023,Thursday,KTPH,20.7,335,95.1,0
5/1/2023,Thursday,NTFGH,18,320,89.2,0
5/1/2023,Thursday,NUH(A),5.2,309,88.2,0
5/1/2023,Thursday,SGH,11.7,337,90.8,0
5/1/2023,Thursday,SKH,7.9,351,90.2,0
5/1/2023,Thursday,TTSH,5,366,96.9,0
6/1/2023,Friday,AH,2.8,49,91.1,0
6/1/2023,Friday,CGH,18.3,353,87.9,0
6/1/2023,Friday,KTPH,20,305,93.8,0
6/1/2023,Friday,NTFGH,8.2,287,89,0
6/1/2023,Friday,NUH(A),6.4,304,86.2,0
6/1/2023,Friday,SGH,6.8,302,86.1,0
6/1/2023,Friday,SKH,4.8,340,89.7,0
6/1/2023,Friday,TTSH,4.9,350,95.7,0
7/1/2023,Saturday,AH,1.3,48,68.4,0
7/1/2023,Saturday,CGH,11.5,296,89.2,0
7/1/2023,Saturday,KTPH,6.8,296,98.1,0
7/1/2023,Saturday,NTFGH,2.4,274,89.4,0
7/1/2023,Saturday,NUH(A),3.7,268,83.4,0
7/1/2023,Saturday,SGH,1.7,286,81.6,0
7/1/2023,Saturday,SKH,7.7,309,87.7,0
7/1/2023,Saturday,TTSH,5.1,391,95,0
8/1/2023,Sunday,AH,1.2,56,91.5,0
8/1/2023,Sunday,CGH,5.4,342,88.5,0
8/1/2023,Sunday,KTPH,2.8,273,99.6,0
8/1/2023,Sunday,NTFGH,2.6,255,90.2,0
8/1/2023,Sunday,NUH(A),6.1,268,85.2,0
8/1/2023,Sunday,SGH,1.7,257,82,0
8/1/2023,Sunday,SKH,5,359,88.8,0
8/1/2023,Sunday,TTSH,4.8,278,98.2,0
9/1/2023,Monday,AH,3.3,83,94.7,0
9/1/2023,Monday,CGH,11.1,398,88.5,0
9/1/2023,Monday,KTPH,17.9,379,97.4,0
9/1/2023,Monday,NTFGH,6.7,382,90.9,0
9/1/2023,Monday,NUH(A),5.4,341,89.4,0
9/1/2023,Monday,SGH,7.6,359,88.5,0
9/1/2023,Monday,SKH,13.9,409,92,0
9/1/2023,Monday,TTSH,5.4,426,97.6,0
10/1/2023,Tuesday,AH,9,59,93.6,0
10/1/2023,Tuesday,CGH,17.8,389,88.2,0
10/1/2023,Tuesday,KTPH,6.2,374,99.3,0
10/1/2023,Tuesday,NTFGH,9.7,350,92.4,0
10/1/2023,Tuesday,NUH(A),5.3,319,88.6,0
10/1/2023,Tuesday,SGH,6.6,301,89.3,0
10/1/2023,Tuesday,SKH,15,336,93,0
10/1/2023,Tuesday,TTSH,6.7,382,98.4,0
11/1/2023,Wednesday,AH,2.2,51,89.7,0
11/1/2023,Wednesday,CGH,18.3,354,88.2,0
11/1/2023,Wednesday,KTPH,6.7,305,96.8,0
11/1/2023,Wednesday,NTFGH,12,316,90.9,0
11/1/2023,Wednesday,NUH(A),4.8,300,87.1,0
11/1/2023,Wednesday,SGH,6.1,307,89.6,0
11/1/2023,Wednesday,SKH,16.3,325,92.2,0
11/1/2023,Wednesday,TTSH,6.8,316,97.1,0
12/1/2023,Thursday,AH,2.4,52,85.5,0
12/1/2023,Thursday,CGH,14,351,87,0
12/1/2023,Thursday,KTPH,11.4,287,93.6,0
12/1/2023,Thursday,NTFGH,9.5,345,89.1,0
12/1/2023,Thursday,NUH(A),5.4,276,85.9,0
12/1/2023,Thursday,SGH,3.1,302,86.2,0
12/1/2023,Thursday,SKH,5.6,323,94.2,0
12/1/2023,Thursday,TTSH,4.6,354,94,0
13/1/2023,Friday,AH,1.4,54,82.6,0
13/1/2023,Friday,CGH,7.9,381,87.3,0
13/1/2023,Friday,KTPH,3.5,304,94.2,0
13/1/2023,Friday,NTFGH,5.5,308,88,0
13/1/2023,Friday,NUH(A),3.8,291,82.9,0
13/1/2023,Friday,SGH,2,275,81.4,0
13/1/2023,Friday,SKH,8.3,285,91.9,0
13/1/2023,Friday,TTSH,5.2,355,90.7,0
14/1/2023,Saturday,AH,1.2,42,82.3,0
14/1/2023,Saturday,CGH,3.6,327,87.7,0
14/1/2023,Saturday,KTPH,4.8,291,92.2,0
14/1/2023,Saturday,NTFGH,2.5,298,90.4,0
14/1/2023,Saturday,NUH(A),2.3,247,79.4,0
14/1/2023,Saturday,SGH,0.8,281,78.6,0
14/1/2023,Saturday,SKH,5.2,307,89.8,0
14/1/2023,Saturday,TTSH,4.1,317,90.3,0
15/1/2023,Sunday,AH,1.4,68,85.5,0
15/1/2023,Sunday,CGH,10.2,282,86.8,0
15/1/2023,Sunday,KTPH,16.4,270,83.9,0
15/1/2023,Sunday,NTFGH,4,242,89.8,0
15/1/2023,Sunday,NUH(A),1.8,235,79.8,0
15/1/2023,Sunday,SGH,0.8,262,79,0
15/1/2023,Sunday,SKH,5.1,319,90.6,0
15/1/2023,Sunday,TTSH,3.9,304,94.4,0
16/1/2023,Monday,AH,2.7,67,87.9,0
16/1/2023,Monday,CGH,12.6,403,87.7,0
16/1/2023,Monday,KTPH,17.7,341,96.5,0
16/1/2023,Monday,NTFGH,6.5,385,90.4,0
16/1/2023,Monday,NUH(A),2.8,325,85.2,0
16/1/2023,Monday,SGH,1.5,342,83.6,0
16/1/2023,Monday,SKH,5.5,362,91.1,0
16/1/2023,Monday,TTSH,5.2,388,94.2,0
17/1/2023,Tuesday,AH,1.5,55,84,0
17/1/2023,Tuesday,CGH,8.5,354,87.1,0
17/1/2023,Tuesday,KTPH,4.4,313,95.7,0
17/1/2023,Tuesday,NTFGH,8.5,327,92.1,0
17/1/2023,Tuesday,NUH(A),3.8,242,84.8,0
17/1/2023,Tuesday,SGH,1.4,278,81.9,0
17/1/2023,Tuesday,SKH,3.7,315,89,0
17/1/2023,Tuesday,TTSH,4.8,313,93.6,0
18/1/2023,Wednesday,AH,1,52,76.2,0
18/1/2023,Wednesday,CGH,4.5,332,84.7,0
18/1/2023,Wednesday,KTPH,7.1,308,94.6,0
18/1/2023,Wednesday,NTFGH,9.2,314,88.6,0
18/1/2023,Wednesday,NUH(A),2.5,262,81.3,0
18/1/2023,Wednesday,SGH,1.2,290,79.6,0
18/1/2023,Wednesday,SKH,3,311,91.2,0
18/1/2023,Wednesday,TTSH,3.6,333,94.9,0
19/1/2023,Thursday,AH,1.3,50,65.6,0
19/1/2023,Thursday,CGH,3,329,83.1,0
19/1/2023,Thursday,KTPH,2.2,300,92.5,0
19/1/2023,Thursday,NTFGH,3.1,288,88.4,0
19/1/2023,Thursday,NUH(A),2.1,265,79,0
19/1/2023,Thursday,SGH,1.1,277,76.9,0
19/1/2023,Thursday,SKH,2.6,277,85.5,0
19/1/2023,Thursday,TTSH,3.8,333,92.5,0
20/1/2023,Friday,AH,1.6,47,55.7,0
20/1/2023,Friday,CGH,1.8,322,78.7,0
20/1/2023,Friday,KTPH,1.3,251,84.5,0
20/1/2023,Friday,NTFGH,2,275,78,0
20/1/2023,Friday,NUH(A),2.1,274,69.8,0
20/1/2023,Friday,SGH,0.8,293,67.1,0
20/1/2023,Friday,SKH,1.8,286,74.3,0
20/1/2023,Friday,TTSH,3.7,287,79,0
21/1/2023,Saturday,AH,1.3,55,50.4,0
21/1/2023,Saturday,CGH,1,300,75.6,0
21/1/2023,Saturday,KTPH,0.8,218,78.6,0
21/1/2023,Saturday,NTFGH,1.7,233,72,0
21/1/2023,Saturday,NUH(A),1.9,225,61.4,0
21/1/2023,Saturday,SGH,0.9,252,59.2,0
21/1/2023,Saturday,SKH,1.7,263,66.3,0
21/1/2023,Saturday,TTSH,3.1,280,74,0
22/1/2023,Sunday,AH,0.7,39,52.8,1
22/1/2023,Sunday,CGH,0.7,288,79.7,1
22/1/2023,Sunday,KTPH,0.7,239,80.8,1
22/1/2023,Sunday,NTFGH,1.7,273,82.2,1
22/1/2023,Sunday,NUH(A),1.6,162,63.3,1
22/1/2023,Sunday,SGH,0.8,208,58.5,1
22/1/2023,Sunday,SKH,1.1,285,70,1
22/1/2023,Sunday,TTSH,3.3,278,76.6,1
23/1/2023,Monday,AH,0.9,57,55,1
23/1/2023,Monday,CGH,1.7,340,82.2,1
23/1/2023,Monday,KTPH,0.7,293,83.9,1
23/1/2023,Monday,NTFGH,1.5,291,86.6,1
23/1/2023,Monday,NUH(A),1.7,245,65.4,1
23/1/2023,Monday,SGH,0.9,303,61.1,1
23/1/2023,Monday,SKH,1.7,312,74.6,1
23/1/2023,Monday,TTSH,3,352,83.3,1
24/1/2023,Tuesday,AH,1.1,45,59.2,0
24/1/2023,Tuesday,CGH,2.3,360,85.2,0
24/1/2023,Tuesday,KTPH,0.8,338,89.9,0
24/1/2023,Tuesday,NTFGH,3,358,88.6,0
24/1/2023,Tuesday,NUH(A),1.8,268,71.6,0
24/1/2023,Tuesday,SGH,1.1,324,67,0
24/1/2023,Tuesday,SKH,1.4,368,80.3,0
24/1/2023,Tuesday,TTSH,4.3,363,90.6,0
25/1/2023,Wednesday,AH,1.1,54,64.5,0
25/1/2023,Wednesday,CGH,5.4,389,86.8,0
25/1/2023,Wednesday,KTPH,1.2,372,91.1,0
25/1/2023,Wednesday,NTFGH,5.3,278,90.7,0
25/1/2023,Wednesday,NUH(A),3.2,337,79,0
25/1/2023,Wednesday,SGH,1,323,75.6,0
25/1/2023,Wednesday,SKH,2.8,390,87.6,0
25/1/2023,Wednesday,TTSH,4.9,424,94.9,0
26/1/2023,Thursday,AH,1.4,56,63.8,0
26/1/2023,Thursday,CGH,6.2,365,87.3,0
26/1/2023,Thursday,KTPH,3.5,298,91.8,0
26/1/2023,Thursday,NTFGH,5.3,338,89.8,0
26/1/2023,Thursday,NUH(A),3.1,284,81.9,0
26/1/2023,Thursday,SGH,1.4,304,80.4,0
26/1/2023,Thursday,SKH,3.5,313,89.7,0
26/1/2023,Thursday,TTSH,4.3,378,92.6,0
27/1/2023,Friday,AH,1.7,43,66.7,0
27/1/2023,Friday,CGH,6.5,344,86.1,0
27/1/2023,Friday,KTPH,3.4,297,89.9,0
27/1/2023,Friday,NTFGH,3,256,89.8,0
27/1/2023,Friday,NUH(A),2.8,278,82.2,0
27/1/2023,Friday,SGH,1.9,304,78.6,0
27/1/2023,Friday,SKH,4.3,345,88.2,0
27/1/2023,Friday,TTSH,5.6,345,90.9,0
28/1/2023,Saturday,AH,1.7,44,70.6,0
28/1/2023,Saturday,CGH,4.7,286,86.5,0
28/1/2023,Saturday,KTPH,1.2,261,90.7,0
28/1/2023,Saturday,NTFGH,5.9,254,89.2,0
28/1/2023,Saturday,NUH(A),2.1,247,79.3,0
28/1/2023,Saturday,SGH,1,236,76,0
28/1/2023,Saturday,SKH,2.7,269,88.2,0
28/1/2023,Saturday,TTSH,4.6,293,93.5,0
29/1/2023,Sunday,AH,1.8,41,75.5,0
29/1/2023,Sunday,CGH,3.1,321,87.5,0
29/1/2023,Sunday,KTPH,0.7,270,93.7,0
29/1/2023,Sunday,NTFGH,5.9,254,89.2,0
29/1/2023,Sunday,NUH(A),2.3,248,79.8,0
29/1/2023,Sunday,SGH,0.9,247,76.3,0
29/1/2023,Sunday,SKH,2.5,314,89.6,0
29/1/2023,Sunday,TTSH,3.8,327,95.6,0
30/1/2023,Monday,AH,1.7,78,83.3,0
30/1/2023,Monday,CGH,14.9,392,88.6,0
30/1/2023,Monday,KTPH,3.1,395,95.8,0
30/1/2023,Monday,NTFGH,15.6,360,90.8,0
30/1/2023,Monday,NUH(A),6.1,366,82.1,0
30/1/2023,Monday,SGH,3.3,360,81.7,0
30/1/2023,Monday,SKH,6,400,91.5,0
30/1/2023,Monday,TTSH,4.7,394,95.4,0
31/1/2023,Tuesday,AH,1.1,61,89,0
31/1/2023,Tuesday,CGH,19.1,363,87.5,0
31/1/2023,Tuesday,KTPH,4.5,359,95.2,0
31/1/2023,Tuesday,NTFGH,22.1,351,92.3,0
31/1/2023,Tuesday,NUH(A),4.1,311,82.9,0
31/1/2023,Tuesday,SGH,3.3,325,84.4,0
31/1/2023,Tuesday,SKH,13.4,338,92.9,0
31/1/2023,Tuesday,TTSH,5.1,367,94.1,0
1/2/2023,Wednesday,AH,1.8,65,85.8,0
1/2/2023,Wednesday,CGH,14.9,369,87.4,0
1/2/2023,Wednesday,KTPH,6.7,336,96.9,0
1/2/2023,Wednesday,NTFGH,24.3,335,91.5,0
1/2/2023,Wednesday,NUH(A),4.1,315,83.4,0
1/2/2023,Wednesday,SGH,5.5,347,86.4,0
1/2/2023,Wednesday,SKH,14.8,356,91.4,0
1/2/2023,Wednesday,TTSH,5.2,402,93.5,0
2/2/2023,Thursday,AH,2.6,55,90.1,0
2/2/2023,Thursday,CGH,15.8,414,88.2,0
2/2/2023,Thursday,KTPH,21.7,306,95.6,0
2/2/2023,Thursday,NTFGH,21.5,344,90.2,0
2/2/2023,Thursday,NUH(A),3.3,296,86.8,0
2/2/2023,Thursday,SGH,9.5,343,85.3,0
2/2/2023,Thursday,SKH,13.6,327,90.9,0
2/2/2023,Thursday,TTSH,5,362,94.2,0
3/2/2023,Friday,AH,2.6,65,84.4,0
3/2/2023,Friday,CGH,15.8,369,86.3,0
3/2/2023,Friday,KTPH,7.6,316,96.5,0
3/2/2023,Friday,NTFGH,16.2,322,91.5,0
3/2/2023,Friday,NUH(A),5.2,308,87.8,0
3/2/2023,Friday,SGH,7.4,305,85.1,0
3/2/2023,Friday,SKH,10.6,348,91.1,0
3/2/2023,Friday,TTSH,5.7,407,92.6,0
4/2/2023,Saturday,AH,1.8,58,82.6,0
4/2/2023,Saturday,CGH,12.3,337,87.1,0
4/2/2023,Saturday,KTPH,9.4,267,98.8,0
4/2/2023,Saturday,NTFGH,6.2,269,90.7,0
4/2/2023,Saturday,NUH(A),4,261,83.5,0
4/2/2023,Saturday,SGH,4.6,276,84.4,0
4/2/2023,Saturday,SKH,8,325,90.4,0
4/2/2023,Saturday,TTSH,4.8,292,93.7,0
5/2/2023,Sunday,AH,2,46,87.6,0
5/2/2023,Sunday,CGH,9.2,341,88,0
5/2/2023,Sunday,KTPH,15.1,280,98.8,0
5/2/2023,Sunday,NTFGH,9.3,305,92.4,0
5/2/2023,Sunday,NUH(A),3.2,250,85,0
5/2/2023,Sunday,SGH,3.4,259,84.8,0
5/2/2023,Sunday,SKH,7.3,315,91.9,0
5/2/2023,Sunday,TTSH,4,336,96,0
6/2/2023,Monday,AH,1.4,67,94.3,0
6/2/2023,Monday,CGH,19.3,464,87.4,0
6/2/2023,Monday,KTPH,27.5,387,98.1,0
6/2/2023,Monday,NTFGH,15.5,378,92.4,0
6/2/2023,Monday,NUH(A),5.3,346,89.4,0
6/2/2023,Monday,SGH,7.5,399,86.6,0
6/2/2023,Monday,SKH,17.6,403,92.6,0
6/2/2023,Monday,TTSH,7.2,434,98.2,0
7/2/2023,Tuesday,AH,8.9,73,94,0
7/2/2023,Tuesday,CGH,12.2,396,89.6,0
7/2/2023,Tuesday,KTPH,17.8,314,97.7,0
7/2/2023,Tuesday,NTFGH,25.8,353,92.3,0
7/2/2023,Tuesday,NUH(A),7.7,310,89.4,0
7/2/2023,Tuesday,SGH,8.7,360,88,0
7/2/2023,Tuesday,SKH,18.9,330,92.9,0
7/2/2023,Tuesday,TTSH,8.6,368,98.7,0
8/2/2023,Wednesday,AH,3.4,71,92.9,0
8/2/2023,Wednesday,CGH,18.9,365,89.9,0
8/2/2023,Wednesday,KTPH,26.2,320,95.2,0
8/2/2023,Wednesday,NTFGH,15.2,360,91.1,0
8/2/2023,Wednesday,NUH(A),5.8,289,85.4,0
8/2/2023,Wednesday,SGH,11.1,340,88.1,0
8/2/2023,Wednesday,SKH,17,364,93.3,0
8/2/2023,Wednesday,TTSH,6.5,359,98.8,0
9/2/2023,Thursday,AH,3.7,73,94.7,0
9/2/2023,Thursday,CGH,11.6,384,89.9,0
9/2/2023,Thursday,KTPH,24.5,296,96.7,0
9/2/2023,Thursday,NTFGH,15.2,335,91.2,0
9/2/2023,Thursday,NUH(A),4.8,321,86.2,0
9/2/2023,Thursday,SGH,8.2,350,89.3,0
9/2/2023,Thursday,SKH,16.3,344,93.5,0
9/2/2023,Thursday,TTSH,7,364,98.1,0
10/2/2023,Friday,AH,10,63,94,0
10/2/2023,Friday,CGH,21.5,373,87.7,0
10/2/2023,Friday,KTPH,23.9,316,94.1,0
10/2/2023,Friday,NTFGH,19.4,321,92.7,0
10/2/2023,Friday,NUH(A),5.8,289,86.1,0
10/2/2023,Friday,SGH,9.5,311,88.2,0
10/2/2023,Friday,SKH,18,330,92.6,0
10/2/2023,Friday,TTSH,5.9,362,95.6,0
11/2/2023,Saturday,AH,4,49,95,0
11/2/2023,Saturday,CGH,14,344,87.7,0
11/2/2023,Saturday,KTPH,19.3,280,96.9,0
11/2/2023,Saturday,NTFGH,8.1,317,93.7,0
11/2/2023,Saturday,NUH(A),3,290,83.6,0
11/2/2023,Saturday,SGH,3.7,304,85.2,0
11/2/2023,Saturday,SKH,15.9,285,90.6,0
11/2/2023,Saturday,TTSH,3.6,331,95.5,0
12/2/2023,Sunday,AH,5.9,69,95.7,0
12/2/2023,Sunday,CGH,9.6,305,87.8,0
12/2/2023,Sunday,KTPH,24.6,276,98.9,0
12/2/2023,Sunday,NTFGH,10.9,282,94.2,0
12/2/2023,Sunday,NUH(A),3.8,256,85.2,0
12/2/2023,Sunday,SGH,3.7,268,86.7,0
12/2/2023,Sunday,SKH,4,321,90.7,0
12/2/2023,Sunday,TTSH,4.9,324,97.7,0
13/2/2023,Monday,AH,6.7,79,92.6,0
13/2/2023,Monday,CGH,18.2,461,89.5,0
13/2/2023,Monday,KTPH,30.5,421,100,0
13/2/2023,Monday,NTFGH,26.3,390,94.2,0
13/2/2023,Monday,NUH(A),5.1,326,89.4,0
13/2/2023,Monday,SGH,8.2,399,88.3,0
13/2/2023,Monday,SKH,8.2,386,93.5,0
13/2/2023,Monday,TTSH,6.3,427,100,0
14/2/2023,Tuesday,AH,5.2,47,94,0
14/2/2023,Tuesday,CGH,16.5,382,89.1,0
14/2/2023,Tuesday,KTPH,14,353,99,0
14/2/2023,Tuesday,NTFGH,19.3,317,94.1,0
14/2/2023,Tuesday,NUH(A),7.2,313,89.2,0
14/2/2023,Tuesday,SGH,11.7,318,89.1,0
14/2/2023,Tuesday,SKH,17.9,357,94.2,0
14/2/2023,Tuesday,TTSH,8.3,402,96.6,0
15/2/2023,Wednesday,AH,2.8,65,92.9,0
15/2/2023,Wednesday,CGH,20.3,341,89,0
15/2/2023,Wednesday,KTPH,25.6,339,99,0
15/2/2023,Wednesday,NTFGH,18.5,338,92.1,0
15/2/2023,Wednesday,NUH(A),7.5,286,87.8,0
15/2/2023,Wednesday,SGH,7.1,293,89.8,0
15/2/2023,Wednesday,SKH,17.1,345,92.6,0
15/2/2023,Wednesday,TTSH,7.3,345,97.7,0
16/2/2023,Thursday,AH,4.1,73,94.7,0
16/2/2023,Thursday,CGH,24.6,340,87.7,0
16/2/2023,Thursday,KTPH,27.7,269,97.2,0
16/2/2023,Thursday,NTFGH,15,329,93.2,0
16/2/2023,Thursday,NUH(A),5.4,284,89.8,0
16/2/2023,Thursday,SGH,7.8,303,90.4,0
16/2/2023,Thursday,SKH,14.1,351,93,0
16/2/2023,Thursday,TTSH,5.6,388,97.3,0
17/2/2023,Friday,AH,4,62,89.4,0
17/2/2023,Friday,CGH,18.8,373,88,0
17/2/2023,Friday,KTPH,20.1,274,95.7,0
17/2/2023,Friday,NTFGH,9.4,307,90.3,0
17/2/2023,Friday,NUH(A),7.8,264,88.3,0
17/2/2023,Friday,SGH,4.6,335,86.5,0
17/2/2023,Friday,SKH,19.1,346,92,0
17/2/2023,Friday,TTSH,5.5,333,94.9,0
18/2/2023,Saturday,AH,3.4,36,92.6,0
18/2/2023,Saturday,CGH,12.8,325,86.8,0
18/2/2023,Saturday,KTPH,14.6,280,92.8,0
18/2/2023,Saturday,NTFGH,2.5,273,87.9,0
18/2/2023,Saturday,NUH(A),4.7,262,83.4,0
18/2/2023,Saturday,SGH,2.8,312,84.9,0
18/2/2023,Saturday,SKH,16.7,333,91.5,0
18/2/2023,Saturday,TTSH,4.4,329,95.7,0
19/2/2023,Sunday,AH,2.5,60,95,0
19/2/2023,Sunday,CGH,15.9,333,87.7,0
19/2/2023,Sunday,KTPH,2.5,317,96.2,0
19/2/2023,Sunday,NTFGH,2.2,281,91.1,0
19/2/2023,Sunday,NUH(A),3,216,84.6,0
19/2/2023,Sunday,SGH,2.3,305,86.1,0
19/2/2023,Sunday,SKH,12,357,93,0
19/2/2023,Sunday,TTSH,4.8,330,98.6,0
20/2/2023,Monday,AH,7.5,89,94.7,0
20/2/2023,Monday,CGH,17.2,442,88.9,0
20/2/2023,Monday,KTPH,6.2,356,98.3,0
20/2/2023,Monday,NTFGH,7.2,423,92.8,0
20/2/2023,Monday,NUH(A),4.9,327,87.6,0
20/2/2023,Monday,SGH,6.6,367,88.9,0
20/2/2023,Monday,SKH,17.9,375,91.5,0
20/2/2023,Monday,TTSH,7.2,423,98.4,0
21/2/2023,Tuesday,AH,4.6,72,94.7,0
21/2/2023,Tuesday,CGH,21.1,394,89.5,0
21/2/2023,Tuesday,KTPH,8,325,98.4,0
21/2/2023,Tuesday,NTFGH,20.5,351,92.1,0
21/2/2023,Tuesday,NUH(A),10.1,338,88.2,0
21/2/2023,Tuesday,SGH,12.2,322,90.2,0
21/2/2023,Tuesday,SKH,14.2,351,91.8,0
21/2/2023,Tuesday,TTSH,6.3,370,97.5,0
22/2/2023,Wednesday,AH,2.5,83,96.1,0
22/2/2023,Wednesday,CGH,14.8,377,87.9,0
22/2/2023,Wednesday,KTPH,4.8,352,95.6,0
22/2/2023,Wednesday,NTFGH,23,354,93.7,0
22/2/2023,Wednesday,NUH(A),8.7,274,88.7,0
22/2/2023,Wednesday,SGH,7.9,353,90,0
22/2/2023,Wednesday,SKH,15,356,91.5,0
22/2/2023,Wednesday,TTSH,5.4,371,97.3,0
23/2/2023,Thursday,AH,2.2,84,90.8,0
23/2/2023,Thursday,CGH,21.5,388,88.2,0
23/2/2023,Thursday,KTPH,4.7,322,94,0
23/2/2023,Thursday,NTFGH,19.2,321,93.4,0
23/2/2023,Thursday,NUH(A),9.7,303,89.1,0
23/2/2023,Thursday,SGH,7.6,328,90.7,0
23/2/2023,Thursday,SKH,9.2,309,90.6,0
23/2/2023,Thursday,TTSH,4.9,348,97.2,0
24/2/2023,Friday,AH,1.7,79,84.8,0
24/2/2023,Friday,CGH,15.6,370,87.6,0
24/2/2023,Friday,KTPH,2.7,305,93.1,0
24/2/2023,Friday,NTFGH,6,313,93,0
24/2/2023,Friday,NUH(A),7,306,87.7,0
24/2/2023,Friday,SGH,6,293,87.3,0
24/2/2023,Friday,SKH,4.1,330,87.5,0
24/2/2023,Friday,TTSH,5.1,384,92.4,0
25/2/2023,Saturday,AH,1.5,61,84.4,0
25/2/2023,Saturday,CGH,19.1,318,85.8,0
25/2/2023,Saturday,KTPH,2.3,311,89.8,0
25/2/2023,Saturday,NTFGH,4.2,254,92.5,0
25/2/2023,Saturday,NUH(A),4.3,275,84.2,0
25/2/2023,Saturday,SGH,2.3,292,83.9,0
25/2/2023,Saturday,SKH,3.1,313,85.7,0
25/2/2023,Saturday,TTSH,5,345,92.9,0
26/2/2023,Sunday,AH,1.4,49,84,0
26/2/2023,Sunday,CGH,11.9,342,86.8,0
26/2/2023,Sunday,KTPH,12.6,296,95,0
26/2/2023,Sunday,NTFGH,3.2,287,92.3,0
26/2/2023,Sunday,NUH(A),4.8,252,85.3,0
26/2/2023,Sunday,SGH,1.6,265,84.8,0
26/2/2023,Sunday,SKH,3.4,345,86.8,0
26/2/2023,Sunday,TTSH,4.3,315,95.8,0
27/2/2023,Monday,AH,2.1,70,89,0
27/2/2023,Monday,CGH,19.2,438,88.1,0
27/2/2023,Monday,KTPH,14.3,367,95.4,0
27/2/2023,Monday,NTFGH,8,402,92.5,0
27/2/2023,Monday,NUH(A),7,373,88.7,0
27/2/2023,Monday,SGH,5.1,358,88.4,0
27/2/2023,Monday,SKH,7.7,363,90.9,0
27/2/2023,Monday,TTSH,6.2,406,97.1,0
28/2/2023,Tuesday,AH,1.4,66,91.1,0
28/2/2023,Tuesday,CGH,14.7,350,88.5,0
28/2/2023,Tuesday,KTPH,16.5,350,96.2,0
28/2/2023,Tuesday,NTFGH,9.2,319,92.1,0
28/2/2023,Tuesday,NUH(A),7.7,292,89.1,0
28/2/2023,Tuesday,SGH,6.9,259,88.2,0
28/2/2023,Tuesday,SKH,9,330,91.9,0
28/2/2023,Tuesday,TTSH,6.2,337,96,0
1/3/2023,Wednesday,AH,3,55,84.4,0
1/3/2023,Wednesday,CGH,18.4,341,88.2,0
1/3/2023,Wednesday,KTPH,19.4,279,94.1,0
1/3/2023,Wednesday,NTFGH,7.4,316,93.6,0
1/3/2023,Wednesday,NUH(A),7.2,301,88.5,0
1/3/2023,Wednesday,SGH,6.3,296,88.2,0
1/3/2023,Wednesday,SKH,11.7,317,90.9,0
1/3/2023,Wednesday,TTSH,5.8,351,95.8,0
2/3/2023,Thursday,AH,2.5,49,85.5,0
2/3/2023,Thursday,CGH,8.4,348,87.8,0
2/3/2023,Thursday,KTPH,21.8,314,94.9,0
2/3/2023,Thursday,NTFGH,6.8,300,90.3,0
2/3/2023,Thursday,NUH(A),7,301,89.3,0
2/3/2023,Thursday,SGH,6.3,289,87.6,0
2/3/2023,Thursday,SKH,7.2,328,90.3,0
2/3/2023,Thursday,TTSH,5.4,392,95.7,0
3/3/2023,Friday,AH,1.5,47,82.3,0
3/3/2023,Friday,CGH,6.1,333,86.1,0
3/3/2023,Friday,KTPH,16.9,289,93.6,0
3/3/2023,Friday,NTFGH,3.2,289,86,0
3/3/2023,Friday,NUH(A),7.9,288,89.2,0
3/3/2023,Friday,SGH,3.4,305,85.7,0
3/3/2023,Friday,SKH,6.9,316,85.8,0
3/3/2023,Friday,TTSH,4.9,362,92.8,0
4/3/2023,Saturday,AH,0.8,52,79.4,0
4/3/2023,Saturday,CGH,3.9,341,85.7,0
4/3/2023,Saturday,KTPH,9.9,262,94.1,0
4/3/2023,Saturday,NTFGH,1.9,287,87.7,0
4/3/2023,Saturday,NUH(A),3.7,248,85.3,0
4/3/2023,Saturday,SGH,2.3,286,84.1,0
4/3/2023,Saturday,SKH,2.8,298,84.8,0
4/3/2023,Saturday,TTSH,4.2,286,91.5,0
5/3/2023,Sunday,AH,1.6,51,82.6,0
5/3/2023,Sunday,CGH,3.5,338,86.8,0
5/3/2023,Sunday,KTPH,9.7,274,96.9,0
5/3/2023,Sunday,NTFGH,2.8,311,90.4,0
5/3/2023,Sunday,NUH(A),3.1,262,86.7,0
5/3/2023,Sunday,SGH,2.2,278,85.4,0
5/3/2023,Sunday,SKH,1.8,312,85.7,0
5/3/2023,Sunday,TTSH,3.6,311,95.4,0
6/3/2023,Monday,AH,2.3,80,90.4,0
6/3/2023,Monday,CGH,10.1,425,89,0
6/3/2023,Monday,KTPH,12.8,399,96.8,0
6/3/2023,Monday,NTFGH,10.8,403,94.5,0
6/3/2023,Monday,NUH(A),5.2,351,89,0
6/3/2023,Monday,SGH,4.3,354,88.7,0
6/3/2023,Monday,SKH,3.2,379,88.1,0
6/3/2023,Monday,TTSH,4.7,398,95.9,0
7/3/2023,Tuesday,AH,3.1,81,93.3,0
7/3/2023,Tuesday,CGH,14,397,88.4,0
7/3/2023,Tuesday,KTPH,20.5,354,94.8,0
7/3/2023,Tuesday,NTFGH,19.4,352,91.7,0
7/3/2023,Tuesday,NUH(A),7.7,290,91.8,0
7/3/2023,Tuesday,SGH,4.7,320,87.9,0
7/3/2023,Tuesday,SKH,7.2,388,90.3,0
7/3/2023,Tuesday,TTSH,5.4,385,95.5,0
8/3/2023,Wednesday,AH,3,74,92.9,0
8/3/2023,Wednesday,CGH,18.3,356,88.3,0
8/3/2023,Wednesday,KTPH,20.3,344,93.8,0
8/3/2023,Wednesday,NTFGH,11.4,378,92.7,0
8/3/2023,Wednesday,NUH(A),10.8,313,91.5,0
8/3/2023,Wednesday,SGH,5.2,341,87.9,0
8/3/2023,Wednesday,SKH,8.2,324,91.5,0
8/3/2023,Wednesday,TTSH,5.3,375,96.5,0
9/3/2023,Thursday,AH,2.7,67,90.8,0
9/3/2023,Thursday,CGH,10.8,435,88.8,0
9/3/2023,Thursday,KTPH,24.5,347,94.2,0
9/3/2023,Thursday,NTFGH,8.3,338,92.5,0
9/3/2023,Thursday,NUH(A),8.8,309,91.6,0
9/3/2023,Thursday,SGH,4,329,88.9,0
9/3/2023,Thursday,SKH,5.3,352,91.8,0
9/3/2023,Thursday,TTSH,5.1,413,95.9,0
10/3/2023,Friday,AH,1.7,74,87.9,0
10/3/2023,Friday,CGH,12.1,377,87.7,0
10/3/2023,Friday,KTPH,18.5,333,94.6,0
10/3/2023,Friday,NTFGH,5.5,343,90.2,0
10/3/2023,Friday,NUH(A),7.7,292,90.4,0
10/3/2023,Friday,SGH,4.2,317,86.1,0
10/3/2023,Friday,SKH,7.2,335,91.1,0
10/3/2023,Friday,TTSH,5.8,364,95.5,0
11/3/2023,Saturday,AH,2.8,45,86.2,0
11/3/2023,Saturday,CGH,7.2,329,88.6,0
11/3/2023,Saturday,KTPH,20.6,309,96.3,0
11/3/2023,Saturday,NTFGH,3.1,299,90.4,0
11/3/2023,Saturday,NUH(A),4.8,252,86.8,0
11/3/2023,Saturday,SGH,4.3,305,84.4,0
11/3/2023,Saturday,SKH,4.7,341,89.3,0
11/3/2023,Saturday,TTSH,4,348,96.7,0
12/3/2023,Sunday,AH,1.7,70,93.6,0
12/3/2023,Sunday,CGH,14.5,330,87.7,0
12/3/2023,Sunday,KTPH,20.3,307,98.5,0
12/3/2023,Sunday,NTFGH,3.2,294,94,0
12/3/2023,Sunday,NUH(A),3.9,269,89.7,0
12/3/2023,Sunday,SGH,2.8,308,86,0
12/3/2023,Sunday,SKH,4,360,91.4,0
12/3/2023,Sunday,TTSH,4.7,348,99.9,0
13/3/2023,Monday,AH,2.8,84,95.7,0
13/3/2023,Monday,CGH,29.1,406,87.7,0
13/3/2023,Monday,KTPH,42.1,386,97.3,0
13/3/2023,Monday,NTFGH,8.5,401,91.2,0
13/3/2023,Monday,NUH(A),7.5,385,91.2,0
13/3/2023,Monday,SGH,7.8,411,87.8,0
13/3/2023,Monday,SKH,7.9,366,92.5,0
13/3/2023,Monday,TTSH,9.1,453,97.9,0
14/3/2023,Tuesday,AH,4.8,62,93.6,0
14/3/2023,Tuesday,CGH,17.4,418,88.8,0
14/3/2023,Tuesday,KTPH,32.9,366,97.9,0
14/3/2023,Tuesday,NTFGH,15.5,345,93.5,0
14/3/2023,Tuesday,NUH(A),9.4,326,92.2,0
14/3/2023,Tuesday,SGH,12.5,332,88.6,0
14/3/2023,Tuesday,SKH,18.4,350,91.3,0
14/3/2023,Tuesday,TTSH,6.4,381,98.7,0
15/3/2023,Wednesday,AH,2.3,90,89.4,0
15/3/2023,Wednesday,CGH,18.5,414,87.1,0
15/3/2023,Wednesday,KTPH,26.9,369,96.9,0
15/3/2023,Wednesday,NTFGH,7.9,332,92,0
15/3/2023,Wednesday,NUH(A),11.2,314,92.6,0
15/3/2023,Wednesday,SGH,4.6,321,88.7,0
15/3/2023,Wednesday,SKH,20.3,342,91.3,0
15/3/2023,Wednesday,TTSH,6.7,391,97.5,0
16/3/2023,Thursday,AH,1.8,63,84.4,0
16/3/2023,Thursday,CGH,17.6,370,90.5,0
16/3/2023,Thursday,KTPH,22.3,347,97.7,0
16/3/2023,Thursday,NTFGH,4.1,358,91.6,0
16/3/2023,Thursday,NUH(A),14.5,297,93.2,0
16/3/2023,Thursday,SGH,4.7,324,89.1,0
16/3/2023,Thursday,SKH,14.3,363,90.1,0
16/3/2023,Thursday,TTSH,6.3,376,97.4,0
17/3/2023,Friday,AH,1,58,79.8,0
17/3/2023,Friday,CGH,16.8,360,88.2,0
17/3/2023,Friday,KTPH,25.3,341,91.9,0
17/3/2023,Friday,NTFGH,4,337,88.3,0
17/3/2023,Friday,NUH(A),10.7,295,90,0
17/3/2023,Friday,SGH,5.6,337,87,0
17/3/2023,Friday,SKH,9.6,364,87,0
17/3/2023,Friday,TTSH,4.8,368,91.9,0
18/3/2023,Saturday,AH,1.4,42,84,0
18/3/2023,Saturday,CGH,13.6,333,87.8,0
18/3/2023,Saturday,KTPH,20.3,332,97.6,0
18/3/2023,Saturday,NTFGH,1.9,311,89.7,0
18/3/2023,Saturday,NUH(A),8.3,281,89,0
18/3/2023,Saturday,SGH,3,297,85.9,0
18/3/2023,Saturday,SKH,7.7,326,87.1,0
18/3/2023,Saturday,TTSH,4.1,346,94.9,0
19/3/2023,Sunday,AH,1.5,57,85.1,0
19/3/2023,Sunday,CGH,7.7,365,89.4,0
19/3/2023,Sunday,KTPH,15.3,314,99.6,0
19/3/2023,Sunday,NTFGH,2.4,305,91.9,0
19/3/2023,Sunday,NUH(A),7.1,287,90.5,0
19/3/2023,Sunday,SGH,2.5,316,86.8,0
19/3/2023,Sunday,SKH,3,358,89.7,0
19/3/2023,Sunday,TTSH,4.6,311,96.9,0
20/3/2023,Monday,AH,1.7,97,91.8,0
20/3/2023,Monday,CGH,20,468,89.5,0
20/3/2023,Monday,KTPH,24.2,414,99.9,0
20/3/2023,Monday,NTFGH,6.7,396,93.3,0
20/3/2023,Monday,NUH(A),11.1,373,91.8,0
20/3/2023,Monday,SGH,7.8,379,88.5,0
20/3/2023,Monday,SKH,15.7,391,90.6,0
20/3/2023,Monday,TTSH,5.7,450,96.5,0
21/3/2023,Tuesday,AH,1.8,67,90.1,0
21/3/2023,Tuesday,CGH,17.1,346,91.4,0
21/3/2023,Tuesday,KTPH,34.5,347,98,0
21/3/2023,Tuesday,NTFGH,10.7,397,92.8,0
21/3/2023,Tuesday,NUH(A),11.6,324,92.2,0
21/3/2023,Tuesday,SGH,8.1,336,89.1,0
21/3/2023,Tuesday,SKH,18.1,350,91.9,0
21/3/2023,Tuesday,TTSH,5.7,381,98.3,0
22/3/2023,Wednesday,AH,2.3,80,88.3,0
22/3/2023,Wednesday,CGH,17.3,402,89.8,0
22/3/2023,Wednesday,KTPH,32.3,359,96.6,0
22/3/2023,Wednesday,NTFGH,8.7,347,90.5,0
22/3/2023,Wednesday,NUH(A),6.2,297,92.5,0
22/3/2023,Wednesday,SGH,8.8,346,90.7,0
22/3/2023,Wednesday,SKH,20,328,91.5,0
22/3/2023,Wednesday,TTSH,4.9,392,95.7,0
23/3/2023,Thursday,AH,2,89,91.1,0
23/3/2023,Thursday,CGH,15.9,366,89.6,0
23/3/2023,Thursday,KTPH,26.1,355,96.8,0
23/3/2023,Thursday,NTFGH,4.7,347,90.5,0
23/3/2023,Thursday,NUH(A),4.9,319,92.2,0
23/3/2023,Thursday,SGH,8,308,90.2,0
23/3/2023,Thursday,SKH,22,327,92.6,0
23/3/2023,Thursday,TTSH,5.3,383,98.7,0
24/3/2023,Friday,AH,1.4,69,88.7,0
24/3/2023,Friday,CGH,14.8,351,88.6,0
24/3/2023,Friday,KTPH,25.2,298,94.5,0
24/3/2023,Friday,NTFGH,3.7,327,86.4,0
24/3/2023,Friday,NUH(A),4.4,287,89.8,0
24/3/2023,Friday,SGH,7.7,321,87.9,0
24/3/2023,Friday,SKH,17.5,355,90.8,0
24/3/2023,Friday,TTSH,5.6,388,93.8,0
25/3/2023,Saturday,AH,1.8,60,87.2,0
25/3/2023,Saturday,CGH,11.9,329,87.4,0
25/3/2023,Saturday,KTPH,21.5,278,97.3,0
25/3/2023,Saturday,NTFGH,2.2,288,90.4,0
25/3/2023,Saturday,NUH(A),4.2,289,86.2,0
25/3/2023,Saturday,SGH,3.4,276,85.5,0
25/3/2023,Saturday,SKH,7.2,315,89.5,0
25/3/2023,Saturday,TTSH,5.1,343,97.1,0
26/3/2023,Sunday,AH,2.6,57,85.8,0
26/3/2023,Sunday,CGH,15.5,344,88.9,0
26/3/2023,Sunday,KTPH,29.6,330,99.6,0
26/3/2023,Sunday,NTFGH,5,302,90.7,0
26/3/2023,Sunday,NUH(A),3.6,275,86.9,0
26/3/2023,Sunday,SGH,2.2,277,84.9,0
26/3/2023,Sunday,SKH,11.3,326,91.9,0
26/3/2023,Sunday,TTSH,5.2,344,99.6,0
27/3/2023,Monday,AH,3.1,85,92.6,0
27/3/2023,Monday,CGH,12.9,419,89.2,0
27/3/2023,Monday,KTPH,40,412,99.4,0
27/3/2023,Monday,NTFGH,14.2,393,92.7,0
27/3/2023,Monday,NUH(A),8.4,331,89.8,0
27/3/2023,Monday,SGH,5.7,379,87.4,0
27/3/2023,Monday,SKH,4.8,369,91.5,0
27/3/2023,Monday,TTSH,9.8,388,99.1,0
28/3/2023,Tuesday,AH,2,59,89.4,0
28/3/2023,Tuesday,CGH,18.8,380,89.2,0
28/3/2023,Tuesday,KTPH,31.7,353,96.3,0
28/3/2023,Tuesday,NTFGH,12.7,349,93,0
28/3/2023,Tuesday,NUH(A),9.3,319,90.2,0
28/3/2023,Tuesday,SGH,6.4,334,87.3,0
28/3/2023,Tuesday,SKH,20.7,351,90.2,0
28/3/2023,Tuesday,TTSH,8.9,393,96.8,0
29/3/2023,Wednesday,AH,2.7,80,88.7,0
29/3/2023,Wednesday,CGH,20.5,371,89.1,0
29/3/2023,Wednesday,KTPH,28.9,345,98.4,0
29/3/2023,Wednesday,NTFGH,9.7,335,93.4,0
29/3/2023,Wednesday,NUH(A),7.7,294,92.7,0
29/3/2023,Wednesday,SGH,3.1,299,86.9,0
29/3/2023,Wednesday,SKH,16.3,337,88.3,0
29/3/2023,Wednesday,TTSH,7.3,383,97.4,0
30/3/2023,Thursday,AH,1.6,62,87.9,0
30/3/2023,Thursday,CGH,19.7,359,89.3,0
30/3/2023,Thursday,KTPH,29.5,287,97.4,0
30/3/2023,Thursday,NTFGH,9.2,368,92.4,0
30/3/2023,Thursday,NUH(A),4,279,90.4,0
30/3/2023,Thursday,SGH,2.7,316,85.7,0
30/3/2023,Thursday,SKH,14.1,339,90.2,0
30/3/2023,Thursday,TTSH,7.2,375,98.6,0
31/3/2023,Friday,AH,1.7,47,82.3,0
31/3/2023,Friday,CGH,9.5,354,89.2,0
31/3/2023,Friday,KTPH,27.3,319,97.9,0
31/3/2023,Friday,NTFGH,7.1,292,91.1,0
31/3/2023,Friday,NUH(A),5.2,293,90.7,0
31/3/2023,Friday,SGH,2.6,304,83.5,0
31/3/2023,Friday,SKH,8.2,328,89.1,0
31/3/2023,Friday,TTSH,5.8,374,95.9,0
1/4/2023,Saturday,AH,1.3,55,83,0
1/4/2023,Saturday,CGH,6.8,334,88.3,0
1/4/2023,Saturday,KTPH,26.4,276,97.9,0
1/4/2023,Saturday,NTFGH,3,285,91.3,0
1/4/2023,Saturday,NUH(A),3.8,263,86.8,0
1/4/2023,Saturday,SGH,2.8,326,81.3,0
1/4/2023,Saturday,SKH,6,288,86.9,0
1/4/2023,Saturday,TTSH,4.8,328,98.1,0
2/4/2023,Sunday,AH,3.8,44,86.2,0
2/4/2023,Sunday,CGH,10.8,359,89.1,0
2/4/2023,Sunday,KTPH,31.3,307,100,0
2/4/2023,Sunday,NTFGH,3.1,288,92.6,0
2/4/2023,Sunday,NUH(A),2.7,260,87.2,0
2/4/2023,Sunday,SGH,2,277,83.3,0
2/4/2023,Sunday,SKH,7.9,328,87.5,0
2/4/2023,Sunday,TTSH,5,381,99.2,0
3/4/2023,Monday,AH,3,69,90.1,0
3/4/2023,Monday,CGH,19.8,391,88.5,0
3/4/2023,Monday,KTPH,22.9,394,100,0
3/4/2023,Monday,NTFGH,13.5,388,94.2,0
3/4/2023,Monday,NUH(A),4.8,344,89.6,0
3/4/2023,Monday,SGH,3.8,367,85.4,0
3/4/2023,Monday,SKH,14.8,393,89,0
3/4/2023,Monday,TTSH,8.7,424,99.2,0
4/4/2023,Tuesday,AH,3.5,58,86.9,0
4/4/2023,Tuesday,CGH,19.1,379,89.1,0
4/4/2023,Tuesday,KTPH,28.6,354,99.7,0
4/4/2023,Tuesday,NTFGH,14.1,345,94.3,0
4/4/2023,Tuesday,NUH(A),4.8,334,91.6,0
4/4/2023,Tuesday,SGH,5.6,321,87.4,0
4/4/2023,Tuesday,SKH,13.1,344,89,0
4/4/2023,Tuesday,TTSH,8.9,368,98.1,0
5/4/2023,Wednesday,AH,1.8,82,84.8,0
5/4/2023,Wednesday,CGH,14.6,377,89.2,0
5/4/2023,Wednesday,KTPH,20.9,317,100,0
5/4/2023,Wednesday,NTFGH,7.2,368,94.6,0
5/4/2023,Wednesday,NUH(A),4,290,88.7,0
5/4/2023,Wednesday,SGH,4.6,291,87.7,0
5/4/2023,Wednesday,SKH,24.7,352,88.4,0
5/4/2023,Wednesday,TTSH,5.9,358,97.1,0
6/4/2023,Thursday,AH,1.4,44,81.6,0
6/4/2023,Thursday,CGH,14.2,358,88.2,0
6/4/2023,Thursday,KTPH,18.4,312,100,0
6/4/2023,Thursday,NTFGH,12.1,355,93.1,0
6/4/2023,Thursday,NUH(A),3.5,314,87.6,0
6/4/2023,Thursday,SGH,4.9,337,84.9,0
6/4/2023,Thursday,SKH,16.2,330,87.9,0
6/4/2023,Thursday,TTSH,5.8,369,94.5,0
7/4/2023,Friday,AH,1.8,58,84,1
7/4/2023,Friday,CGH,7.6,284,88,1
7/4/2023,Friday,KTPH,15.7,268,100,1
7/4/2023,Friday,NTFGH,11,271,94.1,1
7/4/2023,Friday,NUH(A),3.5,263,82.1,1
7/4/2023,Friday,SGH,2.9,261,85.1,1
7/4/2023,Friday,SKH,18.3,294,85.9,1
7/4/2023,Friday,TTSH,4.5,359,95,1
8/4/2023,Saturday,AH,1.1,57,90.4,0
8/4/2023,Saturday,CGH,2.6,333,88.2,0
8/4/2023,Saturday,KTPH,6.4,302,100,0
8/4/2023,Saturday,NTFGH,6.3,322,93.8,0
8/4/2023,Saturday,NUH(A),3.1,285,83.4,0
8/4/2023,Saturday,SGH,5,306,84.8,0
8/4/2023,Saturday,SKH,6.4,347,84.4,0
8/4/2023,Saturday,TTSH,5,361,95.1,0
9/4/2023,Sunday,AH,3,74,87.9,0
9/4/2023,Sunday,CGH,6.3,343,89.1,0
9/4/2023,Sunday,KTPH,4.4,323,100,0
9/4/2023,Sunday,NTFGH,16.8,311,94.7,0
9/4/2023,Sunday,NUH(A),3,270,84.3,0
9/4/2023,Sunday,SGH,3.3,292,84.8,0
9/4/2023,Sunday,SKH,18.5,348,85.8,0
9/4/2023,Sunday,TTSH,5.6,367,99,0
10/4/2023,Monday,AH,3,93,92.2,0
10/4/2023,Monday,CGH,15.9,483,89,0
10/4/2023,Monday,KTPH,29,376,100,0
10/4/2023,Monday,NTFGH,25.5,386,93.5,0
10/4/2023,Monday,NUH(A),7.5,341,88.6,0
10/4/2023,Monday,SGH,8.1,398,88.3,0
10/4/2023,Monday,SKH,26.5,359,87.8,0
10/4/2023,Monday,TTSH,9.5,419,99.3,0
11/4/2023,Tuesday,AH,3,72,91.5,0
11/4/2023,Tuesday,CGH,16,410,90.8,0
11/4/2023,Tuesday,KTPH,22.1,361,100,0
11/4/2023,Tuesday,NTFGH,19.9,357,93.5,0
11/4/2023,Tuesday,NUH(A),11.1,311,90.7,0
11/4/2023,Tuesday,SGH,8.5,365,88.5,0
11/4/2023,Tuesday,SKH,26.9,344,86.8,0
11/4/2023,Tuesday,TTSH,10.4,390,97.5,0
12/4/2023,Wednesday,AH,3,81,91.1,0
12/4/2023,Wednesday,CGH,17.9,357,89.9,0
12/4/2023,Wednesday,KTPH,23.1,354,100,0
12/4/2023,Wednesday,NTFGH,17.1,348,92.7,0
12/4/2023,Wednesday,NUH(A),14.9,326,89.8,0
12/4/2023,Wednesday,SGH,6.6,307,87,0
12/4/2023,Wednesday,SKH,21.8,320,86,0
12/4/2023,Wednesday,TTSH,5.4,435,96.4,0
13/4/2023,Thursday,AH,3,69,92.9,0
13/4/2023,Thursday,CGH,17.2,379,90.3,0
13/4/2023,Thursday,KTPH,22.2,369,100,0
13/4/2023,Thursday,NTFGH,12.5,376,92.8,0
13/4/2023,Thursday,NUH(A),7.7,297,90.4,0
13/4/2023,Thursday,SGH,4.2,307,86.1,0
13/4/2023,Thursday,SKH,16.4,328,83.7,0
13/4/2023,Thursday,TTSH,5.2,378,95.4,0
14/4/2023,Friday,AH,3,56,91.8,0
14/4/2023,Friday,CGH,15.4,401,89.8,0
14/4/2023,Friday,KTPH,26.2,295,95.7,0
14/4/2023,Friday,NTFGH,9.1,361,91.1,0
14/4/2023,Friday,NUH(A),4.3,288,88.8,0
14/4/2023,Friday,SGH,3.8,330,83.4,0
14/4/2023,Friday,SKH,13,340,82.1,0
14/4/2023,Friday,TTSH,6.6,379,93.1,0
15/4/2023,Saturday,AH,3,69,89.4,0
15/4/2023,Saturday,CGH,10.7,322,90.5,0
15/4/2023,Saturday,KTPH,9.9,297,100,0
15/4/2023,Saturday,NTFGH,6,326,94,0
15/4/2023,Saturday,NUH(A),3.4,250,84.5,0
15/4/2023,Saturday,SGH,3.7,303,81.3,0
15/4/2023,Saturday,SKH,6.7,343,83,0
15/4/2023,Saturday,TTSH,5.2,320,92.8,0
16/4/2023,Sunday,AH,1.7,66,89.4,0
16/4/2023,Sunday,CGH,11.2,354,91,0
16/4/2023,Sunday,KTPH,13,288,100,0
16/4/2023,Sunday,NTFGH,11.2,307,94.3,0
16/4/2023,Sunday,NUH(A),4.4,284,86.1,0
16/4/2023,Sunday,SGH,2.8,299,83.3,0
16/4/2023,Sunday,SKH,8.8,316,83.7,0
16/4/2023,Sunday,TTSH,4.1,380,95,0
17/4/2023,Monday,AH,3.2,92,89.7,0
17/4/2023,Monday,CGH,24.5,447,89.4,0
17/4/2023,Monday,KTPH,26.3,395,100,0
17/4/2023,Monday,NTFGH,24.7,375,94.7,0
17/4/2023,Monday,NUH(A),9.5,336,86.1,0
17/4/2023,Monday,SGH,7.3,390,86.1,0
17/4/2023,Monday,SKH,9.8,379,85.4,0
17/4/2023,Monday,TTSH,6.8,437,95.7,0
18/4/2023,Tuesday,AH,2.9,64,93.6,0
18/4/2023,Tuesday,CGH,18,371,89.5,0
18/4/2023,Tuesday,KTPH,23.2,365,100,0
18/4/2023,Tuesday,NTFGH,28,358,92.9,0
18/4/2023,Tuesday,NUH(A),7.8,306,90.6,0
18/4/2023,Tuesday,SGH,5.1,329,87.3,0
18/4/2023,Tuesday,SKH,10.9,351,84.1,0
18/4/2023,Tuesday,TTSH,10.8,394,97.1,0
19/4/2023,Wednesday,AH,2.7,80,92.9,0
19/4/2023,Wednesday,CGH,16.8,357,89.6,0
19/4/2023,Wednesday,KTPH,20.9,358,97.9,0
19/4/2023,Wednesday,NTFGH,18.7,321,93.6,0
19/4/2023,Wednesday,NUH(A),8.1,301,89.8,0
19/4/2023,Wednesday,SGH,2.9,314,85.9,0
19/4/2023,Wednesday,SKH,10.2,329,82.2,0
19/4/2023,Wednesday,TTSH,8,374,98.3,0
20/4/2023,Thursday,AH,1.8,62,89.7,0
20/4/2023,Thursday,CGH,16.9,349,88.3,0
20/4/2023,Thursday,KTPH,18.3,342,99.5,0
20/4/2023,Thursday,NTFGH,22.1,332,92.8,0
20/4/2023,Thursday,NUH(A),9.1,272,89.7,0
20/4/2023,Thursday,SGH,2.9,315,83.1,0
20/4/2023,Thursday,SKH,11.7,363,82.6,0
20/4/2023,Thursday,TTSH,6.7,374,96.4,0
21/4/2023,Friday,AH,1.6,62,86.9,0
21/4/2023,Friday,CGH,5.7,306,85.9,0
21/4/2023,Friday,KTPH,17.4,302,95.6,0
21/4/2023,Friday,NTFGH,8,310,91.5,0
21/4/2023,Friday,NUH(A),4.9,292,84.5,0
21/4/2023,Friday,SGH,1.5,304,78.7,0
21/4/2023,Friday,SKH,7.7,361,79.2,0
21/4/2023,Friday,TTSH,4.7,346,92.6,0
22/4/2023,Saturday,AH,1.6,65,89.4,1
22/4/2023,Saturday,CGH,2.5,315,89.1,1
22/4/2023,Saturday,KTPH,8.7,256,97.8,1
22/4/2023,Saturday,NTFGH,4.3,254,93.2,1
22/4/2023,Saturday,NUH(A),3,240,82.9,1
22/4/2023,Saturday,SGH,1.2,269,76.2,1
22/4/2023,Saturday,SKH,5.2,298,81.3,1
22/4/2023,Saturday,TTSH,4.6,352,90,1
23/4/2023,Sunday,AH,2.1,62,92.9,0
23/4/2023,Sunday,CGH,5.9,337,90.1,0
23/4/2023,Sunday,KTPH,2.4,305,99.6,0
23/4/2023,Sunday,NTFGH,4.7,297,93.9,0
23/4/2023,Sunday,NUH(A),2.4,291,86.5,0
23/4/2023,Sunday,SGH,1.6,299,82.1,0
23/4/2023,Sunday,SKH,5.9,290,82.2,0
23/4/2023,Sunday,TTSH,5.6,360,94.8,0
24/4/2023,Monday,AH,2.5,76,94,0
24/4/2023,Monday,CGH,9.9,379,90.2,0
24/4/2023,Monday,KTPH,8.8,395,100,0
24/4/2023,Monday,NTFGH,10.8,346,93.5,0
24/4/2023,Monday,NUH(A),5.5,326,88.4,0
24/4/2023,Monday,SGH,2,348,85.4,0
24/4/2023,Monday,SKH,8.4,360,84.2,0
24/4/2023,Monday,TTSH,6.7,455,95.3,0
25/4/2023,Tuesday,AH,6.5,70,93.3,0
25/4/2023,Tuesday,CGH,15.1,427,89.7,0
25/4/2023,Tuesday,KTPH,16.6,349,100,0
25/4/2023,Tuesday,NTFGH,22.9,363,90.8,0
25/4/2023,Tuesday,NUH(A),7.4,311,88,0
25/4/2023,Tuesday,SGH,2.9,361,86.1,0
25/4/2023,Tuesday,SKH,9,352,84.4,0
25/4/2023,Tuesday,TTSH,9,394,94,0
26/4/2023,Wednesday,AH,2.2,64,91.1,0
26/4/2023,Wednesday,CGH,13.6,412,89.9,0
26/4/2023,Wednesday,KTPH,20.6,342,100,0
26/4/2023,Wednesday,NTFGH,26.2,322,89.9,0
26/4/2023,Wednesday,NUH(A),5.9,305,86.9,0
26/4/2023,Wednesday,SGH,4,323,88.2,0
26/4/2023,Wednesday,SKH,7.9,352,85,0
26/4/2023,Wednesday,TTSH,7.2,376,95.6,0
27/4/2023,Thursday,AH,2.5,68,94.3,0
27/4/2023,Thursday,CGH,22.6,374,90.3,0
27/4/2023,Thursday,KTPH,20.1,310,100,0
27/4/2023,Thursday,NTFGH,22.6,307,94.2,0
27/4/2023,Thursday,NUH(A),9.3,304,88.3,0
27/4/2023,Thursday,SGH,2.6,299,87.9,0
27/4/2023,Thursday,SKH,8.4,352,82.9,0
27/4/2023,Thursday,TTSH,6.1,414,95.2,0
28/4/2023,Friday,AH,3,75,91.1,0
28/4/2023,Friday,CGH,19.3,361,89.1,0
28/4/2023,Friday,KTPH,19.1,294,98.4,0
28/4/2023,Friday,NTFGH,12.2,329,94.6,0
28/4/2023,Friday,NUH(A),5.7,311,86.9,0
28/4/2023,Friday,SGH,1.8,305,85,0
28/4/2023,Friday,SKH,8.1,371,82.6,0
28/4/2023,Friday,TTSH,8,362,93.9,0
29/4/2023,Saturday,AH,1.8,69,89,0
29/4/2023,Saturday,CGH,15.2,361,89.5,0
29/4/2023,Saturday,KTPH,12,262,100,0
29/4/2023,Saturday,NTFGH,12.1,274,93.8,0
29/4/2023,Saturday,NUH(A),4.2,247,86.5,0
29/4/2023,Saturday,SGH,2.3,284,80,0
29/4/2023,Saturday,SKH,7.8,281,81.5,0
29/4/2023,Saturday,TTSH,4.1,318,91.8,0
30/4/2023,Sunday,AH,7.2,60,87.9,0
30/4/2023,Sunday,CGH,30.7,338,88.9,0
30/4/2023,Sunday,KTPH,13.2,283,100,0
30/4/2023,Sunday,NTFGH,16.3,248,95.7,0
30/4/2023,Sunday,NUH(A),4.2,291,85.2,0
30/4/2023,Sunday,SGH,1.6,262,81.2,0
30/4/2023,Sunday,SKH,4.9,326,83.5,0
30/4/2023,Sunday,TTSH,4.4,352,93.3,0
1/5/2023,Monday,AH,1.8,65,86.5,1
1/5/2023,Monday,CGH,18.1,331,89.7,1
1/5/2023,Monday,KTPH,8.4,345,100,1
1/5/2023,Monday,NTFGH,21.3,288,94.5,1
1/5/2023,Monday,NUH(A),4.6,289,86.9,1
1/5/2023,Monday,SGH,2.1,344,84.8,1
1/5/2023,Monday,SKH,6.4,346,85.9,1
1/5/2023,Monday,TTSH,6.1,369,96,1
2/5/2023,Tuesday,AH,1.5,93,89.4,0
2/5/2023,Tuesday,CGH,27.3,410,89.6,0
2/5/2023,Tuesday,KTPH,20.6,398,100,0
2/5/2023,Tuesday,NTFGH,25.5,382,95.5,0
2/5/2023,Tuesday,NUH(A),8.7,359,88.9,0
2/5/2023,Tuesday,SGH,6.6,377,90.7,0
2/5/2023,Tuesday,SKH,7.3,414,89.5,0
2/5/2023,Tuesday,TTSH,8.6,465,99.4,0
3/5/2023,Wednesday,AH,2.1,76,92.6,0
3/5/2023,Wednesday,CGH,22.1,353,88.8,0
3/5/2023,Wednesday,KTPH,21.8,320,100,0
3/5/2023,Wednesday,NTFGH,23.4,326,91.8,0
3/5/2023,Wednesday,NUH(A),9.3,330,90.3,0
3/5/2023,Wednesday,SGH,8.4,313,90,0
3/5/2023,Wednesday,SKH,14.5,328,86.7,0
3/5/2023,Wednesday,TTSH,13.2,371,97.5,0
4/5/2023,Thursday,AH,5.5,74,94,0
4/5/2023,Thursday,CGH,16.4,379,89.4,0
4/5/2023,Thursday,KTPH,22.3,337,100,0
4/5/2023,Thursday,NTFGH,24.8,344,93.6,0
4/5/2023,Thursday,NUH(A),8.2,315,91.3,0
4/5/2023,Thursday,SGH,5,320,90.5,0
4/5/2023,Thursday,SKH,12.4,347,85.6,0
4/5/2023,Thursday,TTSH,9.8,377,96.8,0
5/5/2023,Friday,AH,2,61,88.7,0
5/5/2023,Friday,CGH,19.6,369,88.9,0
5/5/2023,Friday,KTPH,18.1,329,99.9,0
5/5/2023,Friday,NTFGH,21.1,324,94.4,0
5/5/2023,Friday,NUH(A),9.8,279,89.6,0
5/5/2023,Friday,SGH,3.6,280,88.3,0
5/5/2023,Friday,SKH,15.5,322,80.2,0
5/5/2023,Friday,TTSH,7.6,357,93.8,0
6/5/2023,Saturday,AH,2,56,95.4,0
6/5/2023,Saturday,CGH,20.1,338,87.9,0
6/5/2023,Saturday,KTPH,16.9,285,100,0
6/5/2023,Saturday,NTFGH,18.8,282,94.6,0
6/5/2023,Saturday,NUH(A),3.3,272,87.2,0
6/5/2023,Saturday,SGH,1.9,285,83.1,0
6/5/2023,Saturday,SKH,11.6,316,80.7,0
6/5/2023,Saturday,TTSH,5.8,363,93.4,0
7/5/2023,Sunday,AH,1.8,72,90.1,0
7/5/2023,Sunday,CGH,14.9,355,88.9,0
7/5/2023,Sunday,KTPH,10,246,100,0
7/5/2023,Sunday,NTFGH,23.5,302,95,0
7/5/2023,Sunday,NUH(A),2.6,255,88.1,0
7/5/2023,Sunday,SGH,1.2,295,83.6,0
7/5/2023,Sunday,SKH,3.5,314,83.5,0
7/5/2023,Sunday,TTSH,8.2,376,97.6,0
8/5/2023,Monday,AH,2.2,98,94.3,0
8/5/2023,Monday,CGH,25.1,442,87.8,0
8/5/2023,Monday,KTPH,12.5,409,100,0
8/5/2023,Monday,NTFGH,38,368,94.4,0
8/5/2023,Monday,NUH(A),7,363,89.2,0
8/5/2023,Monday,SGH,3.4,398,91,0
8/5/2023,Monday,SKH,9.8,382,85.3,0
8/5/2023,Monday,TTSH,8.5,413,98,0
9/5/2023,Tuesday,AH,1.3,92,88.7,0
9/5/2023,Tuesday,CGH,18.3,379,86.5,0
9/5/2023,Tuesday,KTPH,27.1,331,100,0
9/5/2023,Tuesday,NTFGH,31,347,95,0
9/5/2023,Tuesday,NUH(A),11,306,89.7,0
9/5/2023,Tuesday,SGH,6.4,327,92.2,0
9/5/2023,Tuesday,SKH,7.3,352,85.3,0
9/5/2023,Tuesday,TTSH,8.2,390,96.8,0
10/5/2023,Wednesday,AH,1.9,73,88.7,0
10/5/2023,Wednesday,CGH,26.4,380,84.6,0
10/5/2023,Wednesday,KTPH,20.6,360,100,0
10/5/2023,Wednesday,NTFGH,27.1,350,93.9,0
10/5/2023,Wednesday,NUH(A),10,291,90.4,0
10/5/2023,Wednesday,SGH,5,325,91.1,0
10/5/2023,Wednesday,SKH,8.7,365,84.8,0
10/5/2023,Wednesday,TTSH,8.3,368,95.8,0
11/5/2023,Thursday,AH,1.4,72,89.7,0
11/5/2023,Thursday,CGH,19.5,372,84.3,0
11/5/2023,Thursday,KTPH,17.4,325,100,0
11/5/2023,Thursday,NTFGH,20.5,306,94.8,0
11/5/2023,Thursday,NUH(A),8.9,298,90.9,0
11/5/2023,Thursday,SGH,6.1,336,91.9,0
11/5/2023,Thursday,SKH,13.9,368,84,0
11/5/2023,Thursday,TTSH,7.6,393,95.4,0
12/5/2023,Friday,AH,2.5,65,85.1,0
12/5/2023,Friday,CGH,17.8,352,84.3,0
12/5/2023,Friday,KTPH,19.8,310,100,0
12/5/2023,Friday,NTFGH,11.1,367,93.3,0
12/5/2023,Friday,NUH(A),7.4,248,87.7,0
12/5/2023,Friday,SGH,3.5,308,87.4,0
12/5/2023,Friday,SKH,13.6,339,83.2,0
12/5/2023,Friday,TTSH,7,389,94.4,0
13/5/2023,Saturday,AH,2.5,52,85.8,0
13/5/2023,Saturday,CGH,6.4,359,85.1,0
13/5/2023,Saturday,KTPH,13.7,285,100,0
13/5/2023,Saturday,NTFGH,19.7,279,93.7,0
13/5/2023,Saturday,NUH(A),3.3,262,84.3,0
13/5/2023,Saturday,SGH,2.3,308,85.8,0
13/5/2023,Saturday,SKH,8.2,329,83.3,0
13/5/2023,Saturday,TTSH,8,381,95.1,0
14/5/2023,Sunday,AH,1.2,61,89.7,0
14/5/2023,Sunday,CGH,11.7,302,84.2,0
14/5/2023,Sunday,KTPH,5.3,289,100,0
14/5/2023,Sunday,NTFGH,6.9,293,93.6,0
14/5/2023,Sunday,NUH(A),3.7,236,87.8,0
14/5/2023,Sunday,SGH,2.8,286,88.7,0
14/5/2023,Sunday,SKH,5.8,309,85.9,0
14/5/2023,Sunday,TTSH,7.5,361,98.2,0
15/5/2023,Monday,AH,2,90,89.4,0
15/5/2023,Monday,CGH,20.4,394,83.8,0
15/5/2023,Monday,KTPH,20.6,378,100,0
15/5/2023,Monday,NTFGH,27.6,405,92.4,0
15/5/2023,Monday,NUH(A),6.8,338,89.2,0
15/5/2023,Monday,SGH,7.9,379,93.4,0
15/5/2023,Monday,SKH,8.9,372,86.8,0
15/5/2023,Monday,TTSH,8,397,97.7,0
16/5/2023,Tuesday,AH,3,83,90.8,0
16/5/2023,Tuesday,CGH,24.2,380,83.4,0
16/5/2023,Tuesday,KTPH,23.1,342,100,0
16/5/2023,Tuesday,NTFGH,14,363,93.9,0
16/5/2023,Tuesday,NUH(A),8.6,311,89,0
16/5/2023,Tuesday,SGH,5.9,313,91.8,0
16/5/2023,Tuesday,SKH,22.6,317,88.3,0
16/5/2023,Tuesday,TTSH,10.2,386,97.8,0
17/5/2023,Wednesday,AH,2.5,72,91.8,0
17/5/2023,Wednesday,CGH,18.7,363,84.3,0
17/5/2023,Wednesday,KTPH,14.9,327,100,0
17/5/2023,Wednesday,NTFGH,22.1,298,93.7,0
17/5/2023,Wednesday,NUH(A),9.9,297,89.8,0
17/5/2023,Wednesday,SGH,5.1,321,91.8,0
17/5/2023,Wednesday,SKH,24,349,86.2,0
17/5/2023,Wednesday,TTSH,9.3,380,99,0
18/5/2023,Thursday,AH,2.1,73,91.8,0
18/5/2023,Thursday,CGH,18.9,384,85,0
18/5/2023,Thursday,KTPH,14,326,100,0
18/5/2023,Thursday,NTFGH,14,327,94.8,0
18/5/2023,Thursday,NUH(A),9.7,304,89.4,0
18/5/2023,Thursday,SGH,3.9,346,88.6,0
18/5/2023,Thursday,SKH,19.1,339,86.5,0
18/5/2023,Thursday,TTSH,7.4,352,96.2,0
19/5/2023,Friday,AH,2.4,73,91.5,0
19/5/2023,Friday,CGH,17.9,332,83.3,0
19/5/2023,Friday,KTPH,17.2,320,97.9,0
19/5/2023,Friday,NTFGH,12.8,293,93.3,0
19/5/2023,Friday,NUH(A),8.7,294,90,0
19/5/2023,Friday,SGH,3.8,282,85.8,0
19/5/2023,Friday,SKH,6.1,332,86,0
19/5/2023,Friday,TTSH,5.6,364,95,0
20/5/2023,Saturday,AH,4.2,58,91.8,0
20/5/2023,Saturday,CGH,4.2,285,83.9,0
20/5/2023,Saturday,KTPH,4,231,100,0
20/5/2023,Saturday,NTFGH,4.7,273,93.5,0
20/5/2023,Saturday,NUH(A),8.5,268,88.4,0
20/5/2023,Saturday,SGH,1.7,286,82.4,0
20/5/2023,Saturday,SKH,7.8,309,85.8,0
20/5/2023,Saturday,TTSH,4.2,304,94.6,0
21/5/2023,Sunday,AH,3.4,73,93.3,0
21/5/2023,Sunday,CGH,6.5,316,84.5,0
21/5/2023,Sunday,KTPH,6.3,290,100,0
21/5/2023,Sunday,NTFGH,5,250,93.7,0
21/5/2023,Sunday,NUH(A),12.1,220,89.1,0
21/5/2023,Sunday,SGH,1.9,243,83.8,0
21/5/2023,Sunday,SKH,2.7,311,88.6,0
21/5/2023,Sunday,TTSH,4,276,95.9,0
22/5/2023,Monday,AH,4.1,62,95.4,0
22/5/2023,Monday,CGH,9.6,410,84.7,0
22/5/2023,Monday,KTPH,3.3,373,100,0
22/5/2023,Monday,NTFGH,18.7,376,93.9,0
22/5/2023,Monday,NUH(A),10.1,354,90.8,0
22/5/2023,Monday,SGH,4,388,89,0
22/5/2023,Monday,SKH,10.4,381,89.2,0
22/5/2023,Monday,TTSH,5.7,416,95.9,0
23/5/2023,Tuesday,AH,7.1,66,92.6,0
23/5/2023,Tuesday,CGH,11.6,352,84.5,0
23/5/2023,Tuesday,KTPH,3.9,323,100,0
23/5/2023,Tuesday,NTFGH,18.2,378,93.2,0
23/5/2023,Tuesday,NUH(A),13.9,284,90.5,0
23/5/2023,Tuesday,SGH,6.8,309,92.1,0
23/5/2023,Tuesday,SKH,10.8,337,88.3,0
23/5/2023,Tuesday,TTSH,6.8,393,96.3,0
24/5/2023,Wednesday,AH,2.1,67,89,0
24/5/2023,Wednesday,CGH,6.2,370,83.5,0
24/5/2023,Wednesday,KTPH,3,363,100,0
24/5/2023,Wednesday,NTFGH,17.9,319,94.1,0
24/5/2023,Wednesday,NUH(A),15.9,261,91.2,0
24/5/2023,Wednesday,SGH,4.7,320,91.7,0
24/5/2023,Wednesday,SKH,8.6,330,88.2,0
24/5/2023,Wednesday,TTSH,6.1,351,95.6,0
25/5/2023,Thursday,AH,1.5,70,85.8,0
25/5/2023,Thursday,CGH,5.7,393,83.9,0
25/5/2023,Thursday,KTPH,10.1,310,100,0
25/5/2023,Thursday,NTFGH,14.8,273,91.7,0
25/5/2023,Thursday,NUH(A),13.2,307,90.4,0
25/5/2023,Thursday,SGH,5.7,297,90.8,0
25/5/2023,Thursday,SKH,13.5,337,87.2,0
25/5/2023,Thursday,TTSH,4.9,345,94.1,0
26/5/2023,Friday,AH,1.1,51,89,0
26/5/2023,Friday,CGH,8.2,370,84,0
26/5/2023,Friday,KTPH,8.3,250,100,0
26/5/2023,Friday,NTFGH,4.2,313,93,0
26/5/2023,Friday,NUH(A),13.1,294,89,0
26/5/2023,Friday,SGH,5.1,312,89.4,0
26/5/2023,Friday,SKH,26,313,85.9,0
26/5/2023,Friday,TTSH,5.5,334,93.4,0
27/5/2023,Saturday,AH,2.4,50,79.1,0
27/5/2023,Saturday,CGH,5.7,278,83.4,0
27/5/2023,Saturday,KTPH,6,272,100,0
27/5/2023,Saturday,NTFGH,4.2,313,93.8,0
27/5/2023,Saturday,NUH(A),8.9,260,87.8,0
27/5/2023,Saturday,SGH,4.7,272,86.1,0
27/5/2023,Saturday,SKH,22.7,317,85,0
27/5/2023,Saturday,TTSH,5.2,329,95.3,0
28/5/2023,Sunday,AH,1.2,70,90.8,0
28/5/2023,Sunday,CGH,13.7,274,88.7,0
28/5/2023,Sunday,KTPH,2.3,262,100,0
28/5/2023,Sunday,NTFGH,8.9,270,93.4,0
28/5/2023,Sunday,NUH(A),12.9,223,88.1,0
28/5/2023,Sunday,SGH,2.3,246,88,0
28/5/2023,Sunday,SKH,5.2,313,87.5,0
28/5/2023,Sunday,TTSH,6.7,292,96.6,0
29/5/2023,Monday,AH,2,71,90.1,0
29/5/2023,Monday,CGH,14.6,402,88.1,0
29/5/2023,Monday,KTPH,4.7,349,100,0
29/5/2023,Monday,NTFGH,21.2,389,90.4,0
29/5/2023,Monday,NUH(A),12.7,331,88.9,0
29/5/2023,Monday,SGH,4.7,349,91.9,0
29/5/2023,Monday,SKH,6.1,376,90.3,0
29/5/2023,Monday,TTSH,6.4,407,97.2,0
30/5/2023,Tuesday,AH,1.6,77,86.9,0
30/5/2023,Tuesday,CGH,15.5,362,87.9,0
30/5/2023,Tuesday,KTPH,5.9,311,100,0
30/5/2023,Tuesday,NTFGH,16.5,313,92.8,0
30/5/2023,Tuesday,NUH(A),12.1,292,88.9,0
30/5/2023,Tuesday,SGH,11.6,314,94.1,0
30/5/2023,Tuesday,SKH,17.3,321,91.4,0
30/5/2023,Tuesday,TTSH,8.2,379,98.3,0
31/5/2023,Wednesday,AH,2,59,89.4,0
31/5/2023,Wednesday,CGH,5.9,344,87.5,0
31/5/2023,Wednesday,KTPH,6,323,100,0
31/5/2023,Wednesday,NTFGH,16.8,332,89.8,0
31/5/2023,Wednesday,NUH(A),11.6,279,89.6,0
31/5/2023,Wednesday,SGH,13.3,295,92.1,0
31/5/2023,Wednesday,SKH,25.8,325,88.3,0
31/5/2023,Wednesday,TTSH,6.5,364,96.3,0
1/6/2023,Thursday,AH,1.8,49,89,0
1/6/2023,Thursday,CGH,5.9,344,85.4,0
1/6/2023,Thursday,KTPH,2.7,297,99,0
1/6/2023,Thursday,NTFGH,11.1,273,91,0
1/6/2023,Thursday,NUH(A),7,270,86.8,0
1/6/2023,Thursday,SGH,4.1,308,88.5,0
1/6/2023,Thursday,SKH,20.7,300,86.6,0
1/6/2023,Thursday,TTSH,5.5,371,93.5,0
2/6/2023,Friday,AH,3.5,54,86.2,1
2/6/2023,Friday,CGH,4.5,344,87.2,1
2/6/2023,Friday,KTPH,4,248,100,1
2/6/2023,Friday,NTFGH,2.7,256,87.8,1
2/6/2023,Friday,NUH(A),2.5,204,83.7,1
2/6/2023,Friday,SGH,2.1,258,84,1
2/6/2023,Friday,SKH,18.7,287,84.8,1
2/6/2023,Friday,TTSH,4.1,344,94.9,1
3/6/2023,Saturday,AH,1.6,46,88.3,0
3/6/2023,Saturday,CGH,6.9,361,87.5,0
3/6/2023,Saturday,KTPH,5.1,289,100,0
3/6/2023,Saturday,NTFGH,1.9,285,90.9,0
3/6/2023,Saturday,NUH(A),2.5,272,83.8,0
3/6/2023,Saturday,SGH,1.8,320,82.6,0
3/6/2023,Saturday,SKH,4.8,300,84.6,0
3/6/2023,Saturday,TTSH,4.6,354,96.4,0
4/6/2023,Sunday,AH,1.3,61,87.9,0
4/6/2023,Sunday,CGH,11,329,89,0
4/6/2023,Sunday,KTPH,5,256,100,0
4/6/2023,Sunday,NTFGH,3,228,93.4,0
4/6/2023,Sunday,NUH(A),3.1,272,86.5,0
4/6/2023,Sunday,SGH,2.3,244,85,0
4/6/2023,Sunday,SKH,3.5,299,85.5,0
4/6/2023,Sunday,TTSH,6.5,293,96.6,0
5/6/2023,Monday,AH,3.1,79,90.8,0
5/6/2023,Monday,CGH,10.2,431,89.5,0
5/6/2023,Monday,KTPH,6.7,348,100,0
5/6/2023,Monday,NTFGH,3.4,369,91.2,0
5/6/2023,Monday,NUH(A),6.9,347,88.2,0
5/6/2023,Monday,SGH,7.6,359,89.7,0
5/6/2023,Monday,SKH,7.5,370,88.3,0
5/6/2023,Monday,TTSH,7.8,391,98.3,0
6/6/2023,Tuesday,AH,3.2,78,94.3,0
6/6/2023,Tuesday,CGH,16,354,88.4,0
6/6/2023,Tuesday,KTPH,5.9,297,100,0
6/6/2023,Tuesday,NTFGH,4.7,351,91.9,0
6/6/2023,Tuesday,NUH(A),7.2,315,87.7,0
6/6/2023,Tuesday,SGH,8.7,312,91.1,0
6/6/2023,Tuesday,SKH,9.3,320,88.2,0
6/6/2023,Tuesday,TTSH,8.1,361,98.8,0
7/6/2023,Wednesday,AH,1.6,59,90.8,0
7/6/2023,Wednesday,CGH,17.2,351,88.2,0
7/6/2023,Wednesday,KTPH,3.8,307,100,0
7/6/2023,Wednesday,NTFGH,5.8,312,91.1,0
7/6/2023,Wednesday,NUH(A),6.6,290,88.1,0
7/6/2023,Wednesday,SGH,14.7,308,92.5,0
7/6/2023,Wednesday,SKH,7.9,316,85.7,0
7/6/2023,Wednesday,TTSH,7.1,356,97.6,0
8/6/2023,Thursday,AH,1,66,84.4,0
8/6/2023,Thursday,CGH,13.5,346,87.9,0
8/6/2023,Thursday,KTPH,6,321,99.1,0
8/6/2023,Thursday,NTFGH,2.9,322,89.6,0
8/6/2023,Thursday,NUH(A),6.4,300,87.6,0
8/6/2023,Thursday,SGH,13.7,349,93.8,0
8/6/2023,Thursday,SKH,10.6,306,86.3,0
8/6/2023,Thursday,TTSH,5.9,422,95.5,0
9/6/2023,Friday,AH,1.5,51,86.2,0
9/6/2023,Friday,CGH,3.4,341,87.6,0
9/6/2023,Friday,KTPH,2.6,305,97.6,0
9/6/2023,Friday,NTFGH,2.1,300,85.9,0
9/6/2023,Friday,NUH(A),8.5,249,87.8,0
9/6/2023,Friday,SGH,7,322,89.2,0
9/6/2023,Friday,SKH,9,280,85,0
9/6/2023,Friday,TTSH,5.8,379,93.5,0
10/6/2023,Saturday,AH,1,46,85.1,0
10/6/2023,Saturday,CGH,2.2,286,85.6,0
10/6/2023,Saturday,KTPH,3.9,278,98.8,0
10/6/2023,Saturday,NTFGH,2.3,278,90.4,0
10/6/2023,Saturday,NUH(A),5,261,85.2,0
10/6/2023,Saturday,SGH,4.3,290,85.8,0
10/6/2023,Saturday,SKH,3.8,262,83.4,0
10/6/2023,Saturday,TTSH,6.1,357,95.8,0
11/6/2023,Sunday,AH,1.9,62,86.2,0
11/6/2023,Sunday,CGH,1.3,338,87.2,0
11/6/2023,Sunday,KTPH,2,276,100,0
11/6/2023,Sunday,NTFGH,2.1,259,90.9,0
11/6/2023,Sunday,NUH(A),4.9,230,87.8,0
11/6/2023,Sunday,SGH,1.7,271,85.6,0
11/6/2023,Sunday,SKH,3.5,290,85.3,0
11/6/2023,Sunday,TTSH,6.3,344,98.8,0
12/6/2023,Monday,AH,1.7,69,89.4,0
12/6/2023,Monday,CGH,13.3,402,87.6,0
12/6/2023,Monday,KTPH,13.6,368,100,0
12/6/2023,Monday,NTFGH,3.5,361,91.2,0
12/6/2023,Monday,NUH(A),8.6,331,89.6,0
12/6/2023,Monday,SGH,4.5,344,90.3,0
12/6/2023,Monday,SKH,8.8,342,85,0
12/6/2023,Monday,TTSH,8.2,424,98.7,0
13/6/2023,Tuesday,AH,1.9,66,85.1,0
13/6/2023,Tuesday,CGH,12.6,364,89.2,0
13/6/2023,Tuesday,KTPH,9.2,304,100,0
13/6/2023,Tuesday,NTFGH,4.6,348,91.2,0
13/6/2023,Tuesday,NUH(A),9.5,309,90.8,0
13/6/2023,Tuesday,SGH,5.5,302,90.6,0
13/6/2023,Tuesday,SKH,9.9,313,84.3,0
13/6/2023,Tuesday,TTSH,16.7,420,98.7,0
14/6/2023,Wednesday,AH,1.4,47,84.8,0
14/6/2023,Wednesday,CGH,18.6,369,88.6,0
14/6/2023,Wednesday,KTPH,6.8,295,99.1,0
14/6/2023,Wednesday,NTFGH,3.7,303,87.1,0
14/6/2023,Wednesday,NUH(A),11.3,302,90.3,0
14/6/2023,Wednesday,SGH,6.2,316,90.9,0
14/6/2023,Wednesday,SKH,7.9,301,83.5,0
14/6/2023,Wednesday,TTSH,8.8,376,97.5,0
15/6/2023,Thursday,AH,1,59,84,0
15/6/2023,Thursday,CGH,9.2,313,89,0
15/6/2023,Thursday,KTPH,2.4,315,96.7,0
15/6/2023,Thursday,NTFGH,2.6,317,85.2,0
15/6/2023,Thursday,NUH(A),9.1,295,90.3,0
15/6/2023,Thursday,SGH,4.7,302,90,0
15/6/2023,Thursday,SKH,3.5,337,84.9,0
15/6/2023,Thursday,TTSH,7.5,363,96.5,0
16/6/2023,Friday,AH,2.4,50,80.9,0
16/6/2023,Friday,CGH,4.2,367,87.2,0
16/6/2023,Friday,KTPH,2.1,294,94.6,0
16/6/2023,Friday,NTFGH,2.3,300,82.9,0
16/6/2023,Friday,NUH(A),9,298,87.8,0
16/6/2023,Friday,SGH,3,316,87.4,0
16/6/2023,Friday,SKH,4.6,306,83.8,0
16/6/2023,Friday,TTSH,6,344,93,0
17/6/2023,Saturday,AH,1.3,51,80.1,0
17/6/2023,Saturday,CGH,4.4,315,88,0
17/6/2023,Saturday,KTPH,2.4,278,97.3,0
17/6/2023,Saturday,NTFGH,2.4,264,87,0
17/6/2023,Saturday,NUH(A),5.9,246,86,0
17/6/2023,Saturday,SGH,1.6,281,85.2,0
17/6/2023,Saturday,SKH,2.8,281,81,0
17/6/2023,Saturday,TTSH,5.1,327,92.3,0
18/6/2023,Sunday,AH,1.4,57,81.6,0
18/6/2023,Sunday,CGH,7.9,299,89.4,0
18/6/2023,Sunday,KTPH,2.4,279,98.4,0
18/6/2023,Sunday,NTFGH,3,268,89.6,0
18/6/2023,Sunday,NUH(A),11.6,252,87.2,0
18/6/2023,Sunday,SGH,1.5,239,84.4,0
18/6/2023,Sunday,SKH,2.4,301,83.4,0
18/6/2023,Sunday,TTSH,5.5,311,96.1,0
19/6/2023,Monday,AH,3,65,87.9,0
19/6/2023,Monday,CGH,7.1,441,89.2,0
19/6/2023,Monday,KTPH,6.4,368,99.6,0
19/6/2023,Monday,NTFGH,4.8,354,91.8,0
19/6/2023,Monday,NUH(A),11.5,319,89,0
19/6/2023,Monday,SGH,3.4,359,87.1,0
19/6/2023,Monday,SKH,4.2,382,85.5,0
19/6/2023,Monday,TTSH,6.1,414,96.1,0
20/6/2023,Tuesday,AH,2.1,62,87.6,0
20/6/2023,Tuesday,CGH,9.4,336,90.8,0
20/6/2023,Tuesday,KTPH,6.2,300,99.4,0
20/6/2023,Tuesday,NTFGH,4.9,358,91.8,0
20/6/2023,Tuesday,NUH(A),11.5,281,88.2,0
20/6/2023,Tuesday,SGH,8.2,321,87.7,0
20/6/2023,Tuesday,SKH,4.9,327,86.4,0
20/6/2023,Tuesday,TTSH,8.4,374,96.6,0
21/6/2023,Wednesday,AH,1.5,56,86.2,0
21/6/2023,Wednesday,CGH,9.1,362,88.6,0
21/6/2023,Wednesday,KTPH,3.4,302,97.9,0
21/6/2023,Wednesday,NTFGH,13.9,319,90.8,0
21/6/2023,Wednesday,NUH(A),3.9,304,88.9,0
21/6/2023,Wednesday,SGH,6.5,298,87.3,0
21/6/2023,Wednesday,SKH,4.4,302,85.8,0
21/6/2023,Wednesday,TTSH,8,364,97.4,0
22/6/2023,Thursday,AH,1.4,62,83,0
22/6/2023,Thursday,CGH,5.9,384,89.4,0
22/6/2023,Thursday,KTPH,4,320,96.3,0
22/6/2023,Thursday,NTFGH,8.8,282,89.8,0
22/6/2023,Thursday,NUH(A),6.6,277,89.2,0
22/6/2023,Thursday,SGH,6.8,316,86.8,0
22/6/2023,Thursday,SKH,3.5,333,84.8,0
22/6/2023,Thursday,TTSH,7.9,382,96,0
23/6/2023,Friday,AH,1.8,56,80.5,0
23/6/2023,Friday,CGH,4.7,319,88.1,0
23/6/2023,Friday,KTPH,3.7,285,95.7,0
23/6/2023,Friday,NTFGH,6.5,309,88.2,0
23/6/2023,Friday,NUH(A),9.3,260,87.5,0
23/6/2023,Friday,SGH,5.1,339,84.8,0
23/6/2023,Friday,SKH,2.6,301,82.8,0
23/6/2023,Friday,TTSH,5.3,361,94.3,0
24/6/2023,Saturday,AH,1.8,55,76.6,0
24/6/2023,Saturday,CGH,2.9,322,86.4,0
24/6/2023,Saturday,KTPH,3.6,284,94.6,0
24/6/2023,Saturday,NTFGH,2.9,269,88.2,0
24/6/2023,Saturday,NUH(A),8.4,242,83.6,0
24/6/2023,Saturday,SGH,2.8,295,84.2,0
24/6/2023,Saturday,SKH,2.1,290,81.8,0
24/6/2023,Saturday,TTSH,4.5,345,93.9,0
25/6/2023,Sunday,AH,1.3,60,82.3,0
25/6/2023,Sunday,CGH,4.6,344,88.4,0
25/6/2023,Sunday,KTPH,1.7,272,97.1,0
25/6/2023,Sunday,NTFGH,2.2,271,90.1,0
25/6/2023,Sunday,NUH(A),3.7,226,84.6,0
25/6/2023,Sunday,SGH,2.3,277,83.2,0
25/6/2023,Sunday,SKH,2.4,310,82.9,0
25/6/2023,Sunday,TTSH,5.7,297,98.1,0
26/6/2023,Monday,AH,1.9,64,84.4,0
26/6/2023,Monday,CGH,18.6,436,90.4,0
26/6/2023,Monday,KTPH,3.6,396,99.1,0
26/6/2023,Monday,NTFGH,5.7,376,90.8,0
26/6/2023,Monday,NUH(A),4.7,337,86.7,0
26/6/2023,Monday,SGH,6,352,87.5,0
26/6/2023,Monday,SKH,4.2,376,83.6,0
26/6/2023,Monday,TTSH,6.7,392,96.7,0
27/6/2023,Tuesday,AH,1.9,52,89,0
27/6/2023,Tuesday,CGH,18.2,353,89.8,0
27/6/2023,Tuesday,KTPH,2.5,298,97.7,0
27/6/2023,Tuesday,NTFGH,6.6,307,92.2,0
27/6/2023,Tuesday,NUH(A),6.3,288,86.2,0
27/6/2023,Tuesday,SGH,8.1,325,87.4,0
27/6/2023,Tuesday,SKH,8.9,328,86.6,0
27/6/2023,Tuesday,TTSH,5.7,390,97.6,0
28/6/2023,Wednesday,AH,1.6,62,86.5,0
28/6/2023,Wednesday,CGH,9.2,365,88.1,0
28/6/2023,Wednesday,KTPH,5.6,288,93.9,0
28/6/2023,Wednesday,NTFGH,4.5,280,89.2,0
28/6/2023,Wednesday,NUH(A),5.8,275,83.3,0
28/6/2023,Wednesday,SGH,7,322,85.8,0
28/6/2023,Wednesday,SKH,6.7,302,84.8,0
28/6/2023,Wednesday,TTSH,7,358,93.4,0
29/6/2023,Thursday,AH,1.1,70,87.6,1
29/6/2023,Thursday,CGH,4.5,303,87,1
29/6/2023,Thursday,KTPH,1.6,244,93.9,1
29/6/2023,Thursday,NTFGH,2.2,259,89.8,1
29/6/2023,Thursday,NUH(A),2.8,241,79.7,1
29/6/2023,Thursday,SGH,2.6,271,84.2,1
29/6/2023,Thursday,SKH,2.1,259,84.4,1
29/6/2023,Thursday,TTSH,5.3,328,95.8,1
30/6/2023,Friday,AH,2.2,65,88.3,0
30/6/2023,Friday,CGH,4.5,378,87.8,0
30/6/2023,Friday,KTPH,1.2,286,93.1,0
30/6/2023,Friday,NTFGH,3.4,363,89.3,0
30/6/2023,Friday,NUH(A),4.5,306,84.3,0
30/6/2023,Friday,SGH,2.6,357,83.1,0
30/6/2023,Friday,SKH,2.2,352,85.4,0
30/6/2023,Friday,TTSH,4.8,370,93.5,0
1/7/2023,Saturday,AH,3.5,50,89,0
1/7/2023,Saturday,CGH,7.2,325,89.2,0
1/7/2023,Saturday,KTPH,1.4,293,91.8,0
1/7/2023,Saturday,NTFGH,3.9,310,92.2,0
1/7/2023,Saturday,NUH(A),4,256,81.4,0
1/7/2023,Saturday,SGH,1.4,313,81.4,0
1/7/2023,Saturday,SKH,2.8,293,85,0
1/7/2023,Saturday,TTSH,3.9,348,92.8,0
2/7/2023,Sunday,AH,2.2,55,92.6,0
2/7/2023,Sunday,CGH,12,329,89,0
2/7/2023,Sunday,KTPH,1.9,275,95.1,0
2/7/2023,Sunday,NTFGH,8.2,282,91,0
2/7/2023,Sunday,NUH(A),2.6,242,83.4,0
2/7/2023,Sunday,SGH,1.1,297,83,0
2/7/2023,Sunday,SKH,5.5,339,85.6,0
2/7/2023,Sunday,TTSH,3.7,304,96.1,0
3/7/2023,Monday,AH,3.8,73,90.4,0
3/7/2023,Monday,CGH,13.9,400,89.5,0
3/7/2023,Monday,KTPH,2.6,340,94.2,0
3/7/2023,Monday,NTFGH,20.5,363,92.6,0
3/7/2023,Monday,NUH(A),4.2,345,86.5,0
3/7/2023,Monday,SGH,2.1,349,85.3,0
3/7/2023,Monday,SKH,6.9,401,87.5,0
3/7/2023,Monday,TTSH,5,422,96.5,0
4/7/2023,Tuesday,AH,2.1,71,89,0
4/7/2023,Tuesday,CGH,10.8,402,89.2,0
4/7/2023,Tuesday,KTPH,5.2,319,93.6,0
4/7/2023,Tuesday,NTFGH,25.9,354,90.9,0
4/7/2023,Tuesday,NUH(A),11.3,314,89.8,0
4/7/2023,Tuesday,SGH,4.3,342,85.7,0
4/7/2023,Tuesday,SKH,13.4,357,87.1,0
4/7/2023,Tuesday,TTSH,5.4,385,96.6,0
5/7/2023,Wednesday,AH,2.1,58,89.4,0
5/7/2023,Wednesday,CGH,11.2,355,89.2,0
5/7/2023,Wednesday,KTPH,2.8,328,91.9,0
5/7/2023,Wednesday,NTFGH,23.8,325,92.4,0
5/7/2023,Wednesday,NUH(A),16,292,88.1,0
5/7/2023,Wednesday,SGH,5.9,291,87.4,0
5/7/2023,Wednesday,SKH,10.8,362,88.2,0
5/7/2023,Wednesday,TTSH,7.4,373,97.6,0
6/7/2023,Thursday,AH,1.7,55,89,0
6/7/2023,Thursday,CGH,16.4,342,87.8,0
6/7/2023,Thursday,KTPH,2.3,308,88.7,0
6/7/2023,Thursday,NTFGH,16.1,286,94.3,0
6/7/2023,Thursday,NUH(A),8.8,281,89.3,0
6/7/2023,Thursday,SGH,4.5,327,85.8,0
6/7/2023,Thursday,SKH,16.7,338,89.5,0
6/7/2023,Thursday,TTSH,7.5,344,94.9,0
7/7/2023,Friday,AH,1.8,68,83,0
7/7/2023,Friday,CGH,9.3,368,87.8,0
7/7/2023,Friday,KTPH,2.5,288,86.7,0
7/7/2023,Friday,NTFGH,4.8,295,90.4,0
7/7/2023,Friday,NUH(A),4.7,271,87.9,0
7/7/2023,Friday,SGH,3.9,310,82.9,0
7/7/2023,Friday,SKH,7.9,326,86.4,0
7/7/2023,Friday,TTSH,5,395,93.1,0
8/7/2023,Saturday,AH,1.4,46,79.4,0
8/7/2023,Saturday,CGH,4.8,326,87.2,0
8/7/2023,Saturday,KTPH,1.8,258,86.2,0
8/7/2023,Saturday,NTFGH,4.2,261,90.8,0
8/7/2023,Saturday,NUH(A),6.7,275,84.9,0
8/7/2023,Saturday,SGH,1.5,308,80.3,0
8/7/2023,Saturday,SKH,4.7,342,87.3,0
8/7/2023,Saturday,TTSH,5.3,312,95,0
9/7/2023,Sunday,AH,1.4,70,80.1,0
9/7/2023,Sunday,CGH,4.8,335,87.3,0
9/7/2023,Sunday,KTPH,2.1,282,92.2,0
9/7/2023,Sunday,NTFGH,2.8,293,92.9,0
9/7/2023,Sunday,NUH(A),3.1,227,84.7,0
9/7/2023,Sunday,SGH,1.9,278,82.7,0
9/7/2023,Sunday,SKH,5.4,349,87.6,0
9/7/2023,Sunday,TTSH,6.2,330,97.3,0
10/7/2023,Monday,AH,1.3,69,84.4,0
10/7/2023,Monday,CGH,7.6,437,87.1,0
10/7/2023,Monday,KTPH,2.7,363,93.1,0
10/7/2023,Monday,NTFGH,6.8,400,92.1,0
10/7/2023,Monday,NUH(A),4.2,323,87.4,0
10/7/2023,Monday,SGH,3.3,330,84.5,0
10/7/2023,Monday,SKH,18.8,374,90.1,0
10/7/2023,Monday,TTSH,7.7,413,96.6,0
11/7/2023,Tuesday,AH,1.1,50,85.5,0
11/7/2023,Tuesday,CGH,19.2,357,87.2,0
11/7/2023,Tuesday,KTPH,2.6,309,90.1,0
11/7/2023,Tuesday,NTFGH,6.6,359,91.1,0
11/7/2023,Tuesday,NUH(A),5.3,298,87.8,0
11/7/2023,Tuesday,SGH,2.4,330,84.7,0
11/7/2023,Tuesday,SKH,17.6,342,90,0
11/7/2023,Tuesday,TTSH,9.3,386,94,0
12/7/2023,Wednesday,AH,2.4,66,84.4,0
12/7/2023,Wednesday,CGH,17.3,352,87.2,0
12/7/2023,Wednesday,KTPH,2.7,354,89.7,0
12/7/2023,Wednesday,NTFGH,4,322,92,0
12/7/2023,Wednesday,NUH(A),6.2,294,87.4,0
12/7/2023,Wednesday,SGH,2.5,328,84.8,0
12/7/2023,Wednesday,SKH,7.8,337,88.6,0
12/7/2023,Wednesday,TTSH,6.1,360,95.5,0
13/7/2023,Thursday,AH,0.7,50,83.7,0
13/7/2023,Thursday,CGH,12.1,397,87.6,0
13/7/2023,Thursday,KTPH,3.5,331,90.3,0
13/7/2023,Thursday,NTFGH,6.7,331,91.7,0
13/7/2023,Thursday,NUH(A),4.1,301,86.4,0
13/7/2023,Thursday,SGH,2.8,320,85.7,0
13/7/2023,Thursday,SKH,6.1,334,88.1,0
13/7/2023,Thursday,TTSH,6.5,359,92.7,0
14/7/2023,Friday,AH,0.9,75,77,0
14/7/2023,Friday,CGH,13.7,386,87.5,0
14/7/2023,Friday,KTPH,2,277,91.9,0
14/7/2023,Friday,NTFGH,9.3,264,88.5,0
14/7/2023,Friday,NUH(A),5.5,275,84.5,0
14/7/2023,Friday,SGH,2.1,305,83.8,0
14/7/2023,Friday,SKH,5.8,305,84.6,0
14/7/2023,Friday,TTSH,4.4,392,90,0
15/7/2023,Saturday,AH,1.5,64,79.4,0
15/7/2023,Saturday,CGH,16.2,297,87.2,0
15/7/2023,Saturday,KTPH,1.7,294,91.6,0
15/7/2023,Saturday,NTFGH,2.5,294,91.6,0
15/7/2023,Saturday,NUH(A),2.9,229,80.2,0
15/7/2023,Saturday,SGH,1.3,318,81.9,0
15/7/2023,Saturday,SKH,3.7,350,85.5,0
15/7/2023,Saturday,TTSH,4.2,371,91.9,0
16/7/2023,Sunday,AH,1.4,57,79.4,0
16/7/2023,Sunday,CGH,3.5,352,88.2,0
16/7/2023,Sunday,KTPH,1.7,262,97.6,0
16/7/2023,Sunday,NTFGH,6.9,277,90.5,0
16/7/2023,Sunday,NUH(A),2.4,246,84.3,0
16/7/2023,Sunday,SGH,1.8,316,83.2,0
16/7/2023,Sunday,SKH,2.6,330,88.6,0
16/7/2023,Sunday,TTSH,4.7,321,94.6,0
17/7/2023,Monday,AH,1.9,75,85.1,0
17/7/2023,Monday,CGH,15.2,377,89.9,0
17/7/2023,Monday,KTPH,5,403,97.1,0
17/7/2023,Monday,NTFGH,14.2,386,95.8,0
17/7/2023,Monday,NUH(A),4.8,361,86.1,0
17/7/2023,Monday,SGH,4.4,396,87.4,0
17/7/2023,Monday,SKH,3.7,392,90.4,0
17/7/2023,Monday,TTSH,5.7,448,94.8,0
18/7/2023,Tuesday,AH,1.5,79,79.4,0
18/7/2023,Tuesday,CGH,17.2,348,89.7,0
18/7/2023,Tuesday,KTPH,6.2,337,94,0
18/7/2023,Tuesday,NTFGH,15.6,330,96.5,0
18/7/2023,Tuesday,NUH(A),9.5,295,86.7,0
18/7/2023,Tuesday,SGH,6.9,315,87.9,0
18/7/2023,Tuesday,SKH,6.6,332,88.6,0
18/7/2023,Tuesday,TTSH,8,348,95.9,0
19/7/2023,Wednesday,AH,2,58,81.9,0
19/7/2023,Wednesday,CGH,9.9,369,88.3,0
19/7/2023,Wednesday,KTPH,2.5,349,93.4,0
19/7/2023,Wednesday,NTFGH,10.8,334,96.7,0
19/7/2023,Wednesday,NUH(A),5.9,281,86.7,0
19/7/2023,Wednesday,SGH,6.4,318,87.8,0
19/7/2023,Wednesday,SKH,10.5,302,87.9,0
19/7/2023,Wednesday,TTSH,7,383,95.5,0
20/7/2023,Thursday,AH,1.5,51,82.3,0
20/7/2023,Thursday,CGH,12.2,357,88.3,0
20/7/2023,Thursday,KTPH,1.8,283,90.7,0
20/7/2023,Thursday,NTFGH,9.4,319,96,0
20/7/2023,Thursday,NUH(A),4.7,261,86,0
20/7/2023,Thursday,SGH,6.8,317,88.5,0
20/7/2023,Thursday,SKH,4.9,340,86.7,0
20/7/2023,Thursday,TTSH,6.8,397,93.4,0
21/7/2023,Friday,AH,1.6,63,78.4,0
21/7/2023,Friday,CGH,8.1,360,86.3,0
21/7/2023,Friday,KTPH,2.7,295,90.6,0
21/7/2023,Friday,NTFGH,3.8,313,91.5,0
21/7/2023,Friday,NUH(A),3.2,297,84.3,0
21/7/2023,Friday,SGH,5,318,86.8,0
21/7/2023,Friday,SKH,3.3,340,86,0
21/7/2023,Friday,TTSH,6.3,364,92.8,0
22/7/2023,Saturday,AH,1.6,51,74.1,0
22/7/2023,Saturday,CGH,3.3,318,86.3,0
22/7/2023,Saturday,KTPH,2.5,274,91.2,0
22/7/2023,Saturday,NTFGH,2.1,256,92.2,0
22/7/2023,Saturday,NUH(A),2.6,290,81.9,0
22/7/2023,Saturday,SGH,3.1,291,83.5,0
22/7/2023,Saturday,SKH,2.6,287,86.3,0
22/7/2023,Saturday,TTSH,4.2,306,93.9,0
23/7/2023,Sunday,AH,1.3,62,79.4,0
23/7/2023,Sunday,CGH,8.3,323,86.5,0
23/7/2023,Sunday,KTPH,2.3,297,96,0
23/7/2023,Sunday,NTFGH,1.9,289,96,0
23/7/2023,Sunday,NUH(A),2.8,238,84.7,0
23/7/2023,Sunday,SGH,2.3,297,85.3,0
23/7/2023,Sunday,SKH,2.3,365,88.8,0
23/7/2023,Sunday,TTSH,3.7,355,98.3,0
24/7/2023,Monday,AH,2.2,86,83.7,0
24/7/2023,Monday,CGH,21,433,89.4,0
24/7/2023,Monday,KTPH,3.3,350,96.5,0
24/7/2023,Monday,NTFGH,4.7,360,96.2,0
24/7/2023,Monday,NUH(A),5.4,329,89.2,0
24/7/2023,Monday,SGH,6.3,353,87.3,0
24/7/2023,Monday,SKH,5.2,396,92.3,0
24/7/2023,Monday,TTSH,5.7,376,97.8,0
25/7/2023,Tuesday,AH,1.8,66,83.7,0
25/7/2023,Tuesday,CGH,16.1,370,88.9,0
25/7/2023,Tuesday,KTPH,7,344,94.5,0
25/7/2023,Tuesday,NTFGH,5.4,343,95.4,0
25/7/2023,Tuesday,NUH(A),5.4,304,89,0
25/7/2023,Tuesday,SGH,7.7,347,87.6,0
25/7/2023,Tuesday,SKH,8.2,352,89.6,0
25/7/2023,Tuesday,TTSH,8.8,417,95.7,0
26/7/2023,Wednesday,AH,1.8,68,79.4,0
26/7/2023,Wednesday,CGH,13.4,369,89.2,0
26/7/2023,Wednesday,KTPH,4.1,338,92.8,0
26/7/2023,Wednesday,NTFGH,6.1,316,96.3,0
26/7/2023,Wednesday,NUH(A),7,305,88.2,0
26/7/2023,Wednesday,SGH,8,326,87.7,0
26/7/2023,Wednesday,SKH,13.5,359,88.1,0
26/7/2023,Wednesday,TTSH,7,379,97.3,0
27/7/2023,Thursday,AH,1.4,66,80.5,0
27/7/2023,Thursday,CGH,6.7,383,88.9,0
27/7/2023,Thursday,KTPH,2.3,349,93,0
27/7/2023,Thursday,NTFGH,7.3,367,97.1,0
27/7/2023,Thursday,NUH(A),7.3,321,90.9,0
27/7/2023,Thursday,SGH,5.1,322,87.4,0
27/7/2023,Thursday,SKH,5.5,351,88.3,0
27/7/2023,Thursday,TTSH,8.7,357,98,0
28/7/2023,Friday,AH,1.2,69,80.1,0
28/7/2023,Friday,CGH,6.7,344,87.6,0
28/7/2023,Friday,KTPH,2.9,308,92.2,0
28/7/2023,Friday,NTFGH,12,300,97.7,0
28/7/2023,Friday,NUH(A),10.2,257,87.5,0
28/7/2023,Friday,SGH,6,329,86.4,0
28/7/2023,Friday,SKH,6.8,324,87.5,0
28/7/2023,Friday,TTSH,10.1,346,95.3,0
29/7/2023,Saturday,AH,1,54,82.6,0
29/7/2023,Saturday,CGH,6.2,343,86.9,0
29/7/2023,Saturday,KTPH,2.1,267,90.6,0
29/7/2023,Saturday,NTFGH,3.9,283,96.6,0
29/7/2023,Saturday,NUH(A),5.3,264,86.6,0
29/7/2023,Saturday,SGH,4.5,303,84.1,0
29/7/2023,Saturday,SKH,4.1,314,86.9,0
29/7/2023,Saturday,TTSH,6.2,334,97.4,0
30/7/2023,Sunday,AH,1.2,70,86.2,0
30/7/2023,Sunday,CGH,3.4,372,89.5,0
30/7/2023,Sunday,KTPH,1,311,93,0
30/7/2023,Sunday,NTFGH,9.6,268,96.6,0
30/7/2023,Sunday,NUH(A),4.1,259,86.7,0
30/7/2023,Sunday,SGH,4,286,84.8,0
30/7/2023,Sunday,SKH,5.5,327,90.9,0
30/7/2023,Sunday,TTSH,5.7,348,99.8,0
31/7/2023,Monday,AH,1.7,77,94,0
31/7/2023,Monday,CGH,17,444,90.1,0
31/7/2023,Monday,KTPH,4,403,95.2,0
31/7/2023,Monday,NTFGH,15.2,368,95.5,0
31/7/2023,Monday,NUH(A),6.1,333,89.1,0
31/7/2023,Monday,SGH,9.2,372,87.9,0
31/7/2023,Monday,SKH,8,387,86.2,0
31/7/2023,Monday,TTSH,15,427,98.9,0
1/8/2023,Tuesday,AH,1.9,73,91.5,0
1/8/2023,Tuesday,CGH,16.9,423,89.3,0
1/8/2023,Tuesday,KTPH,8.6,351,96.3,0
1/8/2023,Tuesday,NTFGH,20,350,97.4,0
1/8/2023,Tuesday,NUH(A),12.9,326,89.3,0
1/8/2023,Tuesday,SGH,14.2,330,86.9,0
1/8/2023,Tuesday,SKH,12.3,364,90,0
1/8/2023,Tuesday,TTSH,17.3,394,96.1,0
2/8/2023,Wednesday,AH,2.3,78,94,0
2/8/2023,Wednesday,CGH,17.5,367,89,0
2/8/2023,Wednesday,KTPH,5.1,344,94.2,0
2/8/2023,Wednesday,NTFGH,16.8,320,95.5,0
2/8/2023,Wednesday,NUH(A),10.8,294,86.2,0
2/8/2023,Wednesday,SGH,8.5,333,88.1,0
2/8/2023,Wednesday,SKH,15.8,353,89.2,0
2/8/2023,Wednesday,TTSH,14.9,394,95.8,0
3/8/2023,Thursday,AH,5,60,90.4,0
3/8/2023,Thursday,CGH,9.9,377,90.4,0
3/8/2023,Thursday,KTPH,7.8,295,94.4,0
3/8/2023,Thursday,NTFGH,9.4,346,98.6,0
3/8/2023,Thursday,NUH(A),6.2,307,87.6,0
3/8/2023,Thursday,SGH,12.9,316,88.7,0
3/8/2023,Thursday,SKH,12.7,324,88.9,0
3/8/2023,Thursday,TTSH,12,361,96.8,0
4/8/2023,Friday,AH,1.8,54,85.5,0
4/8/2023,Friday,CGH,8.9,334,86.9,0
4/8/2023,Friday,KTPH,6.2,347,93.7,0
4/8/2023,Friday,NTFGH,10.2,290,96.9,0
4/8/2023,Friday,NUH(A),6.2,315,87,0
4/8/2023,Friday,SGH,6.7,332,84.7,0
4/8/2023,Friday,SKH,2.8,337,87.5,0
4/8/2023,Friday,TTSH,8.1,391,93.5,0
5/8/2023,Saturday,AH,0.5,52,86.2,0
5/8/2023,Saturday,CGH,2.9,290,87.2,0
5/8/2023,Saturday,KTPH,2.7,289,95.9,0
5/8/2023,Saturday,NTFGH,4.7,280,97.4,0
5/8/2023,Saturday,NUH(A),2.7,257,83.4,0
5/8/2023,Saturday,SGH,2,295,83.7,0
5/8/2023,Saturday,SKH,1.8,305,86.2,0
5/8/2023,Saturday,TTSH,6,324,94.6,0
6/8/2023,Sunday,AH,1.6,72,84.4,0
6/8/2023,Sunday,CGH,3.2,336,87.7,0
6/8/2023,Sunday,KTPH,3.6,293,98.1,0
6/8/2023,Sunday,NTFGH,4.5,281,99,0
6/8/2023,Sunday,NUH(A),3,258,85.7,0
6/8/2023,Sunday,SGH,4.4,249,84.8,0
6/8/2023,Sunday,SKH,2.5,329,88.9,0
6/8/2023,Sunday,TTSH,5.9,323,98.3,0
7/8/2023,Monday,AH,1.2,74,85.8,0
7/8/2023,Monday,CGH,15.3,431,88.8,0
7/8/2023,Monday,KTPH,3.3,349,97.4,0
7/8/2023,Monday,NTFGH,11.3,385,98.9,0
7/8/2023,Monday,NUH(A),5.5,352,89.2,0
7/8/2023,Monday,SGH,4.4,368,86.9,0
7/8/2023,Monday,SKH,4.7,369,92.9,0
7/8/2023,Monday,TTSH,9.9,419,95.6,0
8/8/2023,Tuesday,AH,1.7,74,81.6,0
8/8/2023,Tuesday,CGH,10.2,349,90.1,0
8/8/2023,Tuesday,KTPH,6.7,332,93.7,0
8/8/2023,Tuesday,NTFGH,8.7,307,96.6,0
8/8/2023,Tuesday,NUH(A),6.2,316,87,0
8/8/2023,Tuesday,SGH,2.9,344,85.9,0
8/8/2023,Tuesday,SKH,7.4,329,89.6,0
8/8/2023,Tuesday,TTSH,7,346,93.3,0
9/8/2023,Wednesday,AH,1.3,50,82.3,1
9/8/2023,Wednesday,CGH,16.6,251,87.3,1
9/8/2023,Wednesday,KTPH,4.8,237,95.2,1
9/8/2023,Wednesday,NTFGH,5.5,277,97.5,1
9/8/2023,Wednesday,NUH(A),5.1,240,87.6,1
9/8/2023,Wednesday,SGH,1,248,82.5,1
9/8/2023,Wednesday,SKH,3.1,304,87.9,1
9/8/2023,Wednesday,TTSH,4.2,312,93.6,1
10/8/2023,Thursday,AH,1.8,74,83.7,0
10/8/2023,Thursday,CGH,13.3,406,87.2,0
10/8/2023,Thursday,KTPH,3.3,351,95.8,0
10/8/2023,Thursday,NTFGH,9.4,378,97.7,0
10/8/2023,Thursday,NUH(A),8.6,331,87.5,0
10/8/2023,Thursday,SGH,1.6,350,85.4,0
10/8/2023,Thursday,SKH,2.8,365,88.6,0
10/8/2023,Thursday,TTSH,5.6,437,94.9,0
11/8/2023,Friday,AH,1.8,50,80.1,0
11/8/2023,Friday,CGH,6.4,392,87.9,0
11/8/2023,Friday,KTPH,5.9,306,95.8,0
11/8/2023,Friday,NTFGH,15,297,97.5,0
11/8/2023,Friday,NUH(A),6.2,315,85.3,0
11/8/2023,Friday,SGH,2.3,336,83.9,0
11/8/2023,Friday,SKH,6.1,316,87.4,0
11/8/2023,Friday,TTSH,5.9,380,91.4,0
12/8/2023,Saturday,AH,1.5,70,81.2,0
12/8/2023,Saturday,CGH,7.5,352,88.7,0
12/8/2023,Saturday,KTPH,4,307,96.4,0
12/8/2023,Saturday,NTFGH,3.8,311,97.7,0
12/8/2023,Saturday,NUH(A),3.5,289,81.9,0
12/8/2023,Saturday,SGH,1.5,290,80.1,0
12/8/2023,Saturday,SKH,5,318,89.7,0
12/8/2023,Saturday,TTSH,4.7,334,91.2,0
13/8/2023,Sunday,AH,0.9,60,81.6,0
13/8/2023,Sunday,CGH,14.2,315,89.9,0
13/8/2023,Sunday,KTPH,5.7,307,99.1,0
13/8/2023,Sunday,NTFGH,4,285,98.6,0
13/8/2023,Sunday,NUH(A),3.4,270,83.9,0
13/8/2023,Sunday,SGH,1.3,306,82.8,0
13/8/2023,Sunday,SKH,5.3,318,91.9,0
13/8/2023,Sunday,TTSH,4.4,314,93.9,0
14/8/2023,Monday,AH,0.8,68,82.3,0
14/8/2023,Monday,CGH,11.3,452,90.3,0
14/8/2023,Monday,KTPH,9.1,363,99,0
14/8/2023,Monday,NTFGH,14.1,342,99.5,0
14/8/2023,Monday,NUH(A),6.6,363,88.1,0
14/8/2023,Monday,SGH,5,372,86,0
14/8/2023,Monday,SKH,10.3,391,93,0
14/8/2023,Monday,TTSH,5.2,395,94.4,0
15/8/2023,Tuesday,AH,1.3,60,83,0
15/8/2023,Tuesday,CGH,8.1,406,89,0
15/8/2023,Tuesday,KTPH,10.3,334,100,0
15/8/2023,Tuesday,NTFGH,11.5,348,98.5,0
15/8/2023,Tuesday,NUH(A),9.1,301,86.9,0
15/8/2023,Tuesday,SGH,6.3,309,86.6,0
15/8/2023,Tuesday,SKH,10.9,369,92.6,0
15/8/2023,Tuesday,TTSH,5.2,375,95.8,0
16/8/2023,Wednesday,AH,1.4,63,77.3,0
16/8/2023,Wednesday,CGH,8.4,368,89.3,0
16/8/2023,Wednesday,KTPH,7.5,329,99.5,0
16/8/2023,Wednesday,NTFGH,7.2,323,98.9,0
16/8/2023,Wednesday,NUH(A),6,300,87.2,0
16/8/2023,Wednesday,SGH,6.1,294,87.2,0
16/8/2023,Wednesday,SKH,12.9,353,90.9,0
16/8/2023,Wednesday,TTSH,5.3,363,94.2,0
17/8/2023,Thursday,AH,1.8,46,75.5,0
17/8/2023,Thursday,CGH,12.8,357,88.4,0
17/8/2023,Thursday,KTPH,5.3,321,98.4,0
17/8/2023,Thursday,NTFGH,6.6,313,97.4,0
17/8/2023,Thursday,NUH(A),5.3,273,86.1,0
17/8/2023,Thursday,SGH,4.1,320,86.7,0
17/8/2023,Thursday,SKH,6.5,332,89.4,0
17/8/2023,Thursday,TTSH,4.8,396,93,0
18/8/2023,Friday,AH,1.3,60,68.8,0
18/8/2023,Friday,CGH,7.9,339,88.1,0
18/8/2023,Friday,KTPH,5,325,94.6,0
18/8/2023,Friday,NTFGH,4.3,307,96.7,0
18/8/2023,Friday,NUH(A),3.1,301,83.5,0
18/8/2023,Friday,SGH,2,333,83.6,0
18/8/2023,Friday,SKH,5.1,306,89.2,0
18/8/2023,Friday,TTSH,4.1,338,89.2,0
19/8/2023,Saturday,AH,1.2,62,66.7,0
19/8/2023,Saturday,CGH,3,321,83.3,0
19/8/2023,Saturday,KTPH,5.6,309,95.8,0
19/8/2023,Saturday,NTFGH,4.3,286,95.4,0
19/8/2023,Saturday,NUH(A),2.4,218,80.7,0
19/8/2023,Saturday,SGH,1.8,293,80.6,0
19/8/2023,Saturday,SKH,2.2,286,84.9,0
19/8/2023,Saturday,TTSH,4.2,325,88.2,0
20/8/2023,Sunday,AH,1.4,53,73.8,0
20/8/2023,Sunday,CGH,3.4,347,88.5,0
20/8/2023,Sunday,KTPH,3.9,296,97.4,0
20/8/2023,Sunday,NTFGH,3.3,296,96.7,0
20/8/2023,Sunday,NUH(A),1.8,278,83.3,0
20/8/2023,Sunday,SGH,1.3,295,82.8,0
20/8/2023,Sunday,SKH,1.8,324,87.7,0
20/8/2023,Sunday,TTSH,4.3,351,93.9,0
21/8/2023,Monday,AH,1.3,84,78.4,0
21/8/2023,Monday,CGH,7.5,425,88.2,0
21/8/2023,Monday,KTPH,6.1,368,97.8,0
21/8/2023,Monday,NTFGH,9,364,96.3,0
21/8/2023,Monday,NUH(A),3.2,315,86.8,0
21/8/2023,Monday,SGH,2.4,390,85.3,0
21/8/2023,Monday,SKH,2.1,371,89.3,0
21/8/2023,Monday,TTSH,5.3,421,95.1,0
22/8/2023,Tuesday,AH,1.6,57,81.2,0
22/8/2023,Tuesday,CGH,11.4,402,88.9,0
22/8/2023,Tuesday,KTPH,8.4,336,99.6,0
22/8/2023,Tuesday,NTFGH,16.5,326,97,0
22/8/2023,Tuesday,NUH(A),8.3,326,86.6,0
22/8/2023,Tuesday,SGH,2.6,328,85,0
22/8/2023,Tuesday,SKH,2.9,324,88.3,0
22/8/2023,Tuesday,TTSH,6.4,362,94.9,0
23/8/2023,Wednesday,AH,1.8,70,80.5,0
23/8/2023,Wednesday,CGH,12,368,88.2,0
23/8/2023,Wednesday,KTPH,8.9,349,96.5,0
23/8/2023,Wednesday,NTFGH,7.6,360,98.6,0
23/8/2023,Wednesday,NUH(A),6.5,298,86,0
23/8/2023,Wednesday,SGH,3,312,83.9,0
23/8/2023,Wednesday,SKH,2.2,348,87.5,0
23/8/2023,Wednesday,TTSH,4.6,386,92.4,0
24/8/2023,Thursday,AH,2.3,63,79.1,0
24/8/2023,Thursday,CGH,15.3,354,88.5,0
24/8/2023,Thursday,KTPH,5.7,286,96.9,0
24/8/2023,Thursday,NTFGH,5.9,295,98,0
24/8/2023,Thursday,NUH(A),5.1,308,83.9,0
24/8/2023,Thursday,SGH,2.1,317,84.4,0
24/8/2023,Thursday,SKH,2,334,86.1,0
24/8/2023,Thursday,TTSH,4.6,385,92.4,0
25/8/2023,Friday,AH,1.5,72,70.9,0
25/8/2023,Friday,CGH,9.5,314,88.2,0
25/8/2023,Friday,KTPH,3.2,325,93.9,0
25/8/2023,Friday,NTFGH,3.3,325,95.2,0
25/8/2023,Friday,NUH(A),3.3,290,83.5,0
25/8/2023,Friday,SGH,3.5,324,83.2,0
25/8/2023,Friday,SKH,2.5,340,85.4,0
25/8/2023,Friday,TTSH,5,367,88.6,0
26/8/2023,Saturday,AH,2.4,40,68.1,0
26/8/2023,Saturday,CGH,6.4,314,88.5,0
26/8/2023,Saturday,KTPH,2.4,255,95.4,0
26/8/2023,Saturday,NTFGH,2.3,258,95.4,0
26/8/2023,Saturday,NUH(A),2.1,254,78.1,0
26/8/2023,Saturday,SGH,2.2,289,80.2,0
26/8/2023,Saturday,SKH,1.7,309,80.3,0
26/8/2023,Saturday,TTSH,4.4,341,90.6,0
27/8/2023,Sunday,AH,0.9,51,65.2,0
27/8/2023,Sunday,CGH,5,315,89.9,0
27/8/2023,Sunday,KTPH,1.4,290,96.3,0
27/8/2023,Sunday,NTFGH,3,278,97.7,0
27/8/2023,Sunday,NUH(A),2,233,79.3,0
27/8/2023,Sunday,SGH,1.4,314,83.7,0
27/8/2023,Sunday,SKH,1.8,356,82.7,0
27/8/2023,Sunday,TTSH,3.3,312,94.4,0
28/8/2023,Monday,AH,1.4,77,69.1,0
28/8/2023,Monday,CGH,14,387,89.7,0
28/8/2023,Monday,KTPH,2.9,400,96.8,0
28/8/2023,Monday,NTFGH,6.1,370,96.5,0
28/8/2023,Monday,NUH(A),3.8,376,86.3,0
28/8/2023,Monday,SGH,7.3,409,85.9,0
28/8/2023,Monday,SKH,3.9,387,89,0
28/8/2023,Monday,TTSH,4.6,419,96,0
29/8/2023,Tuesday,AH,1,60,66.7,0
29/8/2023,Tuesday,CGH,10.3,389,90,0
29/8/2023,Tuesday,KTPH,9.5,317,97.8,0
29/8/2023,Tuesday,NTFGH,8.6,310,95.8,0
29/8/2023,Tuesday,NUH(A),5.6,375,88.1,0
29/8/2023,Tuesday,SGH,7.3,321,87.6,0
29/8/2023,Tuesday,SKH,4.8,336,90.3,0
29/8/2023,Tuesday,TTSH,7.9,403,94.4,0
30/8/2023,Wednesday,AH,1.1,67,68.4,0
30/8/2023,Wednesday,CGH,12.3,428,88.6,0
30/8/2023,Wednesday,KTPH,4.2,313,95.3,0
30/8/2023,Wednesday,NTFGH,5.8,297,95.9,0
30/8/2023,Wednesday,NUH(A),6.1,308,87.5,0
30/8/2023,Wednesday,SGH,3.2,318,87,0
30/8/2023,Wednesday,SKH,5.3,342,90.8,0
30/8/2023,Wednesday,TTSH,5.6,368,95.8,0
31/8/2023,Thursday,AH,0.8,58,63.5,0
31/8/2023,Thursday,CGH,12.7,376,87,0
31/8/2023,Thursday,KTPH,4.1,326,94.3,0
31/8/2023,Thursday,NTFGH,3.3,285,92.1,0
31/8/2023,Thursday,NUH(A),4.9,264,81.5,0
31/8/2023,Thursday,SGH,2.2,304,83.2,0
31/8/2023,Thursday,SKH,5.2,312,87.9,0
31/8/2023,Thursday,TTSH,5.7,358,90.2,0
1/9/2023,Friday,AH,1.3,54,61,1
1/9/2023,Friday,CGH,8.9,288,86.5,1
1/9/2023,Friday,KTPH,3.6,263,96.2,1
1/9/2023,Friday,NTFGH,2.2,280,93.2,1
1/9/2023,Friday,NUH(A),2.3,253,77.3,1
1/9/2023,Friday,SGH,1.2,258,81.1,1
1/9/2023,Friday,SKH,2.8,299,86.1,1
1/9/2023,Friday,TTSH,4.5,331,92.1,1
2/9/2023,Saturday,AH,1.5,64,59.2,0
2/9/2023,Saturday,CGH,7,345,87.2,0
2/9/2023,Saturday,KTPH,2.1,294,100,0
2/9/2023,Saturday,NTFGH,2.4,277,98.6,0
2/9/2023,Saturday,NUH(A),2.2,311,77.5,0
2/9/2023,Saturday,SGH,1.9,325,81.1,0
2/9/2023,Saturday,SKH,3.1,315,87.6,0
2/9/2023,Saturday,TTSH,4.7,369,93.9,0
3/9/2023,Sunday,AH,1.9,65,58.5,0
3/9/2023,Sunday,CGH,2.9,314,88.8,0
3/9/2023,Sunday,KTPH,3.5,291,100,0
3/9/2023,Sunday,NTFGH,5.3,274,99.5,0
3/9/2023,Sunday,NUH(A),3.1,276,83.1,0
3/9/2023,Sunday,SGH,1.9,295,84.3,0
3/9/2023,Sunday,SKH,5.5,360,89.3,0
3/9/2023,Sunday,TTSH,5.3,332,97.6,0
4/9/2023,Monday,AH,1.3,72,61.3,0
4/9/2023,Monday,CGH,17.4,455,89.4,0
4/9/2023,Monday,KTPH,6.9,386,100,0
4/9/2023,Monday,NTFGH,11.4,379,99,0
4/9/2023,Monday,NUH(A),3.6,369,86.8,0
4/9/2023,Monday,SGH,7.8,403,87.8,0
4/9/2023,Monday,SKH,13.1,392,92,0
4/9/2023,Monday,TTSH,8.1,454,97.3,0
5/9/2023,Tuesday,AH,1.1,65,66.3,0
5/9/2023,Tuesday,CGH,14.6,384,90.1,0
5/9/2023,Tuesday,KTPH,17.5,366,100,0
5/9/2023,Tuesday,NTFGH,15.8,315,99.3,0
5/9/2023,Tuesday,NUH(A),4.4,321,88.4,0
5/9/2023,Tuesday,SGH,7.7,341,90,0
5/9/2023,Tuesday,SKH,23.3,374,91.6,0
5/9/2023,Tuesday,TTSH,7.5,371,98,0
6/9/2023,Wednesday,AH,0.9,57,67.4,0
6/9/2023,Wednesday,CGH,15.8,376,88.2,0
6/9/2023,Wednesday,KTPH,21,331,98.5,0
6/9/2023,Wednesday,NTFGH,14.6,345,97.8,0
6/9/2023,Wednesday,NUH(A),4.8,313,90,0
6/9/2023,Wednesday,SGH,13.7,306,89.9,0
6/9/2023,Wednesday,SKH,19.1,359,92.1,0
6/9/2023,Wednesday,TTSH,8.6,368,98.9,0
7/9/2023,Thursday,AH,1.5,72,68.4,0
7/9/2023,Thursday,CGH,16.1,351,88.1,0
7/9/2023,Thursday,KTPH,17.9,334,96.7,0
7/9/2023,Thursday,NTFGH,4.1,316,96.2,0
7/9/2023,Thursday,NUH(A),5.1,289,88.1,0
7/9/2023,Thursday,SGH,7.9,297,87.7,0
7/9/2023,Thursday,SKH,18.4,328,91.9,0
7/9/2023,Thursday,TTSH,8.2,375,98.2,0
8/9/2023,Friday,AH,1.3,7,58.9,0
8/9/2023,Friday,CGH,11.7,363,86.8,0
8/9/2023,Friday,KTPH,11.5,338,95.6,0
8/9/2023,Friday,NTFGH,3.2,299,94,0
8/9/2023,Friday,NUH(A),5.4,323,86.5,0
8/9/2023,Friday,SGH,4.3,327,85.3,0
8/9/2023,Friday,SKH,11.4,302,88,0
8/9/2023,Friday,TTSH,7.6,335,93.8,0
9/9/2023,Saturday,AH,1.9,73,69.5,0
9/9/2023,Saturday,CGH,8.5,309,87.1,0
9/9/2023,Saturday,KTPH,7.9,295,96.5,0
9/9/2023,Saturday,NTFGH,2.6,288,94.1,0
9/9/2023,Saturday,NUH(A),3.9,279,85.3,0
9/9/2023,Saturday,SGH,1.9,298,84.2,0
9/9/2023,Saturday,SKH,2.5,314,88,0
9/9/2023,Saturday,TTSH,4.9,324,94.9,0
10/9/2023,Sunday,AH,2.2,69,69.9,0
10/9/2023,Sunday,CGH,8.4,326,88.8,0
10/9/2023,Sunday,KTPH,8.5,304,99.6,0
10/9/2023,Sunday,NTFGH,2.7,307,96.2,0
10/9/2023,Sunday,NUH(A),5.7,265,87.9,0
10/9/2023,Sunday,SGH,1.9,292,85.7,0
10/9/2023,Sunday,SKH,2.7,348,90.1,0
10/9/2023,Sunday,TTSH,4.6,319,98.4,0
11/9/2023,Monday,AH,1.6,90,78.7,0
11/9/2023,Monday,CGH,13.5,405,88.3,0
11/9/2023,Monday,KTPH,8.9,402,99,0
11/9/2023,Monday,NTFGH,4.6,407,96.8,0
11/9/2023,Monday,NUH(A),6.9,341,89.9,0
11/9/2023,Monday,SGH,4.9,346,87.5,0
11/9/2023,Monday,SKH,3.2,402,90.4,0
11/9/2023,Monday,TTSH,4.5,446,98.2,0
12/9/2023,Tuesday,AH,1.7,74,77.3,0
12/9/2023,Tuesday,CGH,12.8,387,89,0
12/9/2023,Tuesday,KTPH,17.9,342,99,0
12/9/2023,Tuesday,NTFGH,3.6,343,96.4,0
12/9/2023,Tuesday,NUH(A),9.5,355,90.9,0
12/9/2023,Tuesday,SGH,6.4,373,87.5,0
12/9/2023,Tuesday,SKH,7.2,352,91.5,0
12/9/2023,Tuesday,TTSH,6,401,97.9,0
13/9/2023,Wednesday,AH,1.7,71,75.9,0
13/9/2023,Wednesday,CGH,7.3,400,88.7,0
13/9/2023,Wednesday,KTPH,6.2,348,97.9,0
13/9/2023,Wednesday,NTFGH,3.9,364,98.6,0
13/9/2023,Wednesday,NUH(A),11,300,88.9,0
13/9/2023,Wednesday,SGH,4,312,88.5,0
13/9/2023,Wednesday,SKH,9.2,328,91.5,0
13/9/2023,Wednesday,TTSH,7.3,370,98.1,0
14/9/2023,Thursday,AH,1.6,60,75.2,0
14/9/2023,Thursday,CGH,13,405,88.5,0
14/9/2023,Thursday,KTPH,6.1,327,99.9,0
14/9/2023,Thursday,NTFGH,4.2,347,97.1,0
14/9/2023,Thursday,NUH(A),8.6,327,89.8,0
14/9/2023,Thursday,SGH,5.4,312,89.1,0
14/9/2023,Thursday,SKH,5.2,370,92.5,0
14/9/2023,Thursday,TTSH,5.8,382,98.1,0
15/9/2023,Friday,AH,1.2,63,62.1,0
15/9/2023,Friday,CGH,14.2,385,86.9,0
15/9/2023,Friday,KTPH,3.1,270,97.4,0
15/9/2023,Friday,NTFGH,2.3,312,95.1,0
15/9/2023,Friday,NUH(A),5.7,300,86.7,0
15/9/2023,Friday,SGH,5.2,323,86.5,0
15/9/2023,Friday,SKH,6.6,341,89,0
15/9/2023,Friday,TTSH,8.3,375,95.7,0
16/9/2023,Saturday,AH,1.1,56,66.3,0
16/9/2023,Saturday,CGH,15.3,338,88.6,0
16/9/2023,Saturday,KTPH,2,291,97.9,0
16/9/2023,Saturday,NTFGH,2,282,93.6,0
16/9/2023,Saturday,NUH(A),5.9,281,85.7,0
16/9/2023,Saturday,SGH,2,298,84.5,0
16/9/2023,Saturday,SKH,6.4,328,88.7,0
16/9/2023,Saturday,TTSH,6.5,311,97.6,0
17/9/2023,Sunday,AH,1.5,72,71.6,0
17/9/2023,Sunday,CGH,14.5,315,89.5,0
17/9/2023,Sunday,KTPH,1.5,310,100,0
17/9/2023,Sunday,NTFGH,2.8,312,95,0
17/9/2023,Sunday,NUH(A),3.5,258,84.2,0
17/9/2023,Sunday,SGH,2.4,305,85.3,0
17/9/2023,Sunday,SKH,3.2,359,92,0
17/9/2023,Sunday,TTSH,6,369,98.6,0
18/9/2023,Monday,AH,1.3,82,75.2,0
18/9/2023,Monday,CGH,11.3,447,89.6,0
18/9/2023,Monday,KTPH,4.8,348,100,0
18/9/2023,Monday,NTFGH,6,394,98.5,0
18/9/2023,Monday,NUH(A),4.6,358,88.1,0
18/9/2023,Monday,SGH,4.1,374,87.3,0
18/9/2023,Monday,SKH,6.5,408,95.2,0
18/9/2023,Monday,TTSH,11.7,437,99.9,0
19/9/2023,Tuesday,AH,1.5,71,80.1,0
19/9/2023,Tuesday,CGH,16.6,375,89.8,0
19/9/2023,Tuesday,KTPH,6.3,339,99,0
19/9/2023,Tuesday,NTFGH,7.5,334,98.9,0
19/9/2023,Tuesday,NUH(A),5.2,325,87.7,0
19/9/2023,Tuesday,SGH,4,332,87.2,0
19/9/2023,Tuesday,SKH,11.7,379,93.2,0
19/9/2023,Tuesday,TTSH,16.6,390,100,0
20/9/2023,Wednesday,AH,2.6,64,81.9,0
20/9/2023,Wednesday,CGH,9.2,374,89,0
20/9/2023,Wednesday,KTPH,5,326,96.2,0
20/9/2023,Wednesday,NTFGH,5.6,300,97.3,0
20/9/2023,Wednesday,NUH(A),6.3,317,86.3,0
20/9/2023,Wednesday,SGH,3.4,289,87.4,0
20/9/2023,Wednesday,SKH,15.7,313,87.3,0
20/9/2023,Wednesday,TTSH,14.3,356,99.1,0
21/9/2023,Thursday,AH,3.5,46,78.7,0
21/9/2023,Thursday,CGH,14.6,342,88,0
21/9/2023,Thursday,KTPH,2.8,331,96.9,0
21/9/2023,Thursday,NTFGH,4.2,331,96.6,0
21/9/2023,Thursday,NUH(A),4.7,339,85.3,0
21/9/2023,Thursday,SGH,3,327,86.7,0
21/9/2023,Thursday,SKH,4.9,340,85.7,0
21/9/2023,Thursday,TTSH,8.3,392,96.1,0
22/9/2023,Friday,AH,1.3,54,70,0
22/9/2023,Friday,CGH,3.2,341,87,0
22/9/2023,Friday,KTPH,3.7,290,93,0
22/9/2023,Friday,NTFGH,2.4,339,95,0
22/9/2023,Friday,NUH(A),4.1,289,84.8,0
22/9/2023,Friday,SGH,1.5,311,80.3,0
22/9/2023,Friday,SKH,2.1,294,82.2,0
22/9/2023,Friday,TTSH,5.1,356,95.1,0
23/9/2023,Saturday,AH,0.6,53,69.7,0
23/9/2023,Saturday,CGH,4.2,334,87.2,0
23/9/2023,Saturday,KTPH,2.9,275,93.6,0
23/9/2023,Saturday,NTFGH,2.3,276,95.4,0
23/9/2023,Saturday,NUH(A),3.1,274,80.9,0
23/9/2023,Saturday,SGH,0.9,321,79.5,0
23/9/2023,Saturday,SKH,1.5,282,79.3,0
23/9/2023,Saturday,TTSH,5,303,94.5,0
24/9/2023,Sunday,AH,1.4,56,67.5,0
24/9/2023,Sunday,CGH,4.9,312,88.3,0
24/9/2023,Sunday,KTPH,2,280,99.3,0
24/9/2023,Sunday,NTFGH,2.4,268,98.8,0
24/9/2023,Sunday,NUH(A),2.8,234,82.6,0
24/9/2023,Sunday,SGH,1.6,281,80.6,0
24/9/2023,Sunday,SKH,1.5,330,82.4,0
24/9/2023,Sunday,TTSH,5,309,97.2,0
25/9/2023,Monday,AH,1.3,76,71.5,0
25/9/2023,Monday,CGH,8.7,427,88.8,0
25/9/2023,Monday,KTPH,3.9,401,96.4,0
25/9/2023,Monday,NTFGH,4.1,398,99.3,0
25/9/2023,Monday,NUH(A),5.2,362,85.6,0
25/9/2023,Monday,SGH,2.3,406,84.9,0
25/9/2023,Monday,SKH,2.2,369,87.8,0
25/9/2023,Monday,TTSH,4.9,442,97.7,0
26/9/2023,Tuesday,AH,0.8,69,70.4,0
26/9/2023,Tuesday,CGH,10.2,384,89.7,0
26/9/2023,Tuesday,KTPH,4.7,333,99.5,0
26/9/2023,Tuesday,NTFGH,6.6,370,99.6,0
26/9/2023,Tuesday,NUH(A),8.7,317,86.4,0
26/9/2023,Tuesday,SGH,3.4,333,87.7,0
26/9/2023,Tuesday,SKH,2.1,370,86.9,0
26/9/2023,Tuesday,TTSH,8.2,367,99,0
27/9/2023,Wednesday,AH,1.8,82,72.2,0
27/9/2023,Wednesday,CGH,11.6,360,88,0
27/9/2023,Wednesday,KTPH,4,363,99.3,0
27/9/2023,Wednesday,NTFGH,11.3,323,100,0
27/9/2023,Wednesday,NUH(A),6.7,330,88.9,0
27/9/2023,Wednesday,SGH,5.1,324,87.2,0
27/9/2023,Wednesday,SKH,2.1,336,88.9,0
27/9/2023,Wednesday,TTSH,8.2,427,98.7,0
28/9/2023,Thursday,AH,1.5,59,74.7,0
28/9/2023,Thursday,CGH,11.6,352,88.6,0
28/9/2023,Thursday,KTPH,2.6,317,96.3,0
28/9/2023,Thursday,NTFGH,8,309,100,0
28/9/2023,Thursday,NUH(A),8.6,300,88.9,0
28/9/2023,Thursday,SGH,3.7,294,86.2,0
28/9/2023,Thursday,SKH,3.2,348,86.1,0
28/9/2023,Thursday,TTSH,8.5,373,98.1,0
29/9/2023,Friday,AH,1.5,48,70.8,0
29/9/2023,Friday,CGH,13.5,390,88.2,0
29/9/2023,Friday,KTPH,4.2,319,96.9,0
29/9/2023,Friday,NTFGH,6.6,300,95.2,0
29/9/2023,Friday,NUH(A),6.9,291,85.7,0
29/9/2023,Friday,SGH,1.8,338,84,0
29/9/2023,Friday,SKH,4.8,372,82.7,0
29/9/2023,Friday,TTSH,6.5,354,95.9,0
30/9/2023,Saturday,AH,1,54,71.8,0
30/9/2023,Saturday,CGH,10.6,356,87.9,0
30/9/2023,Saturday,KTPH,2.8,328,99.9,0
30/9/2023,Saturday,NTFGH,2.6,281,96,0
30/9/2023,Saturday,NUH(A),3.5,263,84.1,0
30/9/2023,Saturday,SGH,1.8,312,81.4,0
30/9/2023,Saturday,SKH,4.4,334,85.9,0
30/9/2023,Saturday,TTSH,5.7,337,97.1,0
1/10/2023,Sunday,AH,1,54,75.1,0
1/10/2023,Sunday,CGH,17.1,348,89,0
1/10/2023,Sunday,KTPH,9.7,367,100,0
1/10/2023,Sunday,NTFGH,4.6,281,97,0
1/10/2023,Sunday,NUH(A),2.5,261,85,0
1/10/2023,Sunday,SGH,1.2,286,82.9,0
1/10/2023,Sunday,SKH,2.5,352,88.8,0
1/10/2023,Sunday,TTSH,6.1,344,99.8,0
2/10/2023,Monday,AH,2.1,75,75.5,0
2/10/2023,Monday,CGH,18.7,428,90.2,0
2/10/2023,Monday,KTPH,17.8,350,100,0
2/10/2023,Monday,NTFGH,7.4,400,96.6,0
2/10/2023,Monday,NUH(A),5,348,88.6,0
2/10/2023,Monday,SGH,3.6,394,86.7,0
2/10/2023,Monday,SKH,3.4,406,88.8,0
2/10/2023,Monday,TTSH,8.7,427,98.1,0
3/10/2023,Tuesday,AH,1.9,65,72.9,0
3/10/2023,Tuesday,CGH,15.1,403,90.3,0
3/10/2023,Tuesday,KTPH,17.7,350,99.8,0
3/10/2023,Tuesday,NTFGH,7.7,281,99,0
3/10/2023,Tuesday,NUH(A),5.4,301,87.9,0
3/10/2023,Tuesday,SGH,6.9,322,89.4,0
3/10/2023,Tuesday,SKH,5.9,360,88.3,0
3/10/2023,Tuesday,TTSH,9.2,384,99,0
4/10/2023,Wednesday,AH,1.2,52,72.6,0
4/10/2023,Wednesday,CGH,17.1,384,88.6,0
4/10/2023,Wednesday,KTPH,14.6,316,100,0
4/10/2023,Wednesday,NTFGH,10.8,339,96.6,0
4/10/2023,Wednesday,NUH(A),4.1,318,87.1,0
4/10/2023,Wednesday,SGH,9.7,305,89.3,0
4/10/2023,Wednesday,SKH,5.3,342,88.2,0
4/10/2023,Wednesday,TTSH,12.3,393,97,0
5/10/2023,Thursday,AH,2,70,74.4,0
5/10/2023,Thursday,CGH,13,375,89.2,0
5/10/2023,Thursday,KTPH,15.3,285,97,0
5/10/2023,Thursday,NTFGH,7.5,344,94.4,0
5/10/2023,Thursday,NUH(A),6.8,316,89,0
5/10/2023,Thursday,SGH,4.3,369,86.2,0
5/10/2023,Thursday,SKH,4.3,343,86.7,0
5/10/2023,Thursday,TTSH,10.2,377,98,0
6/10/2023,Friday,AH,1.3,59,67.1,0
6/10/2023,Friday,CGH,8.5,361,88.2,0
6/10/2023,Friday,KTPH,5.9,313,99.9,0
6/10/2023,Friday,NTFGH,4.1,323,93.6,0
6/10/2023,Friday,NUH(A),6.1,308,87.3,0
6/10/2023,Friday,SGH,2.5,326,82.3,0
6/10/2023,Friday,SKH,4.2,342,85.9,0
6/10/2023,Friday,TTSH,5.6,376,94.7,0
7/10/2023,Saturday,AH,1.2,55,67.9,0
7/10/2023,Saturday,CGH,7.9,300,86.8,0
7/10/2023,Saturday,KTPH,3.6,300,100,0
7/10/2023,Saturday,NTFGH,3.1,272,94.3,0
7/10/2023,Saturday,NUH(A),5.3,282,85.4,0
7/10/2023,Saturday,SGH,1.8,289,80.2,0
7/10/2023,Saturday,SKH,2.6,293,85,0
7/10/2023,Saturday,TTSH,5.5,341,95.6,0
8/10/2023,Sunday,AH,1.8,63,69.3,0
8/10/2023,Sunday,CGH,7,329,87.4,0
8/10/2023,Sunday,KTPH,3.6,300,100,0
8/10/2023,Sunday,NTFGH,3,304,96.7,0
8/10/2023,Sunday,NUH(A),3.2,270,86,0
8/10/2023,Sunday,SGH,1.5,303,82.6,0
8/10/2023,Sunday,SKH,2.9,351,87.7,0
8/10/2023,Sunday,TTSH,8.2,349,98.7,0
9/10/2023,Monday,AH,1.7,75,73.3,0
9/10/2023,Monday,CGH,14.4,450,87.3,0
9/10/2023,Monday,KTPH,11.3,389,100,0
9/10/2023,Monday,NTFGH,18.4,369,95.9,0
9/10/2023,Monday,NUH(A),4.9,364,87.3,0
9/10/2023,Monday,SGH,2.8,371,86.3,0
9/10/2023,Monday,SKH,6.5,368,89.1,0
9/10/2023,Monday,TTSH,9.5,464,98.4,0
10/10/2023,Tuesday,AH,1.9,67,77.6,0
10/10/2023,Tuesday,CGH,15.3,379,90,0
10/10/2023,Tuesday,KTPH,10.9,353,97.7,0
10/10/2023,Tuesday,NTFGH,10.3,332,97.5,0
10/10/2023,Tuesday,NUH(A),7.6,315,88.9,0
10/10/2023,Tuesday,SGH,6.1,367,87.4,0
10/10/2023,Tuesday,SKH,9,303,89.5,0
10/10/2023,Tuesday,TTSH,11.5,358,98.1,0
11/10/2023,Wednesday,AH,1.5,64,77.3,0
11/10/2023,Wednesday,CGH,12.8,422,89.7,0
11/10/2023,Wednesday,KTPH,8.7,309,100,0
11/10/2023,Wednesday,NTFGH,6.8,339,96.7,0
11/10/2023,Wednesday,NUH(A),6.7,314,86.4,0
11/10/2023,Wednesday,SGH,7,321,86.9,0
11/10/2023,Wednesday,SKH,5.9,325,87.5,0
11/10/2023,Wednesday,TTSH,8.8,436,97.1,0
12/10/2023,Thursday,AH,1.5,64,75.5,0
12/10/2023,Thursday,CGH,13.3,369,89.5,0
12/10/2023,Thursday,KTPH,6.3,333,100,0
12/10/2023,Thursday,NTFGH,6.1,318,98.9,0
12/10/2023,Thursday,NUH(A),6.3,325,87.7,0
12/10/2023,Thursday,SGH,9.2,335,86.9,0
12/10/2023,Thursday,SKH,3.1,351,83.4,0
12/10/2023,Thursday,TTSH,9.1,360,97.1,0
13/10/2023,Friday,AH,1.4,61,73.6,0
13/10/2023,Friday,CGH,15.3,333,87.7,0
13/10/2023,Friday,KTPH,9.3,330,95.9,0
13/10/2023,Friday,NTFGH,3.1,329,94.8,0
13/10/2023,Friday,NUH(A),4.6,286,84.3,0
13/10/2023,Friday,SGH,5.8,300,86.4,0
13/10/2023,Friday,SKH,3,324,82.7,0
13/10/2023,Friday,TTSH,10,353,95.5,0
14/10/2023,Saturday,AH,1,44,74,0
14/10/2023,Saturday,CGH,9.3,317,88.1,0
14/10/2023,Saturday,KTPH,6.6,279,96.4,0
14/10/2023,Saturday,NTFGH,2.6,322,98.5,0
14/10/2023,Saturday,NUH(A),2.9,257,80.7,0
14/10/2023,Saturday,SGH,2.6,298,83,0
14/10/2023,Saturday,SKH,2.2,306,80,0
14/10/2023,Saturday,TTSH,5.7,316,96.5,0
15/10/2023,Sunday,AH,1.6,55,80.5,0
15/10/2023,Sunday,CGH,11.3,326,89,0
15/10/2023,Sunday,KTPH,2.3,285,99.1,0
15/10/2023,Sunday,NTFGH,4.9,309,100,0
15/10/2023,Sunday,NUH(A),2.3,262,81.6,0
15/10/2023,Sunday,SGH,4.2,287,85.3,0
15/10/2023,Sunday,SKH,2.2,333,85,0
15/10/2023,Sunday,TTSH,4.8,327,98.2,0
16/10/2023,Monday,AH,1.9,68,85.9,0
16/10/2023,Monday,CGH,12,404,88.3,0
16/10/2023,Monday,KTPH,5.5,372,97.1,0
16/10/2023,Monday,NTFGH,9.2,394,100,0
16/10/2023,Monday,NUH(A),2.9,359,84.3,0
16/10/2023,Monday,SGH,12.3,387,87.8,0
16/10/2023,Monday,SKH,7.7,379,87.9,0
16/10/2023,Monday,TTSH,8.8,444,99.8,0
17/10/2023,Tuesday,AH,1.9,71,87.4,0
17/10/2023,Tuesday,CGH,8.8,384,90.5,0
17/10/2023,Tuesday,KTPH,4.7,351,95.8,0
17/10/2023,Tuesday,NTFGH,21,337,100,0
17/10/2023,Tuesday,NUH(A),5.1,314,86.5,0
17/10/2023,Tuesday,SGH,8.1,301,88,0
17/10/2023,Tuesday,SKH,6.7,360,87,0
17/10/2023,Tuesday,TTSH,14.3,381,97.6,0
18/10/2023,Wednesday,AH,1.9,63,85.2,0
18/10/2023,Wednesday,CGH,8.5,343,87.4,0
18/10/2023,Wednesday,KTPH,6.2,310,97.2,0
18/10/2023,Wednesday,NTFGH,16.7,329,98,0
18/10/2023,Wednesday,NUH(A),5.2,273,86.5,0
18/10/2023,Wednesday,SGH,5.2,310,88.4,0
18/10/2023,Wednesday,SKH,7.3,362,85.5,0
18/10/2023,Wednesday,TTSH,12.1,380,97.5,0
19/10/2023,Thursday,AH,1.7,46,80.9,0
19/10/2023,Thursday,CGH,3.5,366,86.3,0
19/10/2023,Thursday,KTPH,3.1,329,95.9,0
19/10/2023,Thursday,NTFGH,11.1,324,96.5,0
19/10/2023,Thursday,NUH(A),6.3,310,86.2,0
19/10/2023,Thursday,SGH,4.8,321,86.6,0
19/10/2023,Thursday,SKH,5.1,342,87.7,0
19/10/2023,Thursday,TTSH,7.2,375,96.3,0
20/10/2023,Friday,AH,1.2,66,74.4,0
20/10/2023,Friday,CGH,4.1,358,87.3,0
20/10/2023,Friday,KTPH,2,336,93.4,0
20/10/2023,Friday,NTFGH,3.7,312,98.8,0
20/10/2023,Friday,NUH(A),3.6,308,86.2,0
20/10/2023,Friday,SGH,2.6,320,84,0
20/10/2023,Friday,SKH,4.1,324,86.7,0
20/10/2023,Friday,TTSH,7.2,402,95,0
21/10/2023,Saturday,AH,1.5,51,71.5,0
21/10/2023,Saturday,CGH,2.8,324,86.5,0
21/10/2023,Saturday,KTPH,1.2,270,95.8,0
21/10/2023,Saturday,NTFGH,2.6,260,98.9,0
21/10/2023,Saturday,NUH(A),2.4,248,80.6,0
21/10/2023,Saturday,SGH,1.6,315,80.9,0
21/10/2023,Saturday,SKH,2.7,302,85.4,0
21/10/2023,Saturday,TTSH,5.3,333,97.4,0
22/10/2023,Sunday,AH,1.2,48,72.6,0
22/10/2023,Sunday,CGH,2.9,316,88.3,0
22/10/2023,Sunday,KTPH,1.2,268,99.3,0
22/10/2023,Sunday,NTFGH,4.2,278,99,0
22/10/2023,Sunday,NUH(A),2.1,254,81.7,0
22/10/2023,Sunday,SGH,1,253,82.4,0
22/10/2023,Sunday,SKH,3.2,318,86.9,0
22/10/2023,Sunday,TTSH,9.8,345,99.1,0
23/10/2023,Monday,AH,1.5,69,78,0
23/10/2023,Monday,CGH,16.9,399,84.5,0
23/10/2023,Monday,KTPH,7.7,364,99.4,0
23/10/2023,Monday,NTFGH,7.2,402,98.9,0
23/10/2023,Monday,NUH(A),3.6,388,85.6,0
23/10/2023,Monday,SGH,3.4,388,86,0
23/10/2023,Monday,SKH,4.7,399,89.9,0
23/10/2023,Monday,TTSH,11.8,382,98.1,0
24/10/2023,Tuesday,AH,1.8,74,83,0
24/10/2023,Tuesday,CGH,12.3,351,86,0
24/10/2023,Tuesday,KTPH,11.2,300,98.4,0
24/10/2023,Tuesday,NTFGH,8.1,321,98,0
24/10/2023,Tuesday,NUH(A),5.8,303,87.9,0
24/10/2023,Tuesday,SGH,4.5,265,87.3,0
24/10/2023,Tuesday,SKH,6,342,90.4,0
24/10/2023,Tuesday,TTSH,13.1,361,97.7,0
25/10/2023,Wednesday,AH,1.9,71,83,0
25/10/2023,Wednesday,CGH,6,357,85.7,0
25/10/2023,Wednesday,KTPH,4.2,298,94.8,0
25/10/2023,Wednesday,NTFGH,5,322,95.1,0
25/10/2023,Wednesday,NUH(A),3.9,293,87.5,0
25/10/2023,Wednesday,SGH,4.8,317,86,0
25/10/2023,Wednesday,SKH,5.9,336,89.1,0
25/10/2023,Wednesday,TTSH,9.9,384,97.1,0
26/10/2023,Thursday,AH,2.5,74,81.6,0
26/10/2023,Thursday,CGH,11,361,84.6,0
26/10/2023,Thursday,KTPH,1.5,312,92.9,0
26/10/2023,Thursday,NTFGH,3,317,94.5,0
26/10/2023,Thursday,NUH(A),3.6,297,87.2,0
26/10/2023,Thursday,SGH,4.7,290,84.9,0
26/10/2023,Thursday,SKH,4,340,86.5,0
26/10/2023,Thursday,TTSH,9.6,383,97.3,0
27/10/2023,Friday,AH,1.5,66,74,0
27/10/2023,Friday,CGH,6.2,377,84,0
27/10/2023,Friday,KTPH,1.4,318,92,0
27/10/2023,Friday,NTFGH,2.4,294,89.2,0
27/10/2023,Friday,NUH(A),3.8,312,84.5,0
27/10/2023,Friday,SGH,2.3,304,81.3,0
27/10/2023,Friday,SKH,3,323,83.7,0
27/10/2023,Friday,TTSH,9.7,361,98.5,0
28/10/2023,Saturday,AH,0.9,53,70.4,0
28/10/2023,Saturday,CGH,2.7,335,84.9,0
28/10/2023,Saturday,KTPH,2.5,275,91.9,0
28/10/2023,Saturday,NTFGH,2.1,307,90.7,0
28/10/2023,Saturday,NUH(A),3.5,258,81.7,0
28/10/2023,Saturday,SGH,1.8,281,79.8,0
28/10/2023,Saturday,SKH,1.8,299,81.6,0
28/10/2023,Saturday,TTSH,6.6,338,97.6,0
29/10/2023,Sunday,AH,1.3,67,72.9,0
29/10/2023,Sunday,CGH,3.8,351,86,0
29/10/2023,Sunday,KTPH,1.5,256,95.4,0
29/10/2023,Sunday,NTFGH,2.4,294,96.3,0
29/10/2023,Sunday,NUH(A),2.4,223,83.6,0
29/10/2023,Sunday,SGH,1.4,300,82,0
29/10/2023,Sunday,SKH,2.1,323,84.8,0
29/10/2023,Sunday,TTSH,8.3,323,99.7,0
30/10/2023,Monday,AH,1.5,75,76.9,0
30/10/2023,Monday,CGH,12.3,439,86.6,0
30/10/2023,Monday,KTPH,2.7,385,98.8,0
30/10/2023,Monday,NTFGH,6,391,96,0
30/10/2023,Monday,NUH(A),4.8,370,88.2,0
30/10/2023,Monday,SGH,3.1,353,84.8,0
30/10/2023,Monday,SKH,3.3,404,88.8,0
30/10/2023,Monday,TTSH,8.6,426,98.6,0
31/10/2023,Tuesday,AH,1.4,48,70.8,0
31/10/2023,Tuesday,CGH,19.7,345,86.8,0
31/10/2023,Tuesday,KTPH,7.6,324,100,0
31/10/2023,Tuesday,NTFGH,5.3,321,97.7,0
31/10/2023,Tuesday,NUH(A),6,293,89.3,0
31/10/2023,Tuesday,SGH,3,320,86.1,0
31/10/2023,Tuesday,SKH,4.9,352,88.9,0
31/10/2023,Tuesday,TTSH,11.6,362,98.4,0
1/11/2023,Wednesday,AH,1.3,66,67.1,0
1/11/2023,Wednesday,CGH,21.8,390,86.6,0
1/11/2023,Wednesday,KTPH,7.2,352,100,0
1/11/2023,Wednesday,NTFGH,6,313,95.4,0
1/11/2023,Wednesday,NUH(A),7.1,298,88.1,0
1/11/2023,Wednesday,SGH,2.6,318,85.3,0
1/11/2023,Wednesday,SKH,5.3,310,89,0
1/11/2023,Wednesday,TTSH,13.3,365,96.5,0
2/11/2023,Thursday,AH,1.5,52,67.1,0
2/11/2023,Thursday,CGH,8.2,363,85.3,0
2/11/2023,Thursday,KTPH,5.7,279,100,0
2/11/2023,Thursday,NTFGH,2.3,299,92.4,0
2/11/2023,Thursday,NUH(A),3.6,320,85.5,0
2/11/2023,Thursday,SGH,4.3,337,86,0
2/11/2023,Thursday,SKH,4.5,337,88.5,0
2/11/2023,Thursday,TTSH,10,350,96.5,0
3/11/2023,Friday,AH,1.6,66,63.2,0
3/11/2023,Friday,CGH,9.5,355,86.3,0
3/11/2023,Friday,KTPH,6.8,277,96.9,0
3/11/2023,Friday,NTFGH,1.8,276,87.8,0
3/11/2023,Friday,NUH(A),4,311,82.9,0
3/11/2023,Friday,SGH,3.3,283,83.4,0
3/11/2023,Friday,SKH,3.1,299,84.9,0
3/11/2023,Friday,TTSH,8,347,97.6,0
4/11/2023,Saturday,AH,1,58,62.8,0
4/11/2023,Saturday,CGH,12.5,334,85,0
4/11/2023,Saturday,KTPH,2.1,253,96.3,0
4/11/2023,Saturday,NTFGH,2,257,90.3,0
4/11/2023,Saturday,NUH(A),3.3,270,81.4,0
4/11/2023,Saturday,SGH,1.1,281,81,0
4/11/2023,Saturday,SKH,2.1,277,82.5,0
4/11/2023,Saturday,TTSH,5.2,296,98.1,0
5/11/2023,Sunday,AH,1.6,55,61,0
5/11/2023,Sunday,CGH,6.8,314,86.6,0
5/11/2023,Sunday,KTPH,5.2,278,97.2,0
5/11/2023,Sunday,NTFGH,1.8,284,95.1,0
5/11/2023,Sunday,NUH(A),3,261,83.2,0
5/11/2023,Sunday,SGH,2.8,300,82,0
5/11/2023,Sunday,SKH,2.4,316,85.4,0
5/11/2023,Sunday,TTSH,3.7,297,99,0
6/11/2023,Monday,AH,1.7,80,65.3,0
6/11/2023,Monday,CGH,25.1,400,86.6,0
6/11/2023,Monday,KTPH,10.4,361,98.5,0
6/11/2023,Monday,NTFGH,3.4,389,95.5,0
6/11/2023,Monday,NUH(A),3.8,328,85.3,0
6/11/2023,Monday,SGH,5.3,362,86.3,0
6/11/2023,Monday,SKH,4.4,369,87.3,0
6/11/2023,Monday,TTSH,5,399,98.8,0
7/11/2023,Tuesday,AH,1.1,61,66.1,0
7/11/2023,Tuesday,CGH,16.1,338,86.5,0
7/11/2023,Tuesday,KTPH,8.1,316,98.5,0
7/11/2023,Tuesday,NTFGH,4.2,304,96.5,0
7/11/2023,Tuesday,NUH(A),5.4,301,86.3,0
7/11/2023,Tuesday,SGH,5.4,317,86,0
7/11/2023,Tuesday,SKH,3.2,341,87.3,0
7/11/2023,Tuesday,TTSH,7.6,373,98.3,0
8/11/2023,Wednesday,AH,1.2,60,65.7,0
8/11/2023,Wednesday,CGH,8.7,351,85.9,0
8/11/2023,Wednesday,KTPH,4.4,269,95.9,0
8/11/2023,Wednesday,NTFGH,3,334,94.5,0
8/11/2023,Wednesday,NUH(A),5.5,293,87.4,0
8/11/2023,Wednesday,SGH,6.1,314,85.8,0
8/11/2023,Wednesday,SKH,2.4,368,87.8,0
8/11/2023,Wednesday,TTSH,6.9,354,97.5,0
9/11/2023,Thursday,AH,1.6,60,63.9,0
9/11/2023,Thursday,CGH,7.3,322,85.2,0
9/11/2023,Thursday,KTPH,3.6,310,91.5,0
9/11/2023,Thursday,NTFGH,3,317,92.2,0
9/11/2023,Thursday,NUH(A),4.6,291,84.3,0
9/11/2023,Thursday,SGH,4.3,291,86,0
9/11/2023,Thursday,SKH,2.5,313,81,0
9/11/2023,Thursday,TTSH,5.2,344,95.4,0
10/11/2023,Friday,AH,1.9,60,61.7,0
10/11/2023,Friday,CGH,1.3,340,86.3,0
10/11/2023,Friday,KTPH,2.4,327,87.9,0
10/11/2023,Friday,NTFGH,4.1,323,92.3,0
10/11/2023,Friday,NUH(A),2.9,279,81.7,0
10/11/2023,Friday,SGH,3.1,295,82.2,0
10/11/2023,Friday,SKH,1.9,310,76.9,0
10/11/2023,Friday,TTSH,4.8,330,91,0
11/11/2023,Saturday,AH,1.4,48,60.6,0
11/11/2023,Saturday,CGH,1.3,353,85,0
11/11/2023,Saturday,KTPH,0.9,284,88.7,0
11/11/2023,Saturday,NTFGH,2.7,261,92.5,0
11/11/2023,Saturday,NUH(A),2.9,268,74.1,0
11/11/2023,Saturday,SGH,1.6,351,79.8,0
11/11/2023,Saturday,SKH,1.8,268,73.1,0
11/11/2023,Saturday,TTSH,3.9,323,91.5,0
12/11/2023,Sunday,AH,1.4,57,63.2,1
12/11/2023,Sunday,CGH,1.4,319,86.2,1
12/11/2023,Sunday,KTPH,1.1,233,91.6,1
12/11/2023,Sunday,NTFGH,2.8,205,93.3,1
12/11/2023,Sunday,NUH(A),2.1,259,75.6,1
12/11/2023,Sunday,SGH,1.3,280,80.7,1
12/11/2023,Sunday,SKH,1.6,294,76.2,1
12/11/2023,Sunday,TTSH,3.6,321,91.9,1
13/11/2023,Monday,AH,1.7,61,66.1,0
13/11/2023,Monday,CGH,3.6,357,87.4,0
13/11/2023,Monday,KTPH,1.5,323,97.5,0
13/11/2023,Monday,NTFGH,2.4,308,94.1,0
13/11/2023,Monday,NUH(A),2.7,265,77.8,0
13/11/2023,Monday,SGH,2.5,305,83.5,0
13/11/2023,Monday,SKH,1.4,356,81.5,0
13/11/2023,Monday,TTSH,4.2,344,95.7,0
14/11/2023,Tuesday,AH,1,61,68.6,0
14/11/2023,Tuesday,CGH,9.3,437,87.1,0
14/11/2023,Tuesday,KTPH,4.9,383,95.8,0
14/11/2023,Tuesday,NTFGH,5.1,373,96.2,0
14/11/2023,Tuesday,NUH(A),3.3,372,81.6,0
14/11/2023,Tuesday,SGH,8.5,375,86,0
14/11/2023,Tuesday,SKH,4,417,85.5,0
14/11/2023,Tuesday,TTSH,6.2,418,96.2,0
15/11/2023,Wednesday,AH,1.5,61,66.4,0
15/11/2023,Wednesday,CGH,18.4,335,86.9,0
15/11/2023,Wednesday,KTPH,8.9,338,95.8,0
15/11/2023,Wednesday,NTFGH,7.6,319,94.7,0
15/11/2023,Wednesday,NUH(A),3.4,283,83.8,0
15/11/2023,Wednesday,SGH,11.8,324,87.4,0
15/11/2023,Wednesday,SKH,5.3,305,85.4,0
15/11/2023,Wednesday,TTSH,7.6,387,95.5,0
16/11/2023,Thursday,AH,1.6,56,67.1,0
16/11/2023,Thursday,CGH,16.2,344,85.6,0
16/11/2023,Thursday,KTPH,5.3,328,94.3,0
16/11/2023,Thursday,NTFGH,3.6,305,93.4,0
16/11/2023,Thursday,NUH(A),3.6,323,86.4,0
16/11/2023,Thursday,SGH,9,327,86.9,0
16/11/2023,Thursday,SKH,2.6,297,84.2,0
16/11/2023,Thursday,TTSH,7.4,363,94.8,0
17/11/2023,Friday,AH,1.8,58,63.5,0
17/11/2023,Friday,CGH,9.7,322,85.5,0
17/11/2023,Friday,KTPH,4.4,320,94,0
17/11/2023,Friday,NTFGH,3.2,321,93.7,0
17/11/2023,Friday,NUH(A),4.6,272,78.8,0
17/11/2023,Friday,SGH,5.3,309,85.4,0
17/11/2023,Friday,SKH,1.9,299,80.6,0
17/11/2023,Friday,TTSH,6.3,332,93.7,0
18/11/2023,Saturday,AH,1,60,60.3,0
18/11/2023,Saturday,CGH,3.5,338,85.3,0
18/11/2023,Saturday,KTPH,5.2,310,92.7,0
18/11/2023,Saturday,NTFGH,3,308,98.2,0
18/11/2023,Saturday,NUH(A),2.4,285,74.4,0
18/11/2023,Saturday,SGH,3.4,292,83.7,0
18/11/2023,Saturday,SKH,1.9,294,78.4,0
18/11/2023,Saturday,TTSH,5.4,328,96.9,0
19/11/2023,Sunday,AH,1.6,59,63.5,0
19/11/2023,Sunday,CGH,1.8,349,88.5,0
19/11/2023,Sunday,KTPH,3.3,281,95,0
19/11/2023,Sunday,NTFGH,8.1,299,97.5,0
19/11/2023,Sunday,NUH(A),2.7,266,78.3,0
19/11/2023,Sunday,SGH,3.5,247,85.5,0
19/11/2023,Sunday,SKH,1.7,304,80.8,0
19/11/2023,Sunday,TTSH,5.7,340,98.6,0
20/11/2023,Monday,AH,1.8,78,71.1,0
20/11/2023,Monday,CGH,14.6,445,86.5,0
20/11/2023,Monday,KTPH,6.8,377,96.7,0
20/11/2023,Monday,NTFGH,12.6,414,96.5,0
20/11/2023,Monday,NUH(A),4,367,84.9,0
20/11/2023,Monday,SGH,7,379,87.7,0
20/11/2023,Monday,SKH,2.1,436,84.3,0
20/11/2023,Monday,TTSH,7.3,427,96.7,0
21/11/2023,Tuesday,AH,1.7,64,76.9,0
21/11/2023,Tuesday,CGH,15.3,392,85.5,0
21/11/2023,Tuesday,KTPH,7.8,331,97.9,0
21/11/2023,Tuesday,NTFGH,12,339,97.3,0
21/11/2023,Tuesday,NUH(A),6.7,336,87.1,0
21/11/2023,Tuesday,SGH,9.1,328,88.9,0
21/11/2023,Tuesday,SKH,2.6,333,87.7,0
21/11/2023,Tuesday,TTSH,8,372,96.4,0
22/11/2023,Wednesday,AH,2.5,53,70.4,0
22/11/2023,Wednesday,CGH,11.8,345,86.5,0
22/11/2023,Wednesday,KTPH,8.6,321,99.3,0
22/11/2023,Wednesday,NTFGH,9.2,310,97.1,0
22/11/2023,Wednesday,NUH(A),6.2,316,87.4,0
22/11/2023,Wednesday,SGH,5.1,324,87.1,0
22/11/2023,Wednesday,SKH,2.1,351,81.8,0
22/11/2023,Wednesday,TTSH,7.3,388,97.8,0
23/11/2023,Thursday,AH,1.5,63,63.2,0
23/11/2023,Thursday,CGH,8.7,367,85.1,0
23/11/2023,Thursday,KTPH,7.8,277,96.8,0
23/11/2023,Thursday,NTFGH,4.6,340,96,0
23/11/2023,Thursday,NUH(A),7.6,297,89.1,0
23/11/2023,Thursday,SGH,6.3,375,87.6,0
23/11/2023,Thursday,SKH,2,343,79.4,0
23/11/2023,Thursday,TTSH,7.3,390,97.1,0
24/11/2023,Friday,AH,1.9,40,61,0
24/11/2023,Friday,CGH,5.1,375,85.4,0
24/11/2023,Friday,KTPH,3.3,290,91.9,0
24/11/2023,Friday,NTFGH,3.7,299,91.5,0
24/11/2023,Friday,NUH(A),6.8,301,86.1,0
24/11/2023,Friday,SGH,4.1,344,84.6,0
24/11/2023,Friday,SKH,2,308,79.9,0
24/11/2023,Friday,TTSH,8.1,371,94.2,0
25/11/2023,Saturday,AH,1.5,65,60.3,0
25/11/2023,Saturday,CGH,3.8,332,84,0
25/11/2023,Saturday,KTPH,2,274,94.1,0
25/11/2023,Saturday,NTFGH,2.3,284,94.4,0
25/11/2023,Saturday,NUH(A),4.2,254,85.1,0
25/11/2023,Saturday,SGH,4.5,260,83.7,0
25/11/2023,Saturday,SKH,1.9,283,78.1,0
25/11/2023,Saturday,TTSH,5.5,329,95.3,0
26/11/2023,Sunday,AH,2.2,61,63.5,0
26/11/2023,Sunday,CGH,6.7,327,86,0
26/11/2023,Sunday,KTPH,1.4,308,95.3,0
26/11/2023,Sunday,NTFGH,2.9,269,97,0
26/11/2023,Sunday,NUH(A),6.6,221,84.6,0
26/11/2023,Sunday,SGH,3,254,84.9,0
26/11/2023,Sunday,SKH,1.7,321,81.5,0
26/11/2023,Sunday,TTSH,6.2,341,98.6,0
27/11/2023,Monday,AH,1,66,65.3,0
27/11/2023,Monday,CGH,11.6,413,86.7,0
27/11/2023,Monday,KTPH,5,379,94.5,0
27/11/2023,Monday,NTFGH,5.4,369,97,0
27/11/2023,Monday,NUH(A),5.1,306,87.7,0
27/11/2023,Monday,SGH,5.5,389,86.6,0
27/11/2023,Monday,SKH,3,388,84.2,0
27/11/2023,Monday,TTSH,8.3,427,97.7,0
28/11/2023,Tuesday,AH,1.5,55,69.3,0
28/11/2023,Tuesday,CGH,15.2,392,86.5,0
28/11/2023,Tuesday,KTPH,4.8,350,96.1,0
28/11/2023,Tuesday,NTFGH,11.5,363,100,0
28/11/2023,Tuesday,NUH(A),5.8,309,87.7,0
28/11/2023,Tuesday,SGH,7,333,86.6,0
28/11/2023,Tuesday,SKH,4.4,344,88.5,0
28/11/2023,Tuesday,TTSH,11.2,370,98.8,0
29/11/2023,Wednesday,AH,1.7,56,72.2,0
29/11/2023,Wednesday,CGH,16.6,381,85.4,0
29/11/2023,Wednesday,KTPH,8,343,95.8,0
29/11/2023,Wednesday,NTFGH,10.5,335,98.9,0
29/11/2023,Wednesday,NUH(A),6.9,303,85.5,0
29/11/2023,Wednesday,SGH,5.2,302,85.4,0
29/11/2023,Wednesday,SKH,5.7,339,85.4,0
29/11/2023,Wednesday,TTSH,7.7,386,95.6,0
30/11/2023,Thursday,AH,1.9,56,69.3,0
30/11/2023,Thursday,CGH,13.3,377,84.9,0
30/11/2023,Thursday,KTPH,12,325,95.7,0
30/11/2023,Thursday,NTFGH,10,311,98.1,0
30/11/2023,Thursday,NUH(A),5.6,326,85.1,0
30/11/2023,Thursday,SGH,6.5,347,86.2,0
30/11/2023,Thursday,SKH,4.7,315,87.1,0
30/11/2023,Thursday,TTSH,5,390,97.5,0
1/12/2023,Friday,AH,1.7,66,69.3,0
1/12/2023,Friday,CGH,12.4,374,83.3,0
1/12/2023,Friday,KTPH,3.9,336,94.6,0
1/12/2023,Friday,NTFGH,7.8,339,94.8,0
1/12/2023,Friday,NUH(A),6.1,293,84.3,0
1/12/2023,Friday,SGH,3.4,324,84.2,0
1/12/2023,Friday,SKH,2.9,307,82.6,0
1/12/2023,Friday,TTSH,5.1,370,93,0
2/12/2023,Saturday,AH,1.3,65,64.3,0
2/12/2023,Saturday,CGH,10.7,342,84.5,0
2/12/2023,Saturday,KTPH,2.5,301,96.2,0
2/12/2023,Saturday,NTFGH,5.8,307,97.8,0
2/12/2023,Saturday,NUH(A),3.8,281,82.5,0
2/12/2023,Saturday,SGH,4.2,309,82.8,0
2/12/2023,Saturday,SKH,2,303,81.4,0
2/12/2023,Saturday,TTSH,4.8,355,95.3,0
3/12/2023,Sunday,AH,1.3,70,66.1,0
3/12/2023,Sunday,CGH,13.6,335,84.6,0
3/12/2023,Sunday,KTPH,1.7,299,97.4,0
3/12/2023,Sunday,NTFGH,13.3,283,98.9,0
3/12/2023,Sunday,NUH(A),4.1,258,84.3,0
3/12/2023,Sunday,SGH,4.5,300,83.8,0
3/12/2023,Sunday,SKH,2.3,317,85.6,0
3/12/2023,Sunday,TTSH,5.8,356,99,0
4/12/2023,Monday,AH,1.5,72,72.9,0
4/12/2023,Monday,CGH,22.1,402,85.9,0
4/12/2023,Monday,KTPH,4.2,381,99.9,0
4/12/2023,Monday,NTFGH,19,389,100,0
4/12/2023,Monday,NUH(A),5.3,376,87.4,0
4/12/2023,Monday,SGH,6.5,384,84.3,0
4/12/2023,Monday,SKH,2,400,87.3,0
4/12/2023,Monday,TTSH,8,429,96.7,0
5/12/2023,Tuesday,AH,2.5,73,80.9,0
5/12/2023,Tuesday,CGH,23.6,404,84.8,0
5/12/2023,Tuesday,KTPH,16.5,361,99.3,0
5/12/2023,Tuesday,NTFGH,19.5,367,100,0
5/12/2023,Tuesday,NUH(A),7.6,353,86.4,0
5/12/2023,Tuesday,SGH,12.4,333,86.5,0
5/12/2023,Tuesday,SKH,3.3,343,90.4,0
5/12/2023,Tuesday,TTSH,10.6,403,96.7,0
6/12/2023,Wednesday,AH,2.1,58,85.2,0
6/12/2023,Wednesday,CGH,21.7,397,85.6,0
6/12/2023,Wednesday,KTPH,10.2,366,100,0
6/12/2023,Wednesday,NTFGH,16.7,372,96.3,0
6/12/2023,Wednesday,NUH(A),9.9,335,87.6,0
6/12/2023,Wednesday,SGH,10.3,321,85.6,0
6/12/2023,Wednesday,SKH,4.7,364,87.1,0
6/12/2023,Wednesday,TTSH,8.3,446,97.3,0
7/12/2023,Thursday,AH,1.5,60,84.8,0
7/12/2023,Thursday,CGH,21,398,84.9,0
7/12/2023,Thursday,KTPH,9.4,373,100,0
7/12/2023,Thursday,NTFGH,14,350,96,0
7/12/2023,Thursday,NUH(A),9.2,344,87.7,0
7/12/2023,Thursday,SGH,6.6,331,85.9,0
7/12/2023,Thursday,SKH,4.6,356,86.2,0
7/12/2023,Thursday,TTSH,8.7,361,96.7,0
8/12/2023,Friday,AH,1.8,83,81.2,0
8/12/2023,Friday,CGH,17.6,378,86,0
8/12/2023,Friday,KTPH,7.8,327,99.1,0
8/12/2023,Friday,NTFGH,8.5,336,99,0
8/12/2023,Friday,NUH(A),5.9,329,84.5,0
8/12/2023,Friday,SGH,5.7,341,83.1,0
8/12/2023,Friday,SKH,5.1,331,85.1,0
8/12/2023,Friday,TTSH,7.4,413,94.1,0
9/12/2023,Saturday,AH,1.2,53,85.9,0
9/12/2023,Saturday,CGH,11.5,349,84.7,0
9/12/2023,Saturday,KTPH,7.2,268,100,0
9/12/2023,Saturday,NTFGH,6.3,316,97.3,0
9/12/2023,Saturday,NUH(A),4,308,80.6,0
9/12/2023,Saturday,SGH,3.7,346,82.4,0
9/12/2023,Saturday,SKH,2.5,302,85.5,0
9/12/2023,Saturday,TTSH,6.2,374,96.8,0
10/12/2023,Sunday,AH,2,77,89.2,0
10/12/2023,Sunday,CGH,13.1,365,86.1,0
10/12/2023,Sunday,KTPH,5.7,307,100,0
10/12/2023,Sunday,NTFGH,7.8,299,98.6,0
10/12/2023,Sunday,NUH(A),4.1,273,83.7,0
10/12/2023,Sunday,SGH,4.9,263,85.2,0
10/12/2023,Sunday,SKH,4.4,363,88.2,0
10/12/2023,Sunday,TTSH,5.2,375,99.4,0
11/12/2023,Monday,AH,2.9,92,90.6,0
11/12/2023,Monday,CGH,20.7,449,83.9,0
11/12/2023,Monday,KTPH,20.5,390,100,0
11/12/2023,Monday,NTFGH,9.1,401,99.2,0
11/12/2023,Monday,NUH(A),5.6,406,88.3,0
11/12/2023,Monday,SGH,8.9,398,87,0
11/12/2023,Monday,SKH,8,412,89,0
11/12/2023,Monday,TTSH,12.2,499,99.2,0
12/12/2023,Tuesday,AH,2.6,84,92.4,0
12/12/2023,Tuesday,CGH,23.3,379,85,0
12/12/2023,Tuesday,KTPH,22.7,316,100,0
12/12/2023,Tuesday,NTFGH,16.5,344,99.5,0
12/12/2023,Tuesday,NUH(A),8.1,331,89,0
12/12/2023,Tuesday,SGH,6,325,88.5,0
12/12/2023,Tuesday,SKH,12.1,354,90.3,0
12/12/2023,Tuesday,TTSH,19,382,98.9,0
13/12/2023,Wednesday,AH,9.2,65,90.3,0
13/12/2023,Wednesday,CGH,19.8,408,83.6,0
13/12/2023,Wednesday,KTPH,9.6,353,100,0
13/12/2023,Wednesday,NTFGH,16.5,336,97.8,0
13/12/2023,Wednesday,NUH(A),9.6,351,90.2,0
13/12/2023,Wednesday,SGH,6.7,320,87.9,0
13/12/2023,Wednesday,SKH,13.5,355,87.4,0
13/12/2023,Wednesday,TTSH,17.8,371,97.7,0
14/12/2023,Thursday,AH,3.7,66,92.8,0
14/12/2023,Thursday,CGH,14.6,356,83.9,0
14/12/2023,Thursday,KTPH,8.6,336,100,0
14/12/2023,Thursday,NTFGH,11.3,363,99.7,0
14/12/2023,Thursday,NUH(A),9,311,89.2,0
14/12/2023,Thursday,SGH,4.4,298,87,0
14/12/2023,Thursday,SKH,8.9,338,87.2,0
14/12/2023,Thursday,TTSH,9.9,365,95.7,0
15/12/2023,Friday,AH,3.8,74,88.1,0
15/12/2023,Friday,CGH,16,366,81.7,0
15/12/2023,Friday,KTPH,10.4,332,96.9,0
15/12/2023,Friday,NTFGH,17.3,307,97.7,0
15/12/2023,Friday,NUH(A),4.4,325,86.4,0
15/12/2023,Friday,SGH,5.6,319,83.7,0
15/12/2023,Friday,SKH,6.2,343,86.9,0
15/12/2023,Friday,TTSH,7.8,420,93.1,0
16/12/2023,Saturday,AH,1.7,64,87,0
16/12/2023,Saturday,CGH,2,336,81,0
16/12/2023,Saturday,KTPH,10.3,290,100,0
16/12/2023,Saturday,NTFGH,5.2,291,97.3,0
16/12/2023,Saturday,NUH(A),3.6,268,85.2,0
16/12/2023,Saturday,SGH,3.4,291,83.6,0
16/12/2023,Saturday,SKH,5.2,329,87.2,0
16/12/2023,Saturday,TTSH,5.4,328,95.3,0
17/12/2023,Sunday,AH,2.1,83,91,0
17/12/2023,Sunday,CGH,4.1,322,83.6,0
17/12/2023,Sunday,KTPH,11,291,100,0
17/12/2023,Sunday,NTFGH,11,270,100,0
17/12/2023,Sunday,NUH(A),3.7,236,85.9,0
17/12/2023,Sunday,SGH,3.7,310,87.4,0
17/12/2023,Sunday,SKH,5.5,287,88.9,0
17/12/2023,Sunday,TTSH,4.7,319,97.7,0
18/12/2023,Monday,AH,3.1,77,92.8,0
18/12/2023,Monday,CGH,18.7,463,83,0
18/12/2023,Monday,KTPH,16.9,389,100,0
18/12/2023,Monday,NTFGH,17.3,357,100,0
18/12/2023,Monday,NUH(A),4.3,355,87.8,0
18/12/2023,Monday,SGH,8.2,351,89.1,0
18/12/2023,Monday,SKH,5.4,384,90.9,0
18/12/2023,Monday,TTSH,5.9,420,97.5,0
19/12/2023,Tuesday,AH,4.4,72,88.1,0
19/12/2023,Tuesday,CGH,18,358,82.4,0
19/12/2023,Tuesday,KTPH,16.1,332,99.9,0
19/12/2023,Tuesday,NTFGH,22.3,321,98.8,0
19/12/2023,Tuesday,NUH(A),5.2,340,85.8,0
19/12/2023,Tuesday,SGH,10.8,327,89.1,0
19/12/2023,Tuesday,SKH,7.6,358,90.9,0
19/12/2023,Tuesday,TTSH,7.8,390,98.9,0
20/12/2023,Wednesday,AH,1.9,82,87.7,0
20/12/2023,Wednesday,CGH,7.3,372,81.8,0
20/12/2023,Wednesday,KTPH,23.1,319,99.6,0
20/12/2023,Wednesday,NTFGH,20.2,319,99.5,0
20/12/2023,Wednesday,NUH(A),5,311,84.8,0
20/12/2023,Wednesday,SGH,9.2,319,88,0
20/12/2023,Wednesday,SKH,10.4,312,89.3,0
20/12/2023,Wednesday,TTSH,7.4,375,97.7,0
21/12/2023,Thursday,AH,1.7,55,87.7,0
21/12/2023,Thursday,CGH,9.7,344,81.9,0
21/12/2023,Thursday,KTPH,8.7,304,99.5,0
21/12/2023,Thursday,NTFGH,11.6,335,100,0
21/12/2023,Thursday,NUH(A),3.4,302,81.5,0
21/12/2023,Thursday,SGH,7.6,292,88.7,0
21/12/2023,Thursday,SKH,4.7,331,87.4,0
21/12/2023,Thursday,TTSH,6,366,95.3,0
22/12/2023,Friday,AH,4.2,59,86.3,0
22/12/2023,Friday,CGH,5.6,332,82,0
22/12/2023,Friday,KTPH,8,284,97.7,0
22/12/2023,Friday,NTFGH,15.1,267,98.9,0
22/12/2023,Friday,NUH(A),2.9,271,77,0
22/12/2023,Friday,SGH,4.9,320,86.2,0
22/12/2023,Friday,SKH,2.7,304,83.9,0
22/12/2023,Friday,TTSH,5.1,338,92.7,0
23/12/2023,Saturday,AH,1,53,80.9,0
23/12/2023,Saturday,CGH,2.5,302,82.6,0
23/12/2023,Saturday,KTPH,3.7,301,99.3,0
23/12/2023,Saturday,NTFGH,5.8,274,98.9,0
23/12/2023,Saturday,NUH(A),2.5,279,74.6,0
23/12/2023,Saturday,SGH,2.8,271,83.7,0
23/12/2023,Saturday,SKH,1.9,304,83.2,0
23/12/2023,Saturday,TTSH,3.8,322,91,0
24/12/2023,Sunday,AH,1,55,83.4,0
24/12/2023,Sunday,CGH,2.9,309,83.5,0
24/12/2023,Sunday,KTPH,4.5,269,100,0
24/12/2023,Sunday,NTFGH,7.7,267,98.2,0
24/12/2023,Sunday,NUH(A),2.7,237,72.5,0
24/12/2023,Sunday,SGH,1.7,260,81.1,0
24/12/2023,Sunday,SKH,2.1,302,86.5,0
24/12/2023,Sunday,TTSH,4,316,93.3,0
25/12/2023,Monday,AH,1.5,64,85.9,1
25/12/2023,Monday,CGH,3.9,350,85.2,1
25/12/2023,Monday,KTPH,4,288,100,1
25/12/2023,Monday,NTFGH,4.3,293,92.8,1
25/12/2023,Monday,NUH(A),2.1,260,77.4,1
25/12/2023,Monday,SGH,1.5,276,83.6,1
25/12/2023,Monday,SKH,3.2,345,90.6,1
25/12/2023,Monday,TTSH,4.5,315,96.8,1
26/12/2023,Tuesday,AH,2.5,91,89.9,0
26/12/2023,Tuesday,CGH,12,397,84.2,0
26/12/2023,Tuesday,KTPH,13.5,339,100,0
26/12/2023,Tuesday,NTFGH,7.9,363,93.7,0
26/12/2023,Tuesday,NUH(A),3.1,347,83.6,0
26/12/2023,Tuesday,SGH,6.3,357,88,0
26/12/2023,Tuesday,SKH,8.1,398,90.9,0
26/12/2023,Tuesday,TTSH,5.9,394,96.5,0
27/12/2023,Wednesday,AH,3.9,61,88.4,0
27/12/2023,Wednesday,CGH,13.3,370,82.8,0
27/12/2023,Wednesday,KTPH,6.9,335,100,0
27/12/2023,Wednesday,NTFGH,16.9,329,91.3,0
27/12/2023,Wednesday,NUH(A),3.9,323,85.2,0
27/12/2023,Wednesday,SGH,8,301,88.6,0
27/12/2023,Wednesday,SKH,8.7,346,89.6,0
27/12/2023,Wednesday,TTSH,7,357,96.4,0
28/12/2023,Thursday,AH,7,69,85.2,0
28/12/2023,Thursday,CGH,18.9,341,82.5,0
28/12/2023,Thursday,KTPH,10.8,336,100,0
28/12/2023,Thursday,NTFGH,7.2,331,89.7,0
28/12/2023,Thursday,NUH(A),5,285,87.4,0
28/12/2023,Thursday,SGH,5.7,323,86.2,0
28/12/2023,Thursday,SKH,6.1,336,87.9,0
28/12/2023,Thursday,TTSH,6.7,382,96.8,0
29/12/2023,Friday,AH,2.9,70,81.9,0
29/12/2023,Friday,CGH,9.6,328,80.2,0
29/12/2023,Friday,KTPH,8.4,316,97.9,0
29/12/2023,Friday,NTFGH,4,308,87.6,0
29/12/2023,Friday,NUH(A),5.9,264,84.1,0
29/12/2023,Friday,SGH,3.7,297,83.4,0
29/12/2023,Friday,SKH,5.9,313,88,0
29/12/2023,Friday,TTSH,6.2,343,94.5,0
30/12/2023,Saturday,AH,1.6,57,77.6,0
30/12/2023,Saturday,CGH,9.2,363,78.1,0
30/12/2023,Saturday,KTPH,4.6,305,100,0
30/12/2023,Saturday,NTFGH,2.9,278,88.1,0
30/12/2023,Saturday,NUH(A),4.5,259,79.4,0
30/12/2023,Saturday,SGH,1.9,308,78.8,0
30/12/2023,Saturday,SKH,2.4,306,86.4,0
30/12/2023,Saturday,TTSH,4.2,332,95.3,0
31/12/2023,Sunday,AH,1.4,59,80.1,0
31/12/2023,Sunday,CGH,12.1,292,79.1,0
31/12/2023,Sunday,KTPH,6.1,250,100,0
31/12/2023,Sunday,NTFGH,3,258,91.7,0
31/12/2023,Sunday,NUH(A),3.6,236,78,0
31/12/2023,Sunday,SGH,1.2,265,77,0
31/12/2023,Sunday,SKH,1.9,305,85.3,0
31/12/2023,Sunday,TTSH,3.9,282,96.3,0
1/1/2024,Monday,AH,1.6,64,81.3,1
1/1/2024,Monday,CGH,2.5,331,82,1
1/1/2024,Monday,KTPH,10.8,319,100,1
1/1/2024,Monday,NTFGH,5.1,306,92.3,1
1/1/2024,Monday,NUH(A),2,266,80,1
1/1/2024,Monday,SGH,1.4,296,80.8,1
1/1/2024,Monday,SKH,1.7,365,87.2,1
1/1/2024,Monday,TTSH,3.8,321,98.9,1
2/1/2024,Tuesday,AH,1.7,89,81.7,0
2/1/2024,Tuesday,CGH,11.6,447,83.2,0
2/1/2024,Tuesday,KTPH,7.4,399,100,0
2/1/2024,Tuesday,NTFGH,8.1,406,93.8,0
2/1/2024,Tuesday,NUH(A),4.2,357,82.8,0
2/1/2024,Tuesday,SGH,3.6,377,83.4,0
2/1/2024,Tuesday,SKH,2.9,409,91.4,0
2/1/2024,Tuesday,TTSH,8.5,427,98.1,0
3/1/2024,Wednesday,AH,1.9,67,83.8,0
3/1/2024,Wednesday,CGH,21.9,366,82.4,0
3/1/2024,Wednesday,KTPH,11.6,347,100,0
3/1/2024,Wednesday,NTFGH,17.9,361,92.4,0
3/1/2024,Wednesday,NUH(A),5.2,333,85.6,0
3/1/2024,Wednesday,SGH,5.7,316,85.8,0
3/1/2024,Wednesday,SKH,5.4,367,91.8,0
3/1/2024,Wednesday,TTSH,9.8,391,98.8,0
4/1/2024,Thursday,AH,2.3,69,79.9,0
4/1/2024,Thursday,CGH,21.9,347,82.7,0
4/1/2024,Thursday,KTPH,18.3,297,100,0
4/1/2024,Thursday,NTFGH,10.1,337,91.8,0
4/1/2024,Thursday,NUH(A),5.1,297,85.8,0
4/1/2024,Thursday,SGH,7.7,293,86.8,0
4/1/2024,Thursday,SKH,9.7,336,90.1,0
4/1/2024,Thursday,TTSH,9.6,325,99.3,0
5/1/2024,Friday,AH,1.3,70,80.2,0
5/1/2024,Friday,CGH,5.4,374,81.3,0
5/1/2024,Friday,KTPH,13.9,323,100,0
5/1/2024,Friday,NTFGH,8.9,312,89.3,0
5/1/2024,Friday,NUH(A),4.8,312,81.8,0
5/1/2024,Friday,SGH,5.5,319,85.8,0
5/1/2024,Friday,SKH,4.4,381,88.9,0
5/1/2024,Friday,TTSH,6.9,359,97.7,0
6/1/2024,Saturday,AH,2.3,60,77.7,0
6/1/2024,Saturday,CGH,4.9,341,82.4,0
6/1/2024,Saturday,KTPH,9,296,100,0
6/1/2024,Saturday,NTFGH,3.9,302,90.8,0
6/1/2024,Saturday,NUH(A),3.8,301,81,0
6/1/2024,Saturday,SGH,5.3,296,84.1,0
6/1/2024,Saturday,SKH,2.6,334,88.1,0
6/1/2024,Saturday,TTSH,6.6,337,98.1,0
7/1/2024,Sunday,AH,1.4,57,80.9,0
7/1/2024,Sunday,CGH,8.6,314,83.9,0
7/1/2024,Sunday,KTPH,3.7,266,100,0
7/1/2024,Sunday,NTFGH,3.8,243,90.3,0
7/1/2024,Sunday,NUH(A),4.5,276,82.7,0
7/1/2024,Sunday,SGH,5,221,85.3,0
7/1/2024,Sunday,SKH,3.3,349,90.3,0
7/1/2024,Sunday,TTSH,7.2,313,100,0
8/1/2024,Monday,AH,1.4,80,79.5,0
8/1/2024,Monday,CGH,13.4,426,84,0
8/1/2024,Monday,KTPH,4.4,411,100,0
8/1/2024,Monday,NTFGH,16,412,90.4,0
8/1/2024,Monday,NUH(A),5.7,377,87.7,0
8/1/2024,Monday,SGH,9.2,351,87.8,0
8/1/2024,Monday,SKH,4.4,404,91.9,0
8/1/2024,Monday,TTSH,11.4,423,100,0
9/1/2024,Tuesday,AH,1.9,63,84.2,0
9/1/2024,Tuesday,CGH,12.4,378,85,0
9/1/2024,Tuesday,KTPH,9.4,333,100,0
9/1/2024,Tuesday,NTFGH,17.5,305,89.3,0
9/1/2024,Tuesday,NUH(A),9.3,346,89.9,0
9/1/2024,Tuesday,SGH,9.7,319,88.8,0
9/1/2024,Tuesday,SKH,18.3,360,90.4,0
9/1/2024,Tuesday,TTSH,17.6,366,99.3,0
10/1/2024,Wednesday,AH,1.6,55,86,0
10/1/2024,Wednesday,CGH,16.9,339,83.7,0
10/1/2024,Wednesday,KTPH,4.4,328,99.8,0
10/1/2024,Wednesday,NTFGH,14.7,336,89.3,0
10/1/2024,Wednesday,NUH(A),10.3,308,89.6,0
10/1/2024,Wednesday,SGH,12.2,316,87.5,0
10/1/2024,Wednesday,SKH,7.8,356,90.6,0
10/1/2024,Wednesday,TTSH,11.2,385,98.8,0
11/1/2024,Thursday,AH,1.4,72,83.5,0
11/1/2024,Thursday,CGH,8.4,406,82.3,0
11/1/2024,Thursday,KTPH,4.1,321,98.8,0
11/1/2024,Thursday,NTFGH,13,326,89.9,0
11/1/2024,Thursday,NUH(A),8.2,293,88.4,0
11/1/2024,Thursday,SGH,7.2,333,87.5,0
11/1/2024,Thursday,SKH,7.8,352,88.5,0
11/1/2024,Thursday,TTSH,9.3,374,97.5,0
12/1/2024,Friday,AH,1.6,70,78.4,0
12/1/2024,Friday,CGH,16.2,389,83.4,0
12/1/2024,Friday,KTPH,4.2,327,95.8,0
12/1/2024,Friday,NTFGH,5.3,315,86.1,0
12/1/2024,Friday,NUH(A),5.5,324,87.7,0
12/1/2024,Friday,SGH,5.7,307,86.2,0
12/1/2024,Friday,SKH,5.1,294,87.9,0
12/1/2024,Friday,TTSH,9.6,352,96.5,0
13/1/2024,Saturday,AH,0.8,58,75.9,0
13/1/2024,Saturday,CGH,11.3,351,73.8,0
13/1/2024,Saturday,KTPH,3,314,94.9,0
13/1/2024,Saturday,NTFGH,2.4,283,87.5,0
13/1/2024,Saturday,NUH(A),4.2,275,82.6,0
13/1/2024,Saturday,SGH,3.6,327,85.5,0
13/1/2024,Saturday,SKH,4,292,87.2,0
13/1/2024,Saturday,TTSH,5.3,345,97.5,0
14/1/2024,Sunday,AH,1.6,69,79.9,0
14/1/2024,Sunday,CGH,13.8,349,84.3,0
14/1/2024,Sunday,KTPH,2.3,287,96.5,0
14/1/2024,Sunday,NTFGH,3.4,320,89.8,0
14/1/2024,Sunday,NUH(A),3.4,285,84.3,0
14/1/2024,Sunday,SGH,4.7,303,86.3,0
14/1/2024,Sunday,SKH,3,339,89.3,0
14/1/2024,Sunday,TTSH,6.3,362,99.7,0
15/1/2024,Monday,AH,1.4,73,83.5,0
15/1/2024,Monday,CGH,14.3,442,83.4,0
15/1/2024,Monday,KTPH,2.2,385,100,0
15/1/2024,Monday,NTFGH,7.8,374,90.8,0
15/1/2024,Monday,NUH(A),5,392,87.2,0
15/1/2024,Monday,SGH,12.9,380,89.4,0
15/1/2024,Monday,SKH,4.9,437,90.6,0
15/1/2024,Monday,TTSH,13.6,403,99.2,0
16/1/2024,Tuesday,AH,1.9,63,79.4,0
16/1/2024,Tuesday,CGH,7.9,398,84.3,0
16/1/2024,Tuesday,KTPH,4.1,367,98.3,0
16/1/2024,Tuesday,NTFGH,10.4,331,90.9,0
16/1/2024,Tuesday,NUH(A),5.8,326,89.2,0
16/1/2024,Tuesday,SGH,11.8,333,90.1,0
16/1/2024,Tuesday,SKH,6.4,347,91.8,0
16/1/2024,Tuesday,TTSH,15.2,375,99.7,0
17/1/2024,Wednesday,AH,1.4,76,78.3,0
17/1/2024,Wednesday,CGH,23.6,363,84.8,0
17/1/2024,Wednesday,KTPH,5.3,313,99.8,0
17/1/2024,Wednesday,NTFGH,6.5,342,88.5,0
17/1/2024,Wednesday,NUH(A),6.1,320,86.7,0
17/1/2024,Wednesday,SGH,8.2,327,88.9,0
17/1/2024,Wednesday,SKH,3.8,353,89.6,0
17/1/2024,Wednesday,TTSH,13.5,365,97.7,0
18/1/2024,Thursday,AH,1.6,79,75.5,0
18/1/2024,Thursday,CGH,14.9,375,83.9,0
18/1/2024,Thursday,KTPH,5.6,343,100,0
18/1/2024,Thursday,NTFGH,4,358,88.8,0
18/1/2024,Thursday,NUH(A),5.9,313,84.8,0
18/1/2024,Thursday,SGH,9.9,305,89.1,0
18/1/2024,Thursday,SKH,4.9,336,89.9,0
18/1/2024,Thursday,TTSH,7.4,343,97.1,0
19/1/2024,Friday,AH,2.2,64,75.2,0
19/1/2024,Friday,CGH,9.8,349,82.4,0
19/1/2024,Friday,KTPH,5,306,99.1,0
19/1/2024,Friday,NTFGH,4.1,304,88.3,0
19/1/2024,Friday,NUH(A),4.1,309,81.6,0
19/1/2024,Friday,SGH,4.9,325,86.2,0
19/1/2024,Friday,SKH,5.2,326,87.5,0
19/1/2024,Friday,TTSH,6.5,328,94.8,0
20/1/2024,Saturday,AH,1.7,58,73.8,0
20/1/2024,Saturday,CGH,7.6,381,83.5,0
20/1/2024,Saturday,KTPH,3.6,272,99,0
20/1/2024,Saturday,NTFGH,3.4,296,89,0
20/1/2024,Saturday,NUH(A),2.2,258,77.5,0
20/1/2024,Saturday,SGH,1.7,316,84.7,0
20/1/2024,Saturday,SKH,2.4,278,86.6,0
20/1/2024,Saturday,TTSH,5.1,326,93.9,0
21/1/2024,Sunday,AH,1.5,67,75.5,0
21/1/2024,Sunday,CGH,7.1,379,83.5,0
21/1/2024,Sunday,KTPH,1.8,309,100,0
21/1/2024,Sunday,NTFGH,3.8,313,88.8,0
21/1/2024,Sunday,NUH(A),2.2,291,80.6,0
21/1/2024,Sunday,SGH,3.8,281,86.8,0
21/1/2024,Sunday,SKH,1.8,344,89.8,0
21/1/2024,Sunday,TTSH,4.2,348,97.5,0
22/1/2024,Monday,AH,1.5,97,77.3,0
22/1/2024,Monday,CGH,16.6,477,86.3,0
22/1/2024,Monday,KTPH,4.3,431,100,0
22/1/2024,Monday,NTFGH,7.2,395,88.6,0
22/1/2024,Monday,NUH(A),3.7,373,84.8,0
22/1/2024,Monday,SGH,5.3,405,87.6,0
22/1/2024,Monday,SKH,3.2,440,87.9,0
22/1/2024,Monday,TTSH,6.2,459,97.6,0
23/1/2024,Tuesday,AH,2.1,50,77.6,0
23/1/2024,Tuesday,CGH,15.9,395,85.9,0
23/1/2024,Tuesday,KTPH,7.9,359,100,0
23/1/2024,Tuesday,NTFGH,6.6,335,87.6,0
23/1/2024,Tuesday,NUH(A),5.4,297,85.8,0
23/1/2024,Tuesday,SGH,8.3,324,89.3,0
23/1/2024,Tuesday,SKH,5.7,366,90.3,0
23/1/2024,Tuesday,TTSH,8,353,97.7,0
24/1/2024,Wednesday,AH,1.7,63,72.4,0
24/1/2024,Wednesday,CGH,21.9,362,84.8,0
24/1/2024,Wednesday,KTPH,14,352,100,0
24/1/2024,Wednesday,NTFGH,6.8,325,86.5,0
24/1/2024,Wednesday,NUH(A),6,324,85.2,0
24/1/2024,Wednesday,SGH,13.9,322,88.4,0
24/1/2024,Wednesday,SKH,8.5,362,91.4,0
24/1/2024,Wednesday,TTSH,9,320,98,0
25/1/2024,Thursday,AH,1.7,61,64.7,0
25/1/2024,Thursday,CGH,11.8,386,85.1,0
25/1/2024,Thursday,KTPH,8.2,313,100,0
25/1/2024,Thursday,NTFGH,3,347,87.1,0
25/1/2024,Thursday,NUH(A),4.6,290,84.9,0
25/1/2024,Thursday,SGH,12.8,292,88.6,0
25/1/2024,Thursday,SKH,8.7,341,90.3,0
25/1/2024,Thursday,TTSH,5.5,331,97,0
26/1/2024,Friday,AH,1.8,73,63.6,0
26/1/2024,Friday,CGH,5.3,399,82.9,0
26/1/2024,Friday,KTPH,5.7,320,98.6,0
26/1/2024,Friday,NTFGH,2.4,307,84.5,0
26/1/2024,Friday,NUH(A),3.4,333,83.1,0
26/1/2024,Friday,SGH,6.9,340,85.5,0
26/1/2024,Friday,SKH,4.8,339,88.1,0
26/1/2024,Friday,TTSH,4.9,370,96.5,0
27/1/2024,Saturday,AH,1.2,73,63.6,0
27/1/2024,Saturday,CGH,2.8,347,82.8,0
27/1/2024,Saturday,KTPH,3.4,312,98.9,0
27/1/2024,Saturday,NTFGH,2.5,289,88.9,0
27/1/2024,Saturday,NUH(A),3.2,269,79,0
27/1/2024,Saturday,SGH,3.1,304,83.9,0
27/1/2024,Saturday,SKH,2.9,298,87.7,0
27/1/2024,Saturday,TTSH,4.5,314,93.5,0
28/1/2024,Sunday,AH,1.1,69,69.2,0
28/1/2024,Sunday,CGH,4.7,374,84,0
28/1/2024,Sunday,KTPH,2.4,287,100,0
28/1/2024,Sunday,NTFGH,4.1,308,91.8,0
28/1/2024,Sunday,NUH(A),1.8,274,78,0
28/1/2024,Sunday,SGH,1.8,279,85.7,0
28/1/2024,Sunday,SKH,2.6,325,90.5,0
28/1/2024,Sunday,TTSH,4.8,345,95.4,0
29/1/2024,Monday,AH,1.5,89,77.6,0
29/1/2024,Monday,CGH,17.2,467,84.9,0
29/1/2024,Monday,KTPH,7.5,401,100,0
29/1/2024,Monday,NTFGH,8.8,392,91.2,0
29/1/2024,Monday,NUH(A),3,395,83.2,0
29/1/2024,Monday,SGH,7.5,397,88.4,0
29/1/2024,Monday,SKH,4.4,410,90.9,0
29/1/2024,Monday,TTSH,6.1,444,97.7,0
30/1/2024,Tuesday,AH,1.9,71,77.3,0
30/1/2024,Tuesday,CGH,18.6,383,84,0
30/1/2024,Tuesday,KTPH,16.4,328,99,0
30/1/2024,Tuesday,NTFGH,7.7,351,90.2,0
30/1/2024,Tuesday,NUH(A),5.3,306,87.8,0
30/1/2024,Tuesday,SGH,6.8,320,89,0
30/1/2024,Tuesday,SKH,8.6,357,91.9,0
30/1/2024,Tuesday,TTSH,9.2,365,97.1,0
31/1/2024,Wednesday,AH,1.6,68,72.4,0
31/1/2024,Wednesday,CGH,12.4,376,82.9,0
31/1/2024,Wednesday,KTPH,8.6,326,100,0
31/1/2024,Wednesday,NTFGH,7.3,367,90.9,0
31/1/2024,Wednesday,NUH(A),6,326,86.7,0
31/1/2024,Wednesday,SGH,7.7,300,89.8,0
31/1/2024,Wednesday,SKH,5.8,320,89.6,0
31/1/2024,Wednesday,TTSH,7.6,357,95.2,0
1/2/2024,Thursday,AH,0.9,58,61.9,0
1/2/2024,Thursday,CGH,9.4,394,83.6,0
1/2/2024,Thursday,KTPH,8.6,321,99.5,0
1/2/2024,Thursday,NTFGH,5.7,337,90.8,0
1/2/2024,Thursday,NUH(A),5.2,286,86.6,0
1/2/2024,Thursday,SGH,8.5,337,88.3,0
1/2/2024,Thursday,SKH,3.9,340,89.6,0
1/2/2024,Thursday,TTSH,6.4,361,95.4,0
2/2/2024,Friday,AH,1.2,64,62.2,0
2/2/2024,Friday,CGH,13.1,367,80.2,0
2/2/2024,Friday,KTPH,3.1,300,97.4,0
2/2/2024,Friday,NTFGH,5.8,339,86.6,0
2/2/2024,Friday,NUH(A),3.4,312,83.6,0
2/2/2024,Friday,SGH,4.6,307,86.3,0
2/2/2024,Friday,SKH,2.2,348,83.3,0
2/2/2024,Friday,TTSH,4.6,372,92.1,0
3/2/2024,Saturday,AH,1.4,78,63.6,0
3/2/2024,Saturday,CGH,11.8,303,79.5,0
3/2/2024,Saturday,KTPH,4,301,99.5,0
3/2/2024,Saturday,NTFGH,2.7,267,87.5,0
3/2/2024,Saturday,NUH(A),2.6,292,81.9,0
3/2/2024,Saturday,SGH,1.5,296,81.5,0
3/2/2024,Saturday,SKH,1.9,332,84.2,0
3/2/2024,Saturday,TTSH,4.3,310,93.2,0
4/2/2024,Sunday,AH,1.6,70,69.6,0
4/2/2024,Sunday,CGH,1.4,351,82.1,0
4/2/2024,Sunday,KTPH,9.5,395,97.9,0
4/2/2024,Sunday,NTFGH,2.5,290,89,0
4/2/2024,Sunday,NUH(A),2.6,257,81.8,0
4/2/2024,Sunday,SGH,1.4,286,84,0
4/2/2024,Sunday,SKH,1.9,314,87.9,0
4/2/2024,Sunday,TTSH,3.8,325,96.5,0
5/2/2024,Monday,AH,2.2,72,70.6,0
5/2/2024,Monday,CGH,14,415,82.3,0
5/2/2024,Monday,KTPH,16.7,330,100,0
5/2/2024,Monday,NTFGH,4.8,352,88.1,0
5/2/2024,Monday,NUH(A),4.1,384,87.7,0
5/2/2024,Monday,SGH,3.5,385,86.3,0
5/2/2024,Monday,SKH,2.6,427,87.3,0
5/2/2024,Monday,TTSH,6,390,96.2,0
6/2/2024,Tuesday,AH,1.5,78,72.7,0
6/2/2024,Tuesday,CGH,6.6,395,82.1,0
6/2/2024,Tuesday,KTPH,3.1,283,98,0
6/2/2024,Tuesday,NTFGH,4.6,355,90.4,0
6/2/2024,Tuesday,NUH(A),4.7,286,85.8,0
6/2/2024,Tuesday,SGH,2.2,333,86,0
6/2/2024,Tuesday,SKH,3,329,88.6,0
6/2/2024,Tuesday,TTSH,5.9,368,97,0
7/2/2024,Wednesday,AH,1.6,65,64.7,0
7/2/2024,Wednesday,CGH,6.1,367,80.4,0
7/2/2024,Wednesday,KTPH,1.4,278,91.5,0
7/2/2024,Wednesday,NTFGH,5.1,336,85.7,0
7/2/2024,Wednesday,NUH(A),2.7,276,81.4,0
7/2/2024,Wednesday,SGH,1.5,314,82.2,0
7/2/2024,Wednesday,SKH,1.8,349,85.1,0
7/2/2024,Wednesday,TTSH,5,342,92,0
8/2/2024,Thursday,AH,1.4,51,56.3,0
8/2/2024,Thursday,CGH,2,342,76.5,0
8/2/2024,Thursday,KTPH,0.7,284,86.8,0
8/2/2024,Thursday,NTFGH,2.5,322,83.1,0
8/2/2024,Thursday,NUH(A),2.6,291,76.5,0
8/2/2024,Thursday,SGH,1.2,268,73.9,0
8/2/2024,Thursday,SKH,1.8,298,77.6,0
8/2/2024,Thursday,TTSH,3.6,310,83.3,0
9/2/2024,Friday,AH,1.3,59,49.7,0
9/2/2024,Friday,CGH,0.9,353,70.2,0
9/2/2024,Friday,KTPH,0.8,269,87.7,0
9/2/2024,Friday,NTFGH,2,270,74.6,0
9/2/2024,Friday,NUH(A),1.9,262,63.9,0
9/2/2024,Friday,SGH,0.7,268,62.5,0
9/2/2024,Friday,SKH,1.4,267,64.3,0
9/2/2024,Friday,TTSH,3.4,290,70.3,0
10/2/2024,Saturday,AH,2.4,59,48.6,1
10/2/2024,Saturday,CGH,0.6,330,70.8,1
10/2/2024,Saturday,KTPH,0.6,281,91.5,1
10/2/2024,Saturday,NTFGH,1.7,246,75.5,1
10/2/2024,Saturday,NUH(A),1.7,250,63,1
10/2/2024,Saturday,SGH,0.9,249,61.5,1
10/2/2024,Saturday,SKH,1.4,277,64.5,1
10/2/2024,Saturday,TTSH,3.3,291,71.6,1
11/2/2024,Sunday,AH,1.3,83,53.1,1
11/2/2024,Sunday,CGH,0.9,304,74.9,1
11/2/2024,Sunday,KTPH,0.6,281,91.5,1
11/2/2024,Sunday,NTFGH,1.7,265,80.3,1
11/2/2024,Sunday,NUH(A),1.7,276,64,1
11/2/2024,Sunday,SGH,1,283,65.2,1
11/2/2024,Sunday,SKH,1.5,335,68.5,1
11/2/2024,Sunday,TTSH,3.4,348,78.6,1
12/2/2024,Monday,AH,1.7,61,60.5,0
12/2/2024,Monday,CGH,2.9,363,78.2,0
12/2/2024,Monday,KTPH,0.8,317,99.1,0
12/2/2024,Monday,NTFGH,1.9,342,87.6,0
12/2/2024,Monday,NUH(A),2,288,68.9,0
12/2/2024,Monday,SGH,0.8,314,72.5,0
12/2/2024,Monday,SKH,1.7,398,77.6,0
12/2/2024,Monday,TTSH,3.5,373,86.5,0
13/2/2024,Tuesday,AH,1.6,57,59.4,0
13/2/2024,Tuesday,CGH,10.2,430,79.7,0
13/2/2024,Tuesday,KTPH,2.5,348,99.5,0
13/2/2024,Tuesday,NTFGH,3.5,373,89.8,0
13/2/2024,Tuesday,NUH(A),2.5,389,78.1,0
13/2/2024,Tuesday,SGH,1.6,348,79.6,0
13/2/2024,Tuesday,SKH,2.2,403,82.4,0
13/2/2024,Tuesday,TTSH,3.8,381,89.3,0
14/2/2024,Wednesday,AH,1.8,76,61.5,0
14/2/2024,Wednesday,CGH,10.3,373,79.6,0
14/2/2024,Wednesday,KTPH,5.7,354,99.6,0
14/2/2024,Wednesday,NTFGH,6.3,353,90,0
14/2/2024,Wednesday,NUH(A),2.7,303,79.4,0
14/2/2024,Wednesday,SGH,2,322,82.4,0
14/2/2024,Wednesday,SKH,2.7,383,84.9,0
14/2/2024,Wednesday,TTSH,3.8,359,89.5,0
15/2/2024,Thursday,AH,1.6,65,67.1,0
15/2/2024,Thursday,CGH,9.9,396,81.9,0
15/2/2024,Thursday,KTPH,12.4,311,100,0
15/2/2024,Thursday,NTFGH,6.5,344,90.4,0
15/2/2024,Thursday,NUH(A),3,347,84.2,0
15/2/2024,Thursday,SGH,2.1,329,82.6,0
15/2/2024,Thursday,SKH,2.5,340,87.5,0
15/2/2024,Thursday,TTSH,3.8,354,87.7,0
16/2/2024,Friday,AH,0.9,51,63.3,0
16/2/2024,Friday,CGH,3.9,390,81.5,0
16/2/2024,Friday,KTPH,6.5,351,99.6,0
16/2/2024,Friday,NTFGH,6.8,322,88.8,0
16/2/2024,Friday,NUH(A),4.2,307,82.7,0
16/2/2024,Friday,SGH,2.9,321,82,0
16/2/2024,Friday,SKH,2.2,330,83.7,0
16/2/2024,Friday,TTSH,4.1,343,85.4,0
17/2/2024,Saturday,AH,1.7,48,62.9,0
17/2/2024,Saturday,CGH,4.2,326,79.4,0
17/2/2024,Saturday,KTPH,3.8,270,100,0
17/2/2024,Saturday,NTFGH,4.6,265,90.9,0
17/2/2024,Saturday,NUH(A),2.6,275,79.2,0
17/2/2024,Saturday,SGH,1.8,280,79.8,0
17/2/2024,Saturday,SKH,1.7,337,79.2,0
17/2/2024,Saturday,TTSH,3.5,310,87.5,0
18/2/2024,Sunday,AH,1.2,79,68.9,0
18/2/2024,Sunday,CGH,1.6,360,81,0
18/2/2024,Sunday,KTPH,3.7,322,100,0
18/2/2024,Sunday,NTFGH,4.3,272,89.9,0
18/2/2024,Sunday,NUH(A),2.4,295,81,0
18/2/2024,Sunday,SGH,2.1,300,82,0
18/2/2024,Sunday,SKH,1.9,341,84.3,0
18/2/2024,Sunday,TTSH,3.9,318,92.5,0
19/2/2024,Monday,AH,1.6,79,75.9,0
19/2/2024,Monday,CGH,14.2,450,81.5,0
19/2/2024,Monday,KTPH,9.8,428,100,0
19/2/2024,Monday,NTFGH,10.7,399,88.9,0
19/2/2024,Monday,NUH(A),3,366,84.1,0
19/2/2024,Monday,SGH,5.3,360,85.9,0
19/2/2024,Monday,SKH,2.8,410,88.5,0
19/2/2024,Monday,TTSH,7,445,96.4,0
20/2/2024,Tuesday,AH,2.4,71,78,0
20/2/2024,Tuesday,CGH,13.4,382,81.7,0
20/2/2024,Tuesday,KTPH,16.6,348,100,0
20/2/2024,Tuesday,NTFGH,11.4,332,89.8,0
20/2/2024,Tuesday,NUH(A),5.5,323,86.1,0
20/2/2024,Tuesday,SGH,5.1,312,86.8,0
20/2/2024,Tuesday,SKH,3.4,364,89.9,0
20/2/2024,Tuesday,TTSH,9.2,376,96.4,0
21/2/2024,Wednesday,AH,2.1,71,81.8,0
21/2/2024,Wednesday,CGH,8.1,411,80.6,0
21/2/2024,Wednesday,KTPH,15.4,354,100,0
21/2/2024,Wednesday,NTFGH,5.5,353,88.8,0
21/2/2024,Wednesday,NUH(A),5.2,326,86.5,0
21/2/2024,Wednesday,SGH,8.1,341,86.5,0
21/2/2024,Wednesday,SKH,3.8,379,90.5,0
21/2/2024,Wednesday,TTSH,7.9,382,96.1,0
22/2/2024,Thursday,AH,2,55,80.1,0
22/2/2024,Thursday,CGH,18.2,373,82.2,0
22/2/2024,Thursday,KTPH,12.4,365,100,0
22/2/2024,Thursday,NTFGH,3.3,315,90.3,0
22/2/2024,Thursday,NUH(A),4.7,266,85.9,0
22/2/2024,Thursday,SGH,4.9,312,86.8,0
22/2/2024,Thursday,SKH,5.2,344,90.7,0
22/2/2024,Thursday,TTSH,6.5,366,96.7,0
23/2/2024,Friday,AH,1.9,63,71.7,0
23/2/2024,Friday,CGH,17.8,358,82.3,0
23/2/2024,Friday,KTPH,6.5,287,100,0
23/2/2024,Friday,NTFGH,3.8,296,86,0
23/2/2024,Friday,NUH(A),5.9,290,85.5,0
23/2/2024,Friday,SGH,5,318,83.9,0
23/2/2024,Friday,SKH,2.2,337,88.1,0
23/2/2024,Friday,TTSH,5.8,326,95.7,0
24/2/2024,Saturday,AH,1.6,55,67.1,0
24/2/2024,Saturday,CGH,10.3,327,82.2,0
24/2/2024,Saturday,KTPH,7,245,97.8,0
24/2/2024,Saturday,NTFGH,2.5,284,85.6,0
24/2/2024,Saturday,NUH(A),4,275,84.1,0
24/2/2024,Saturday,SGH,1.9,299,82,0
24/2/2024,Saturday,SKH,1.9,306,86.1,0
24/2/2024,Saturday,TTSH,4.3,285,95.7,0
25/2/2024,Sunday,AH,0.9,53,68.5,0
25/2/2024,Sunday,CGH,7.9,320,88.8,0
25/2/2024,Sunday,KTPH,2.1,267,100,0
25/2/2024,Sunday,NTFGH,2.3,267,88.4,0
25/2/2024,Sunday,NUH(A),2.8,233,83.1,0
25/2/2024,Sunday,SGH,1.9,278,84.7,0
25/2/2024,Sunday,SKH,2.4,363,89.9,0
25/2/2024,Sunday,TTSH,4,307,96.7,0
26/2/2024,Monday,AH,1.4,65,75.2,0
26/2/2024,Monday,CGH,19.5,433,91.6,0
26/2/2024,Monday,KTPH,4.9,367,100,0
26/2/2024,Monday,NTFGH,4.6,381,89,0
26/2/2024,Monday,NUH(A),3.5,355,86.5,0
26/2/2024,Monday,SGH,9,410,87.2,0
26/2/2024,Monday,SKH,4.7,417,92,0
26/2/2024,Monday,TTSH,5.8,395,97,0
27/2/2024,Tuesday,AH,1.8,76,79.4,0
27/2/2024,Tuesday,CGH,16.8,354,88.2,0
27/2/2024,Tuesday,KTPH,4.1,339,100,0
27/2/2024,Tuesday,NTFGH,7.9,371,88.4,0
27/2/2024,Tuesday,NUH(A),4.4,278,87.2,0
27/2/2024,Tuesday,SGH,10.8,303,87.6,0
27/2/2024,Tuesday,SKH,7.6,379,93,0
27/2/2024,Tuesday,TTSH,6.6,372,95.6,0
28/2/2024,Wednesday,AH,1.3,71,80.4,0
28/2/2024,Wednesday,CGH,16.1,384,87.8,0
28/2/2024,Wednesday,KTPH,5.8,324,100,0
28/2/2024,Wednesday,NTFGH,10.2,357,89.9,0
28/2/2024,Wednesday,NUH(A),4,317,86.7,0
28/2/2024,Wednesday,SGH,9.3,350,88.8,0
28/2/2024,Wednesday,SKH,13.1,353,92.2,0
28/2/2024,Wednesday,TTSH,4.8,343,95.4,0
29/2/2024,Thursday,AH,2.6,56,81.1,0
29/2/2024,Thursday,CGH,8.1,375,87.4,0
29/2/2024,Thursday,KTPH,4.5,341,100,0
29/2/2024,Thursday,NTFGH,5.2,316,89.1,0
29/2/2024,Thursday,NUH(A),3.9,296,86.1,0
29/2/2024,Thursday,SGH,7.5,308,89.2,0
29/2/2024,Thursday,SKH,13.3,368,89.8,0
29/2/2024,Thursday,TTSH,5.3,361,96,0
1/3/2024,Friday,AH,2.5,62,78.3,0
1/3/2024,Friday,CGH,9.8,387,87.4,0
1/3/2024,Friday,KTPH,7.5,322,100,0
1/3/2024,Friday,NTFGH,3,286,86.2,0
1/3/2024,Friday,NUH(A),3.8,287,83.4,0
1/3/2024,Friday,SGH,6.5,325,86.8,0
1/3/2024,Friday,SKH,9.3,293,86.7,0
1/3/2024,Friday,TTSH,4,329,91.7,0
2/3/2024,Saturday,AH,1.1,55,74.1,0
2/3/2024,Saturday,CGH,10.8,330,88.5,0
2/3/2024,Saturday,KTPH,8.6,267,100,0
2/3/2024,Saturday,NTFGH,3,281,88,0
2/3/2024,Saturday,NUH(A),3.5,263,79.9,0
2/3/2024,Saturday,SGH,1.9,289,84.6,0
2/3/2024,Saturday,SKH,2.6,319,86.6,0
2/3/2024,Saturday,TTSH,3.5,339,93.5,0
3/3/2024,Sunday,AH,1.3,68,74.5,0
3/3/2024,Sunday,CGH,11.1,316,90,0
3/3/2024,Sunday,KTPH,6.4,280,100,0
3/3/2024,Sunday,NTFGH,2.4,254,91,0
3/3/2024,Sunday,NUH(A),2.5,232,79.1,0
3/3/2024,Sunday,SGH,4.1,275,85.5,0
3/3/2024,Sunday,SKH,2,344,90.6,0
3/3/2024,Sunday,TTSH,3.5,292,91,0
4/3/2024,Monday,AH,1.5,66,76.6,0
4/3/2024,Monday,CGH,16.7,415,91.8,0
4/3/2024,Monday,KTPH,9.8,409,100,0
4/3/2024,Monday,NTFGH,6.6,373,92.9,0
4/3/2024,Monday,NUH(A),3.3,373,82.9,0
4/3/2024,Monday,SGH,13.9,360,87.3,0
4/3/2024,Monday,SKH,2.7,389,90.7,0
4/3/2024,Monday,TTSH,5,380,95,0
5/3/2024,Tuesday,AH,1.5,59,78,0
5/3/2024,Tuesday,CGH,9.1,363,91.1,0
5/3/2024,Tuesday,KTPH,13.5,347,99.6,0
5/3/2024,Tuesday,NTFGH,5.6,303,88.4,0
5/3/2024,Tuesday,NUH(A),4,348,85.5,0
5/3/2024,Tuesday,SGH,8.8,345,87.8,0
5/3/2024,Tuesday,SKH,6.5,357,91.1,0
5/3/2024,Tuesday,TTSH,4.9,396,96.4,0
6/3/2024,Wednesday,AH,1.3,64,75.2,0
6/3/2024,Wednesday,CGH,5.9,369,90.9,0
6/3/2024,Wednesday,KTPH,19.7,327,99.7,0
6/3/2024,Wednesday,NTFGH,3.3,344,87,0
6/3/2024,Wednesday,NUH(A),5.1,309,84.2,0
6/3/2024,Wednesday,SGH,7.3,319,88.1,0
6/3/2024,Wednesday,SKH,6,355,91.8,0
6/3/2024,Wednesday,TTSH,6,357,96.8,0
7/3/2024,Thursday,AH,0.7,62,71.3,0
7/3/2024,Thursday,CGH,9.9,313,89.3,0
7/3/2024,Thursday,KTPH,13.1,273,100,0
7/3/2024,Thursday,NTFGH,2.7,315,85.4,0
7/3/2024,Thursday,NUH(A),3.1,276,82.1,0
7/3/2024,Thursday,SGH,4.9,311,87.8,0
7/3/2024,Thursday,SKH,6.7,315,89.1,0
7/3/2024,Thursday,TTSH,6.5,351,93.7,0
8/3/2024,Friday,AH,1.7,43,66.4,0
8/3/2024,Friday,CGH,8.7,360,87.7,0
8/3/2024,Friday,KTPH,5.1,337,100,0
8/3/2024,Friday,NTFGH,2.4,325,84.6,0
8/3/2024,Friday,NUH(A),3.2,313,79.6,0
8/3/2024,Friday,SGH,7.9,337,84.3,0
8/3/2024,Friday,SKH,3.4,313,89.4,0
8/3/2024,Friday,TTSH,4.9,364,92.3,0
9/3/2024,Saturday,AH,1.2,67,65,0
9/3/2024,Saturday,CGH,5.7,365,88.6,0
9/3/2024,Saturday,KTPH,2.1,266,100,0
9/3/2024,Saturday,NTFGH,2.7,254,82.2,0
9/3/2024,Saturday,NUH(A),2.4,252,76.2,0
9/3/2024,Saturday,SGH,4.9,311,82.6,0
9/3/2024,Saturday,SKH,2.2,314,84.8,0
9/3/2024,Saturday,TTSH,4.5,318,93.3,0
10/3/2024,Sunday,AH,1.3,47,66.4,0
10/3/2024,Sunday,CGH,6.8,324,88.8,0
10/3/2024,Sunday,KTPH,2.2,254,100,0
10/3/2024,Sunday,NTFGH,1.9,268,85.5,0
10/3/2024,Sunday,NUH(A),1.9,268,77.7,0
10/3/2024,Sunday,SGH,4,267,85.1,0
10/3/2024,Sunday,SKH,2.8,336,87.1,0
10/3/2024,Sunday,TTSH,3.7,277,96.8,0
11/3/2024,Monday,AH,1.6,73,66.8,0
11/3/2024,Monday,CGH,16.4,436,88.7,0
11/3/2024,Monday,KTPH,11.9,356,100,0
11/3/2024,Monday,NTFGH,2.7,370,88.1,0
11/3/2024,Monday,NUH(A),3.3,348,82,0
11/3/2024,Monday,SGH,8.2,375,86.6,0
11/3/2024,Monday,SKH,3.7,384,90.2,0
11/3/2024,Monday,TTSH,6,419,96.6,0
12/3/2024,Tuesday,AH,2,56,65,0
12/3/2024,Tuesday,CGH,17.4,375,91,0
12/3/2024,Tuesday,KTPH,6.4,349,100,0
12/3/2024,Tuesday,NTFGH,4.8,308,87.1,0
12/3/2024,Tuesday,NUH(A),3.1,288,82.2,0
12/3/2024,Tuesday,SGH,13.2,326,88.9,0
12/3/2024,Tuesday,SKH,4.2,355,90.1,0
12/3/2024,Tuesday,TTSH,4.9,351,94.6,0
13/3/2024,Wednesday,AH,1.6,65,60.8,0
13/3/2024,Wednesday,CGH,15.6,348,88.4,0
13/3/2024,Wednesday,KTPH,5.1,286,100,0
13/3/2024,Wednesday,NTFGH,4.7,343,88.4,0
13/3/2024,Wednesday,NUH(A),3.1,310,83.7,0
13/3/2024,Wednesday,SGH,15.2,296,90.6,0
13/3/2024,Wednesday,SKH,4.2,310,89.8,0
13/3/2024,Wednesday,TTSH,4.2,332,93.5,0
14/3/2024,Thursday,AH,2.1,65,62.2,0
14/3/2024,Thursday,CGH,7.5,363,88.7,0
14/3/2024,Thursday,KTPH,5.7,300,100,0
14/3/2024,Thursday,NTFGH,5.9,336,88.1,0
14/3/2024,Thursday,NUH(A),3.8,293,85.8,0
14/3/2024,Thursday,SGH,9.3,347,89.3,0
14/3/2024,Thursday,SKH,2.8,347,89.5,0
14/3/2024,Thursday,TTSH,3.9,362,92,0
15/3/2024,Friday,AH,1.3,67,54.2,0
15/3/2024,Friday,CGH,5,351,87.8,0
15/3/2024,Friday,KTPH,5.7,282,100,0
15/3/2024,Friday,NTFGH,3.4,302,88,0
15/3/2024,Friday,NUH(A),3.6,293,86.2,0
15/3/2024,Friday,SGH,10,288,86,0
15/3/2024,Friday,SKH,2.2,330,87.3,0
15/3/2024,Friday,TTSH,3.8,397,88.6,0
16/3/2024,Saturday,AH,1.3,58,60.1,0
16/3/2024,Saturday,CGH,3.2,327,87.5,0
16/3/2024,Saturday,KTPH,5.9,252,100,0
16/3/2024,Saturday,NTFGH,2.6,266,88.8,0
16/3/2024,Saturday,NUH(A),2.8,269,82.6,0
16/3/2024,Saturday,SGH,2.8,292,83.6,0
16/3/2024,Saturday,SKH,1.9,323,83.4,0
16/3/2024,Saturday,TTSH,3.8,294,87.6,0
17/3/2024,Sunday,AH,1.5,52,62.2,0
17/3/2024,Sunday,CGH,3.3,325,88.3,0
17/3/2024,Sunday,KTPH,3.2,282,100,0
17/3/2024,Sunday,NTFGH,4.3,269,88.6,0
17/3/2024,Sunday,NUH(A),3.2,243,84.5,0
17/3/2024,Sunday,SGH,6.3,260,84.8,0
17/3/2024,Sunday,SKH,1.7,326,86.5,0
17/3/2024,Sunday,TTSH,3.2,289,90.6,0
18/3/2024,Monday,AH,1.5,80,71,0
18/3/2024,Monday,CGH,9.1,433,89.7,0
18/3/2024,Monday,KTPH,4.9,345,100,0
18/3/2024,Monday,NTFGH,8.4,386,88.9,0
18/3/2024,Monday,NUH(A),5,369,88.7,0
18/3/2024,Monday,SGH,8.9,382,87.6,0
18/3/2024,Monday,SKH,2.5,388,89.6,0
18/3/2024,Monday,TTSH,3.7,413,93.4,0
19/3/2024,Tuesday,AH,1.3,57,70.3,0
19/3/2024,Tuesday,CGH,7.4,360,88.4,0
19/3/2024,Tuesday,KTPH,23.7,330,100,0
19/3/2024,Tuesday,NTFGH,7.1,312,89.4,0
19/3/2024,Tuesday,NUH(A),6,288,89.2,0
19/3/2024,Tuesday,SGH,6.6,342,85.2,0
19/3/2024,Tuesday,SKH,4.6,342,88.9,0
19/3/2024,Tuesday,TTSH,4.4,346,95.2,0
20/3/2024,Wednesday,AH,1.4,59,68.2,0
20/3/2024,Wednesday,CGH,6.5,368,88.9,0
20/3/2024,Wednesday,KTPH,18.2,300,100,0
20/3/2024,Wednesday,NTFGH,5.8,331,89.3,0
20/3/2024,Wednesday,NUH(A),5.2,299,88.1,0
20/3/2024,Wednesday,SGH,8.6,330,87.1,0
20/3/2024,Wednesday,SKH,4.4,343,88.3,0
20/3/2024,Wednesday,TTSH,5.6,347,94.7,0
21/3/2024,Thursday,AH,1.6,64,69.2,0
21/3/2024,Thursday,CGH,6.6,330,90.2,0
21/3/2024,Thursday,KTPH,7.1,285,100,0
21/3/2024,Thursday,NTFGH,7.7,326,87.8,0
21/3/2024,Thursday,NUH(A),5.3,277,86.3,0
21/3/2024,Thursday,SGH,7.2,308,85.8,0
21/3/2024,Thursday,SKH,2.8,327,84.8,0
21/3/2024,Thursday,TTSH,4.6,333,93.5,0
22/3/2024,Friday,AH,1.4,52,60.5,0
22/3/2024,Friday,CGH,6.3,324,89.8,0
22/3/2024,Friday,KTPH,4.2,295,100,0
22/3/2024,Friday,NTFGH,4.3,308,87.9,0
22/3/2024,Friday,NUH(A),4.2,264,84.8,0
22/3/2024,Friday,SGH,5,330,82.5,0
22/3/2024,Friday,SKH,1.9,311,83.3,0
22/3/2024,Friday,TTSH,4.3,346,91.2,0
23/3/2024,Saturday,AH,1,56,58,0
23/3/2024,Saturday,CGH,2,320,89.9,0
23/3/2024,Saturday,KTPH,5.9,271,100,0
23/3/2024,Saturday,NTFGH,2,248,87.4,0
23/3/2024,Saturday,NUH(A),2.6,256,79.8,0
23/3/2024,Saturday,SGH,2.8,282,80.8,0
23/3/2024,Saturday,SKH,1.5,312,83.4,0
23/3/2024,Saturday,TTSH,4,336,91.7,0
24/3/2024,Sunday,AH,1,49,61.2,0
24/3/2024,Sunday,CGH,5.4,333,90.8,0
24/3/2024,Sunday,KTPH,5.5,280,100,0
24/3/2024,Sunday,NTFGH,2.6,254,88.9,0
24/3/2024,Sunday,NUH(A),2.1,229,79,0
24/3/2024,Sunday,SGH,2.2,283,84.7,0
24/3/2024,Sunday,SKH,1.7,300,86.7,0
24/3/2024,Sunday,TTSH,5.3,322,95.4,0
25/3/2024,Monday,AH,1.5,62,66.8,0
25/3/2024,Monday,CGH,7.9,423,90.6,0
25/3/2024,Monday,KTPH,22.2,349,100,0
25/3/2024,Monday,NTFGH,4.1,353,87.3,0
25/3/2024,Monday,NUH(A),3.1,346,81,0
25/3/2024,Monday,SGH,5.3,354,86.8,0
25/3/2024,Monday,SKH,2.8,402,89.9,0
25/3/2024,Monday,TTSH,6.1,446,97.4,0
26/3/2024,Tuesday,AH,0.8,55,67.5,0
26/3/2024,Tuesday,CGH,10.6,366,90.4,0
26/3/2024,Tuesday,KTPH,7.1,305,100,0
26/3/2024,Tuesday,NTFGH,7.1,315,89.1,0
26/3/2024,Tuesday,NUH(A),3.1,289,80,0
26/3/2024,Tuesday,SGH,5.7,305,86.2,0
26/3/2024,Tuesday,SKH,5.1,354,89.1,0
26/3/2024,Tuesday,TTSH,16.2,357,96.4,0
27/3/2024,Wednesday,AH,1.4,52,66.4,0
27/3/2024,Wednesday,CGH,10.2,357,88.8,0
27/3/2024,Wednesday,KTPH,18.8,302,100,0
27/3/2024,Wednesday,NTFGH,5.1,323,88.3,0
27/3/2024,Wednesday,NUH(A),2.5,279,79.2,0
27/3/2024,Wednesday,SGH,6.4,283,87.4,0
27/3/2024,Wednesday,SKH,5.7,325,90.1,0
27/3/2024,Wednesday,TTSH,8.5,323,97.1,0
28/3/2024,Thursday,AH,1.5,51,62.2,0
28/3/2024,Thursday,CGH,5.2,348,88.4,0
28/3/2024,Thursday,KTPH,7.9,278,100,0
28/3/2024,Thursday,NTFGH,2.9,337,87.9,0
28/3/2024,Thursday,NUH(A),2.4,277,79.2,0
28/3/2024,Thursday,SGH,3.3,310,85.5,0
28/3/2024,Thursday,SKH,4,281,85.6,0
28/3/2024,Thursday,TTSH,6.4,336,94.1,0
29/3/2024,Friday,AH,1.5,62,59.8,1
29/3/2024,Friday,CGH,2.9,322,86.7,1
29/3/2024,Friday,KTPH,2.7,233,100,1
29/3/2024,Friday,NTFGH,2.1,232,83.5,1
29/3/2024,Friday,NUH(A),2.1,227,72.3,1
29/3/2024,Friday,SGH,2.4,265,83.2,1
29/3/2024,Friday,SKH,1.5,290,82.3,1
29/3/2024,Friday,TTSH,4.9,278,93.4,1
30/3/2024,Saturday,AH,1.5,44,64.3,0
30/3/2024,Saturday,CGH,3,297,88.8,0
30/3/2024,Saturday,KTPH,1.4,286,100,0
30/3/2024,Saturday,NTFGH,1.6,282,85.6,0
30/3/2024,Saturday,NUH(A),2.3,302,74.4,0
30/3/2024,Saturday,SGH,1.6,310,83.7,0
30/3/2024,Saturday,SKH,2.4,324,84.9,0
30/3/2024,Saturday,TTSH,4,320,95.4,0
31/3/2024,Sunday,AH,1.5,56,69.2,0
31/3/2024,Sunday,CGH,4.3,345,89.7,0
31/3/2024,Sunday,KTPH,3.8,287,100,0
31/3/2024,Sunday,NTFGH,2.5,273,88.3,0
31/3/2024,Sunday,NUH(A),2.2,246,76.3,0
31/3/2024,Sunday,SGH,3.5,290,85.2,0
31/3/2024,Sunday,SKH,3.9,327,89.3,0
31/3/2024,Sunday,TTSH,4.7,274,96.7,0
1/4/2024,Monday,AH,1.4,73,75.9,0
1/4/2024,Monday,CGH,9.5,416,90,0
1/4/2024,Monday,KTPH,5.7,410,100,0
1/4/2024,Monday,NTFGH,2.1,400,89.1,0
1/4/2024,Monday,NUH(A),3.7,343,80.1,0
1/4/2024,Monday,SGH,13.3,363,87.9,0
1/4/2024,Monday,SKH,8.6,391,90.1,0
1/4/2024,Monday,TTSH,9.5,406,96.7,0
2/4/2024,Tuesday,AH,1.5,53,79.4,0
2/4/2024,Tuesday,CGH,12.6,423,91.8,0
2/4/2024,Tuesday,KTPH,18.7,305,100,0
2/4/2024,Tuesday,NTFGH,2.6,335,89.5,0
2/4/2024,Tuesday,NUH(A),2.8,283,80.5,0
2/4/2024,Tuesday,SGH,7.3,326,89.4,0
2/4/2024,Tuesday,SKH,13.2,329,90.3,0
2/4/2024,Tuesday,TTSH,7.3,360,94.9,0
3/4/2024,Wednesday,AH,1.4,59,73.4,0
3/4/2024,Wednesday,CGH,12.3,385,90.4,0
3/4/2024,Wednesday,KTPH,12.9,347,100,0
3/4/2024,Wednesday,NTFGH,2.6,329,91,0
3/4/2024,Wednesday,NUH(A),2.6,322,79.1,0
3/4/2024,Wednesday,SGH,8,314,90.6,0
3/4/2024,Wednesday,SKH,13,339,89.6,0
3/4/2024,Wednesday,TTSH,5.5,354,93.7,0
4/4/2024,Thursday,AH,1.7,49,74.1,0
4/4/2024,Thursday,CGH,16,351,89.6,0
4/4/2024,Thursday,KTPH,4.1,312,100,0
4/4/2024,Thursday,NTFGH,3.1,319,90.9,0
4/4/2024,Thursday,NUH(A),3.2,291,81,0
4/4/2024,Thursday,SGH,14.4,316,89.8,0
4/4/2024,Thursday,SKH,7.9,295,86.7,0
4/4/2024,Thursday,TTSH,5.6,337,92.3,0
5/4/2024,Friday,AH,1.6,53,64.3,0
5/4/2024,Friday,CGH,19.7,346,89.4,0
5/4/2024,Friday,KTPH,3.5,289,97.1,0
5/4/2024,Friday,NTFGH,2.3,328,86.1,0
5/4/2024,Friday,NUH(A),2.8,313,82.1,0
5/4/2024,Friday,SGH,5.7,315,86.5,0
5/4/2024,Friday,SKH,3.6,310,85.3,0
5/4/2024,Friday,TTSH,5.5,335,91.2,0
6/4/2024,Saturday,AH,1.2,62,62.9,0
6/4/2024,Saturday,CGH,8,309,89.6,0
6/4/2024,Saturday,KTPH,2.3,225,98.1,0
6/4/2024,Saturday,NTFGH,1.7,255,85.9,0
6/4/2024,Saturday,NUH(A),3.3,253,74.1,0
6/4/2024,Saturday,SGH,2,270,83.2,0
6/4/2024,Saturday,SKH,2,269,81.7,0
6/4/2024,Saturday,TTSH,3.9,328,93.4,0
7/4/2024,Sunday,AH,1.3,64,68.5,0
7/4/2024,Sunday,CGH,8.5,293,90.6,0
7/4/2024,Sunday,KTPH,1.7,284,98.5,0
7/4/2024,Sunday,NTFGH,1.8,272,88.9,0
7/4/2024,Sunday,NUH(A),2.4,265,77.2,0
7/4/2024,Sunday,SGH,2.7,258,86,0
7/4/2024,Sunday,SKH,1.4,309,86.1,0
7/4/2024,Sunday,TTSH,3.7,306,95,0
8/4/2024,Monday,AH,1.7,70,66.4,0
8/4/2024,Monday,CGH,15.7,390,91.5,0
8/4/2024,Monday,KTPH,2.6,318,99.1,0
8/4/2024,Monday,NTFGH,3,357,88.5,0
8/4/2024,Monday,NUH(A),3.8,332,80.7,0
8/4/2024,Monday,SGH,7.7,315,87.7,0
8/4/2024,Monday,SKH,2,367,86.6,0
8/4/2024,Monday,TTSH,5.1,397,94.2,0
9/4/2024,Tuesday,AH,1.8,65,68.2,0
9/4/2024,Tuesday,CGH,15.7,312,88.3,0
9/4/2024,Tuesday,KTPH,2.1,262,95.6,0
9/4/2024,Tuesday,NTFGH,2.5,293,85.4,0
9/4/2024,Tuesday,NUH(A),2.3,270,74.8,0
9/4/2024,Tuesday,SGH,7.4,312,86.4,0
9/4/2024,Tuesday,SKH,2.1,321,86.5,0
9/4/2024,Tuesday,TTSH,5.8,360,90.8,0
10/4/2024,Wednesday,AH,1,71,65.7,1
10/4/2024,Wednesday,CGH,10.5,284,87.7,1
10/4/2024,Wednesday,KTPH,2.5,241,96,1
10/4/2024,Wednesday,NTFGH,1.6,269,87,1
10/4/2024,Wednesday,NUH(A),1.7,252,68.5,1
10/4/2024,Wednesday,SGH,2.6,231,85.6,1
10/4/2024,Wednesday,SKH,1.8,303,85.5,1
10/4/2024,Wednesday,TTSH,4.6,327,92.2,1
11/4/2024,Thursday,AH,1.8,58,67.8,0
11/4/2024,Thursday,CGH,11.2,358,87,0
11/4/2024,Thursday,KTPH,3.1,351,98.9,0
11/4/2024,Thursday,NTFGH,2.3,404,91,0
11/4/2024,Thursday,NUH(A),3.1,334,76.5,0
11/4/2024,Thursday,SGH,6.2,349,88.2,0
11/4/2024,Thursday,SKH,2.6,384,88.2,0
11/4/2024,Thursday,TTSH,5,371,92,0
12/4/2024,Friday,AH,1.4,46,63.6,0
12/4/2024,Friday,CGH,10.1,378,87.7,0
12/4/2024,Friday,KTPH,4.8,300,96.6,0
12/4/2024,Friday,NTFGH,2.8,322,85.9,0
12/4/2024,Friday,NUH(A),2.7,253,74.8,0
12/4/2024,Friday,SGH,7.3,307,87.9,0
12/4/2024,Friday,SKH,2.3,318,85.7,0
12/4/2024,Friday,TTSH,4.4,340,89.2,0
13/4/2024,Saturday,AH,1.4,70,63.3,0
13/4/2024,Saturday,CGH,4.9,352,87.2,0
13/4/2024,Saturday,KTPH,1.6,262,95,0
13/4/2024,Saturday,NTFGH,1.8,276,86,0
13/4/2024,Saturday,NUH(A),1.7,245,69.9,0
13/4/2024,Saturday,SGH,5.4,308,85.1,0
13/4/2024,Saturday,SKH,2.3,304,86.6,0
13/4/2024,Saturday,TTSH,4,322,90.8,0
14/4/2024,Sunday,AH,1.3,55,65,0
14/4/2024,Sunday,CGH,3,323,88.8,0
14/4/2024,Sunday,KTPH,3.3,237,99.6,0
14/4/2024,Sunday,NTFGH,1.7,252,90.4,0
14/4/2024,Sunday,NUH(A),2,270,73.6,0
14/4/2024,Sunday,SGH,9.2,279,87.3,0
14/4/2024,Sunday,SKH,2,307,87,0
14/4/2024,Sunday,TTSH,3.9,360,94.2,0
15/4/2024,Monday,AH,1.5,84,67.8,0
15/4/2024,Monday,CGH,11.7,445,90.7,0
15/4/2024,Monday,KTPH,10,376,98.3,0
15/4/2024,Monday,NTFGH,4.2,391,91.9,0
15/4/2024,Monday,NUH(A),2.6,355,79.4,0
15/4/2024,Monday,SGH,9.7,380,90.1,0
15/4/2024,Monday,SKH,3.9,407,89.3,0
15/4/2024,Monday,TTSH,7.7,446,95.4,0
16/4/2024,Tuesday,AH,0.9,58,65.7,0
16/4/2024,Tuesday,CGH,12.6,386,91.1,0
16/4/2024,Tuesday,KTPH,17.3,327,98.3,0
16/4/2024,Tuesday,NTFGH,5,314,90,0
16/4/2024,Tuesday,NUH(A),3.7,290,80.4,0
16/4/2024,Tuesday,SGH,9.4,323,89.6,0
16/4/2024,Tuesday,SKH,4.5,358,90.1,0
16/4/2024,Tuesday,TTSH,8.8,371,95.7,0
17/4/2024,Wednesday,AH,1.2,69,64,0
17/4/2024,Wednesday,CGH,20.9,368,91,0
17/4/2024,Wednesday,KTPH,14.7,316,100,0
17/4/2024,Wednesday,NTFGH,2.8,305,86.5,0
17/4/2024,Wednesday,NUH(A),2.7,318,80.6,0
17/4/2024,Wednesday,SGH,4,303,88.1,0
17/4/2024,Wednesday,SKH,3.5,344,88.9,0
17/4/2024,Wednesday,TTSH,5.8,350,92.1,0
18/4/2024,Thursday,AH,1,61,62.2,0
18/4/2024,Thursday,CGH,16.3,337,89.5,0
18/4/2024,Thursday,KTPH,9.5,322,100,0
18/4/2024,Thursday,NTFGH,2.6,340,85,0
18/4/2024,Thursday,NUH(A),3.3,321,82.7,0
18/4/2024,Thursday,SGH,6.6,322,88.6,0
18/4/2024,Thursday,SKH,2.1,357,86.3,0
18/4/2024,Thursday,TTSH,4.3,351,90.1,0
19/4/2024,Friday,AH,1.7,66,59.8,0
19/4/2024,Friday,CGH,8.7,394,87.6,0
19/4/2024,Friday,KTPH,12.6,294,98.3,0
19/4/2024,Friday,NTFGH,3.1,327,83.5,0
19/4/2024,Friday,NUH(A),3.2,319,84.2,0
19/4/2024,Friday,SGH,2.7,322,85.5,0
19/4/2024,Friday,SKH,2.8,329,82.7,0
19/4/2024,Friday,TTSH,3.9,334,89.2,0
20/4/2024,Saturday,AH,1.2,43,60.8,0
20/4/2024,Saturday,CGH,3.9,329,89.1,0
20/4/2024,Saturday,KTPH,9.3,252,99.4,0
20/4/2024,Saturday,NTFGH,2,282,84.9,0
20/4/2024,Saturday,NUH(A),2.2,281,77.5,0
20/4/2024,Saturday,SGH,2.5,277,85,0
20/4/2024,Saturday,SKH,1.5,291,78.6,0
20/4/2024,Saturday,TTSH,3.8,321,88.9,0
21/4/2024,Sunday,AH,0.8,58,62.2,0
21/4/2024,Sunday,CGH,5.4,340,89.7,0
21/4/2024,Sunday,KTPH,6.7,303,100,0
21/4/2024,Sunday,NTFGH,2.6,260,88.6,0
21/4/2024,Sunday,NUH(A),2.4,260,80,0
21/4/2024,Sunday,SGH,3.4,303,85.8,0
21/4/2024,Sunday,SKH,1.5,321,83.2,0
21/4/2024,Sunday,TTSH,3.6,308,91.6,0
22/4/2024,Monday,AH,1.7,76,67.5,0
22/4/2024,Monday,CGH,22.8,442,89.5,0
22/4/2024,Monday,KTPH,7.5,394,100,0
22/4/2024,Monday,NTFGH,3.2,409,88.9,0
22/4/2024,Monday,NUH(A),4,353,83.7,0
22/4/2024,Monday,SGH,6.4,387,89.3,0
22/4/2024,Monday,SKH,3.3,419,90.3,0
22/4/2024,Monday,TTSH,5.3,375,91.3,0
23/4/2024,Tuesday,AH,1.3,69,69.9,0
23/4/2024,Tuesday,CGH,19.3,385,89.1,0
23/4/2024,Tuesday,KTPH,9.9,377,100,0
23/4/2024,Tuesday,NTFGH,5.2,335,90.2,0
23/4/2024,Tuesday,NUH(A),5.3,319,83.7,0
23/4/2024,Tuesday,SGH,5.8,299,87.8,0
23/4/2024,Tuesday,SKH,5.1,347,89.7,0
23/4/2024,Tuesday,TTSH,4.7,426,92.1,0
24/4/2024,Wednesday,AH,1.2,58,67.8,0
24/4/2024,Wednesday,CGH,13.5,419,90.3,0
24/4/2024,Wednesday,KTPH,14.8,328,100,0
24/4/2024,Wednesday,NTFGH,5.2,302,88.4,0
24/4/2024,Wednesday,NUH(A),8,292,85.4,0
24/4/2024,Wednesday,SGH,5.2,298,88.3,0
24/4/2024,Wednesday,SKH,5.3,378,90.1,0
24/4/2024,Wednesday,TTSH,4.8,389,93.4,0
25/4/2024,Thursday,AH,1.1,49,67.1,0
25/4/2024,Thursday,CGH,19.1,366,88.2,0
25/4/2024,Thursday,KTPH,11,338,100,0
25/4/2024,Thursday,NTFGH,2.7,320,84.1,0
25/4/2024,Thursday,NUH(A),6.1,313,84.9,0
25/4/2024,Thursday,SGH,5.9,351,87.4,0
25/4/2024,Thursday,SKH,7.9,351,88.9,0
25/4/2024,Thursday,TTSH,4.8,364,92.3,0
26/4/2024,Friday,AH,1.6,63,59.4,0
26/4/2024,Friday,CGH,12.1,349,87.4,0
26/4/2024,Friday,KTPH,5.1,349,100,0
26/4/2024,Friday,NTFGH,3.1,312,81.4,0
26/4/2024,Friday,NUH(A),7.2,303,81,0
26/4/2024,Friday,SGH,3.5,286,86.6,0
26/4/2024,Friday,SKH,8,351,86.9,0
26/4/2024,Friday,TTSH,4.1,344,88.3,0
27/4/2024,Saturday,AH,1.4,61,62.2,0
27/4/2024,Saturday,CGH,8,330,87.9,0
27/4/2024,Saturday,KTPH,6.7,273,100,0
27/4/2024,Saturday,NTFGH,2,233,80.1,0
27/4/2024,Saturday,NUH(A),4.2,311,78,0
27/4/2024,Saturday,SGH,1.7,328,84.4,0
27/4/2024,Saturday,SKH,6.9,322,86.3,0
27/4/2024,Saturday,TTSH,3.6,350,89.7,0
28/4/2024,Sunday,AH,1.4,65,65.4,0
28/4/2024,Sunday,CGH,3.9,350,89.9,0
28/4/2024,Sunday,KTPH,3.9,267,100,0
28/4/2024,Sunday,NTFGH,1.7,276,81.9,0
28/4/2024,Sunday,NUH(A),3.9,255,80.7,0
28/4/2024,Sunday,SGH,4.2,314,87.3,0
28/4/2024,Sunday,SKH,4.1,309,89.4,0
28/4/2024,Sunday,TTSH,4.6,314,93,0
29/4/2024,Monday,AH,1.8,83,72,0
29/4/2024,Monday,CGH,11.6,467,91.7,0
29/4/2024,Monday,KTPH,21.6,400,100,0
29/4/2024,Monday,NTFGH,2.1,392,87,0
29/4/2024,Monday,NUH(A),4.9,388,85.1,0
29/4/2024,Monday,SGH,6.5,376,86.6,0
29/4/2024,Monday,SKH,9.8,429,87.2,0
29/4/2024,Monday,TTSH,5.9,434,95.1,0
30/4/2024,Tuesday,AH,2.2,78,77.3,0
30/4/2024,Tuesday,CGH,18.1,375,91.1,0
30/4/2024,Tuesday,KTPH,10.1,331,100,0
30/4/2024,Tuesday,NTFGH,3.5,326,84.3,0
30/4/2024,Tuesday,NUH(A),7.1,321,85.4,0
30/4/2024,Tuesday,SGH,5.7,308,87.4,0
30/4/2024,Tuesday,SKH,14,351,87.8,0
30/4/2024,Tuesday,TTSH,6.1,376,93.6,0
1/5/2024,Wednesday,AH,1.3,79,76.9,1
1/5/2024,Wednesday,CGH,10.8,340,89.7,1
1/5/2024,Wednesday,KTPH,15.4,309,100,1
1/5/2024,Wednesday,NTFGH,2.1,298,85.2,1
1/5/2024,Wednesday,NUH(A),5.8,274,85.2,1
1/5/2024,Wednesday,SGH,4.9,272,86.9,1
1/5/2024,Wednesday,SKH,4.6,352,87.8,1
1/5/2024,Wednesday,TTSH,6.9,318,95.3,1
2/5/2024,Thursday,AH,1.5,53,77.3,0
2/5/2024,Thursday,CGH,29,394,92.1,0
2/5/2024,Thursday,KTPH,23,386,100,0
2/5/2024,Thursday,NTFGH,3.6,405,89,0
2/5/2024,Thursday,NUH(A),5.2,351,87.8,0
2/5/2024,Thursday,SGH,12.6,390,88.8,0
2/5/2024,Thursday,SKH,7.9,405,88.5,0
2/5/2024,Thursday,TTSH,7.3,451,95.5,0
3/5/2024,Friday,AH,1.1,64,69.9,0
3/5/2024,Friday,CGH,22.1,378,89,0
3/5/2024,Friday,KTPH,8.2,302,100,0
3/5/2024,Friday,NTFGH,5.8,339,87.9,0
3/5/2024,Friday,NUH(A),6.7,303,86.1,0
3/5/2024,Friday,SGH,7.9,356,88,0
3/5/2024,Friday,SKH,18.7,387,86.1,0
3/5/2024,Friday,TTSH,9.7,379,95.8,0
4/5/2024,Saturday,AH,1.5,58,67.8,0
4/5/2024,Saturday,CGH,21.2,294,89.3,0
4/5/2024,Saturday,KTPH,10.2,245,100,0
4/5/2024,Saturday,NTFGH,2.3,274,86.5,0
4/5/2024,Saturday,NUH(A),5,249,80.9,0
4/5/2024,Saturday,SGH,4.3,302,87.4,0
4/5/2024,Saturday,SKH,6.4,313,86.3,0
4/5/2024,Saturday,TTSH,6,327,95.8,0
5/5/2024,Sunday,AH,1.3,64,72,0
5/5/2024,Sunday,CGH,14.1,316,90.5,0
5/5/2024,Sunday,KTPH,4.6,279,100,0
5/5/2024,Sunday,NTFGH,4,305,89.5,0
5/5/2024,Sunday,NUH(A),3.5,278,82.4,0
5/5/2024,Sunday,SGH,4.2,292,88.2,0
5/5/2024,Sunday,SKH,4.5,361,89.3,0
5/5/2024,Sunday,TTSH,5.9,353,97.8,0
6/5/2024,Monday,AH,1.9,92,76.2,0
6/5/2024,Monday,CGH,25.2,446,92.5,0
6/5/2024,Monday,KTPH,5.3,390,99.7,0
6/5/2024,Monday,NTFGH,8.3,396,90.3,0
6/5/2024,Monday,NUH(A),4.8,442,87,0
6/5/2024,Monday,SGH,8.7,358,89.8,0
6/5/2024,Monday,SKH,10.7,428,88.9,0
6/5/2024,Monday,TTSH,9.2,422,97.9,0
7/5/2024,Tuesday,AH,2.2,61,83.9,0
7/5/2024,Tuesday,CGH,19,407,92.2,0
7/5/2024,Tuesday,KTPH,14.5,324,98.5,0
7/5/2024,Tuesday,NTFGH,7.4,353,89.3,0
7/5/2024,Tuesday,NUH(A),9.7,333,88.1,0
7/5/2024,Tuesday,SGH,11.2,328,90.1,0
7/5/2024,Tuesday,SKH,10.3,356,89.6,0
7/5/2024,Tuesday,TTSH,8.3,355,97,0
8/5/2024,Wednesday,AH,1,46,83.2,0
8/5/2024,Wednesday,CGH,20.2,373,91.1,0
8/5/2024,Wednesday,KTPH,7.2,330,96.6,0
8/5/2024,Wednesday,NTFGH,4.8,354,89.3,0
8/5/2024,Wednesday,NUH(A),5.2,334,85,0
8/5/2024,Wednesday,SGH,12.9,339,91.2,0
8/5/2024,Wednesday,SKH,7.7,353,92.3,0
8/5/2024,Wednesday,TTSH,5.6,358,95.7,0
9/5/2024,Thursday,AH,1.7,64,75.2,0
9/5/2024,Thursday,CGH,18.7,370,90.8,0
9/5/2024,Thursday,KTPH,4.8,337,95.1,0
9/5/2024,Thursday,NTFGH,6.1,368,90,0
9/5/2024,Thursday,NUH(A),4.3,298,84.5,0
9/5/2024,Thursday,SGH,13,332,90.2,0
9/5/2024,Thursday,SKH,10.9,382,90.3,0
9/5/2024,Thursday,TTSH,4.9,394,94.4,0
10/5/2024,Friday,AH,1.2,58,67.1,0
10/5/2024,Friday,CGH,12.6,408,89.5,0
10/5/2024,Friday,KTPH,6.7,306,90.7,0
10/5/2024,Friday,NTFGH,4.6,348,90.9,0
10/5/2024,Friday,NUH(A),3.9,293,81.4,0
10/5/2024,Friday,SGH,7,312,87.3,0
10/5/2024,Friday,SKH,6.6,370,88.8,0
10/5/2024,Friday,TTSH,4.6,377,92.9,0
11/5/2024,Saturday,AH,1,54,64.7,0
11/5/2024,Saturday,CGH,10.8,335,89.5,0
11/5/2024,Saturday,KTPH,1.7,284,100,0
11/5/2024,Saturday,NTFGH,6.3,300,91.3,0
11/5/2024,Saturday,NUH(A),2.5,280,77.6,0
11/5/2024,Saturday,SGH,5.8,314,87,0
11/5/2024,Saturday,SKH,6.7,322,88.2,0
11/5/2024,Saturday,TTSH,4.1,330,93.6,0
12/5/2024,Sunday,AH,1.3,63,65,0
12/5/2024,Sunday,CGH,7.1,352,90.9,0
12/5/2024,Sunday,KTPH,6.5,256,100,0
12/5/2024,Sunday,NTFGH,12.3,290,94.7,0
12/5/2024,Sunday,NUH(A),2.7,243,81.5,0
12/5/2024,Sunday,SGH,6.9,261,88.4,0
12/5/2024,Sunday,SKH,2.9,341,90.5,0
12/5/2024,Sunday,TTSH,4.6,314,97.9,0
13/5/2024,Monday,AH,1.5,62,67.5,0
13/5/2024,Monday,CGH,23,446,90.1,0
13/5/2024,Monday,KTPH,4.8,372,100,0
13/5/2024,Monday,NTFGH,20.4,389,93.4,0
13/5/2024,Monday,NUH(A),5.7,363,86,0
13/5/2024,Monday,SGH,9.6,429,87.9,0
13/5/2024,Monday,SKH,5.5,426,90.5,0
13/5/2024,Monday,TTSH,10,435,96.9,0
14/5/2024,Tuesday,AH,0.9,58,81.1,0
14/5/2024,Tuesday,CGH,20.4,401,90.5,0
14/5/2024,Tuesday,KTPH,12.6,360,100,0
14/5/2024,Tuesday,NTFGH,20,351,90.9,0
14/5/2024,Tuesday,NUH(A),9.5,326,86.2,0
14/5/2024,Tuesday,SGH,8.7,328,88.7,0
14/5/2024,Tuesday,SKH,7,386,90.5,0
14/5/2024,Tuesday,TTSH,15.5,396,96.7,0
15/5/2024,Wednesday,AH,1.7,73,80.8,0
15/5/2024,Wednesday,CGH,19.8,409,91,0
15/5/2024,Wednesday,KTPH,13.9,299,100,0
15/5/2024,Wednesday,NTFGH,8.5,362,93.6,0
15/5/2024,Wednesday,NUH(A),7.3,307,84.2,0
15/5/2024,Wednesday,SGH,8.4,318,88.1,0
15/5/2024,Wednesday,SKH,4,366,89.9,0
15/5/2024,Wednesday,TTSH,11.4,382,95.6,0
16/5/2024,Thursday,AH,1.5,58,75.9,0
16/5/2024,Thursday,CGH,17,412,90.6,0
16/5/2024,Thursday,KTPH,7.4,273,99,0
16/5/2024,Thursday,NTFGH,3.2,344,90.4,0
16/5/2024,Thursday,NUH(A),6.1,335,86.5,0
16/5/2024,Thursday,SGH,10,336,87.7,0
16/5/2024,Thursday,SKH,3.7,373,87.8,0
16/5/2024,Thursday,TTSH,7.3,343,95.6,0
17/5/2024,Friday,AH,1.5,61,66.1,0
17/5/2024,Friday,CGH,8.4,419,89.8,0
17/5/2024,Friday,KTPH,4,302,94.6,0
17/5/2024,Friday,NTFGH,2.4,344,87.6,0
17/5/2024,Friday,NUH(A),6.5,289,82.4,0
17/5/2024,Friday,SGH,4.7,328,86.7,0
17/5/2024,Friday,SKH,4.2,345,85.8,0
17/5/2024,Friday,TTSH,4.9,359,90.8,0
18/5/2024,Saturday,AH,1.1,55,67.1,0
18/5/2024,Saturday,CGH,9.9,341,90.3,0
18/5/2024,Saturday,KTPH,1.9,248,99.4,0
18/5/2024,Saturday,NTFGH,2.3,306,88.1,0
18/5/2024,Saturday,NUH(A),2.8,255,78.6,0
18/5/2024,Saturday,SGH,2.4,287,85.4,0
18/5/2024,Saturday,SKH,2,335,82.4,0
18/5/2024,Saturday,TTSH,4.2,334,91.7,0
19/5/2024,Sunday,AH,1.4,69,68.5,0
19/5/2024,Sunday,CGH,5.9,321,90.7,0
19/5/2024,Sunday,KTPH,2.8,283,89.8,0
19/5/2024,Sunday,NTFGH,2.6,288,91.2,0
19/5/2024,Sunday,NUH(A),2.5,268,81.3,0
19/5/2024,Sunday,SGH,2.6,290,87.3,0
19/5/2024,Sunday,SKH,2.4,354,84.9,0
19/5/2024,Sunday,TTSH,3.8,332,95.6,0
20/5/2024,Monday,AH,1.6,84,73.8,0
20/5/2024,Monday,CGH,19.2,423,90.6,0
20/5/2024,Monday,KTPH,14.9,359,100,0
20/5/2024,Monday,NTFGH,4.7,374,90.8,0
20/5/2024,Monday,NUH(A),4.6,348,84.9,0
20/5/2024,Monday,SGH,8.3,356,89.1,0
20/5/2024,Monday,SKH,4.3,439,90.4,0
20/5/2024,Monday,TTSH,5.7,439,95.8,0
21/5/2024,Tuesday,AH,1.5,60,72,0
21/5/2024,Tuesday,CGH,22.1,421,92,0
21/5/2024,Tuesday,KTPH,7.6,289,99.8,0
21/5/2024,Tuesday,NTFGH,6.5,330,91.5,0
21/5/2024,Tuesday,NUH(A),6,319,84.6,0
21/5/2024,Tuesday,SGH,5.3,317,87,0
21/5/2024,Tuesday,SKH,6.4,381,89.6,0
21/5/2024,Tuesday,TTSH,6,401,94.1,0
22/5/2024,Wednesday,AH,1,72,69.6,1
22/5/2024,Wednesday,CGH,11.4,337,91.4,1
22/5/2024,Wednesday,KTPH,7.8,264,100,1
22/5/2024,Wednesday,NTFGH,3.6,276,90.5,1
22/5/2024,Wednesday,NUH(A),4.3,236,82.2,1
22/5/2024,Wednesday,SGH,5.3,295,87.2,1
22/5/2024,Wednesday,SKH,6.5,317,89.6,1
22/5/2024,Wednesday,TTSH,4.9,282,94.1,1
23/5/2024,Thursday,AH,1.8,78,74.8,0
23/5/2024,Thursday,CGH,16.5,403,90.2,0
23/5/2024,Thursday,KTPH,2.9,302,100,0
23/5/2024,Thursday,NTFGH,4.9,391,90.7,0
23/5/2024,Thursday,NUH(A),4.4,332,86.5,0
23/5/2024,Thursday,SGH,5.7,384,87.9,0
23/5/2024,Thursday,SKH,4.4,360,90.3,0
23/5/2024,Thursday,TTSH,5.3,415,93.8,0
24/5/2024,Friday,AH,1.3,55,71.7,0
24/5/2024,Friday,CGH,13,353,89.3,0
24/5/2024,Friday,KTPH,3.9,270,100,0
24/5/2024,Friday,NTFGH,4.3,307,86.5,0
24/5/2024,Friday,NUH(A),6.3,309,83.9,0
24/5/2024,Friday,SGH,5.3,329,85.3,0
24/5/2024,Friday,SKH,8.3,359,88.5,0
24/5/2024,Friday,TTSH,6.2,383,92.1,0
25/5/2024,Saturday,AH,1.4,71,69.9,0
25/5/2024,Saturday,CGH,7.6,364,90.7,0
25/5/2024,Saturday,KTPH,2.1,253,99.5,0
25/5/2024,Saturday,NTFGH,2.1,299,88,0
25/5/2024,Saturday,NUH(A),4.8,269,81.5,0
25/5/2024,Saturday,SGH,1.7,321,84.4,0
25/5/2024,Saturday,SKH,6,313,88.2,0
25/5/2024,Saturday,TTSH,4.7,312,92.7,0
26/5/2024,Sunday,AH,1.5,64,73.1,0
26/5/2024,Sunday,CGH,5.2,356,91.3,0
26/5/2024,Sunday,KTPH,4.1,258,100,0
26/5/2024,Sunday,NTFGH,3,321,89,0
26/5/2024,Sunday,NUH(A),3.3,273,82.2,0
26/5/2024,Sunday,SGH,3.4,277,86.7,0
26/5/2024,Sunday,SKH,3.1,366,89.8,0
26/5/2024,Sunday,TTSH,5.6,328,96.2,0
27/5/2024,Monday,AH,1.7,75,81.1,0
27/5/2024,Monday,CGH,16.7,440,92.6,0
27/5/2024,Monday,KTPH,4.5,338,99.7,0
27/5/2024,Monday,NTFGH,4.1,419,91.2,0
27/5/2024,Monday,NUH(A),7.9,375,86.7,0
27/5/2024,Monday,SGH,18,378,88.8,0
27/5/2024,Monday,SKH,4.4,403,90.6,0
27/5/2024,Monday,TTSH,6.1,431,94.5,0
28/5/2024,Tuesday,AH,1.3,67,85,0
28/5/2024,Tuesday,CGH,20,394,91.1,0
28/5/2024,Tuesday,KTPH,6.2,310,100,0
28/5/2024,Tuesday,NTFGH,6.2,349,89.7,0
28/5/2024,Tuesday,NUH(A),7.4,312,87.1,0
28/5/2024,Tuesday,SGH,10.2,326,89.3,0
28/5/2024,Tuesday,SKH,9.9,410,89.8,0
28/5/2024,Tuesday,TTSH,11.2,363,94.4,0
29/5/2024,Wednesday,AH,1.3,68,85.7,0
29/5/2024,Wednesday,CGH,18.4,417,92.5,0
29/5/2024,Wednesday,KTPH,6,336,99.7,0
29/5/2024,Wednesday,NTFGH,5.4,378,90.2,0
29/5/2024,Wednesday,NUH(A),8.8,323,86.5,0
29/5/2024,Wednesday,SGH,7.1,345,87.9,0
29/5/2024,Wednesday,SKH,11.1,378,93.1,0
29/5/2024,Wednesday,TTSH,7.2,401,94.2,0
30/5/2024,Thursday,AH,1.8,47,81.8,0
30/5/2024,Thursday,CGH,17.6,382,91.6,0
30/5/2024,Thursday,KTPH,5.5,277,98.9,0
30/5/2024,Thursday,NTFGH,5,355,88.6,0
30/5/2024,Thursday,NUH(A),9.4,289,85.6,0
30/5/2024,Thursday,SGH,8.4,316,87.7,0
30/5/2024,Thursday,SKH,11.1,381,89.7,0
30/5/2024,Thursday,TTSH,11.6,369,94.8,0
31/5/2024,Friday,AH,1.1,56,76.9,0
31/5/2024,Friday,CGH,14.7,399,91,0
31/5/2024,Friday,KTPH,3.4,265,96.5,0
31/5/2024,Friday,NTFGH,3.4,339,86.2,0
31/5/2024,Friday,NUH(A),6.3,287,83.8,0
31/5/2024,Friday,SGH,5.9,311,86.2,0
31/5/2024,Friday,SKH,9.2,317,87.5,0
31/5/2024,Friday,TTSH,7.8,363,93.5,0
1/6/2024,Saturday,AH,1,56,76.6,0
1/6/2024,Saturday,CGH,15.2,318,90.8,0
1/6/2024,Saturday,KTPH,3.3,233,96.5,0
1/6/2024,Saturday,NTFGH,2.3,294,85.4,0
1/6/2024,Saturday,NUH(A),2.7,269,79.4,0
1/6/2024,Saturday,SGH,4.9,270,83.8,0
1/6/2024,Saturday,SKH,4.4,318,86.9,0
1/6/2024,Saturday,TTSH,6.6,311,95.3,0
2/6/2024,Sunday,AH,1.3,69,79.4,0
2/6/2024,Sunday,CGH,13.6,325,89.4,0
2/6/2024,Sunday,KTPH,3.6,246,99.5,0
2/6/2024,Sunday,NTFGH,2.9,312,88.9,0
2/6/2024,Sunday,NUH(A),2.2,247,81.8,0
2/6/2024,Sunday,SGH,4.8,258,84.3,0
2/6/2024,Sunday,SKH,5.2,340,89,0
2/6/2024,Sunday,TTSH,6.8,310,96.3,0
3/6/2024,Monday,AH,2,80,80.1,0
3/6/2024,Monday,CGH,20,430,88.9,0
3/6/2024,Monday,KTPH,3.4,320,100,0
3/6/2024,Monday,NTFGH,6.1,406,91.4,0
3/6/2024,Monday,NUH(A),4.1,370,84.2,0
3/6/2024,Monday,SGH,7.1,389,85.9,0
3/6/2024,Monday,SKH,16.2,373,90.9,0
3/6/2024,Monday,TTSH,6.2,404,97.2,0
4/6/2024,Tuesday,AH,1.5,68,84.3,0
4/6/2024,Tuesday,CGH,13.7,403,89.7,0
4/6/2024,Tuesday,KTPH,6.3,281,100,0
4/6/2024,Tuesday,NTFGH,10.3,374,90.3,0
4/6/2024,Tuesday,NUH(A),5.1,345,87,0
4/6/2024,Tuesday,SGH,7.8,324,88.6,0
4/6/2024,Tuesday,SKH,13.6,377,90.1,0
4/6/2024,Tuesday,TTSH,10.8,392,97.4,0
5/6/2024,Wednesday,AH,1,57,81.1,0
5/6/2024,Wednesday,CGH,11.1,378,90.4,0
5/6/2024,Wednesday,KTPH,6,318,100,0
5/6/2024,Wednesday,NTFGH,7.9,401,90.2,0
5/6/2024,Wednesday,NUH(A),4.7,341,86.6,0
5/6/2024,Wednesday,SGH,6.1,319,87.3,0
5/6/2024,Wednesday,SKH,12.3,324,90.6,0
5/6/2024,Wednesday,TTSH,8.8,411,95.2,0
6/6/2024,Thursday,AH,1.6,52,85,0
6/6/2024,Thursday,CGH,6.5,380,91,0
6/6/2024,Thursday,KTPH,12.6,273,100,0
6/6/2024,Thursday,NTFGH,7.7,317,90.2,0
6/6/2024,Thursday,NUH(A),5.9,301,87.1,0
6/6/2024,Thursday,SGH,5.3,319,87.3,0
6/6/2024,Thursday,SKH,12,345,87.2,0
6/6/2024,Thursday,TTSH,8,391,95.2,0
7/6/2024,Friday,AH,1.3,54,77.6,0
7/6/2024,Friday,CGH,15.2,341,88,0
7/6/2024,Friday,KTPH,3.7,258,95.3,0
7/6/2024,Friday,NTFGH,5.4,323,86.6,0
7/6/2024,Friday,NUH(A),7.2,295,84.4,0
7/6/2024,Friday,SGH,3.2,301,85.2,0
7/6/2024,Friday,SKH,5.8,349,85.9,0
7/6/2024,Friday,TTSH,8.1,340,93.2,0
8/6/2024,Saturday,AH,1.4,67,72.7,0
8/6/2024,Saturday,CGH,5.1,326,86.5,0
8/6/2024,Saturday,KTPH,3,233,96.2,0
8/6/2024,Saturday,NTFGH,2.7,282,88.5,0
8/6/2024,Saturday,NUH(A),3.9,259,82.5,0
8/6/2024,Saturday,SGH,2.6,288,82.9,0
8/6/2024,Saturday,SKH,3,333,88,0
8/6/2024,Saturday,TTSH,4.8,340,94.1,0
9/6/2024,Sunday,AH,1.4,71,78,0
9/6/2024,Sunday,CGH,2.2,331,88.6,0
9/6/2024,Sunday,KTPH,2.7,218,98.6,0
9/6/2024,Sunday,NTFGH,2.6,284,90.5,0
9/6/2024,Sunday,NUH(A),3.3,283,84.9,0
9/6/2024,Sunday,SGH,1.4,296,84.8,0
9/6/2024,Sunday,SKH,5.3,373,90,0
9/6/2024,Sunday,TTSH,3.9,314,96.4,0
10/6/2024,Monday,AH,1.7,76,80.8,0
10/6/2024,Monday,CGH,16.2,421,89.7,0
10/6/2024,Monday,KTPH,3.4,320,100,0
10/6/2024,Monday,NTFGH,8,400,89.2,0
10/6/2024,Monday,NUH(A),5.4,366,87,0
10/6/2024,Monday,SGH,3.6,358,89.5,0
10/6/2024,Monday,SKH,4.2,392,91,0
10/6/2024,Monday,TTSH,6.7,409,97.2,0
11/6/2024,Tuesday,AH,1.6,52,77.6,0
11/6/2024,Tuesday,CGH,10,393,87.7,0
11/6/2024,Tuesday,KTPH,6.3,300,100,0
11/6/2024,Tuesday,NTFGH,11.9,360,88.1,0
11/6/2024,Tuesday,NUH(A),7.5,300,86,0
11/6/2024,Tuesday,SGH,6,313,89.1,0
11/6/2024,Tuesday,SKH,13.5,373,93.2,0
11/6/2024,Tuesday,TTSH,6.5,380,95.3,0
12/6/2024,Wednesday,AH,1.3,64,75.2,0
12/6/2024,Wednesday,CGH,10.4,403,88.1,0
12/6/2024,Wednesday,KTPH,7.1,275,98.6,0
12/6/2024,Wednesday,NTFGH,12.3,307,88.4,0
12/6/2024,Wednesday,NUH(A),4.2,325,84.9,0
12/6/2024,Wednesday,SGH,6.9,308,89,0
12/6/2024,Wednesday,SKH,21,358,89,0
12/6/2024,Wednesday,TTSH,6.3,369,93.7,0
13/6/2024,Thursday,AH,1.7,53,72.4,0
13/6/2024,Thursday,CGH,10.1,387,88.8,0
13/6/2024,Thursday,KTPH,3.5,285,96.7,0
13/6/2024,Thursday,NTFGH,4,366,91,0
13/6/2024,Thursday,NUH(A),4.5,311,83.7,0
13/6/2024,Thursday,SGH,7.4,325,90,0
13/6/2024,Thursday,SKH,8.4,352,88.8,0
13/6/2024,Thursday,TTSH,5.1,394,92.9,0
14/6/2024,Friday,AH,1.4,59,71,0
14/6/2024,Friday,CGH,11.1,343,88,0
14/6/2024,Friday,KTPH,3.4,288,96.1,0
14/6/2024,Friday,NTFGH,5,341,88.9,0
14/6/2024,Friday,NUH(A),4.1,296,82.5,0
14/6/2024,Friday,SGH,3.7,316,86.4,0
14/6/2024,Friday,SKH,7.3,323,88.3,0
14/6/2024,Friday,TTSH,4.8,386,90.2,0
15/6/2024,Saturday,AH,1.5,45,74.8,0
15/6/2024,Saturday,CGH,4.5,326,87.4,0
15/6/2024,Saturday,KTPH,5.4,209,94.3,0
15/6/2024,Saturday,NTFGH,2.2,307,86.9,0
15/6/2024,Saturday,NUH(A),2.1,275,77.2,0
15/6/2024,Saturday,SGH,1.4,286,83.6,0
15/6/2024,Saturday,SKH,2.5,308,83.2,0
15/6/2024,Saturday,TTSH,4.5,331,91.5,0
16/6/2024,Sunday,AH,1.1,48,71.3,0
16/6/2024,Sunday,CGH,2.2,304,86.3,0
16/6/2024,Sunday,KTPH,3.6,178,95.7,0
16/6/2024,Sunday,NTFGH,2,242,88.3,0
16/6/2024,Sunday,NUH(A),2.5,234,74.6,0
16/6/2024,Sunday,SGH,1.1,233,80.9,0
16/6/2024,Sunday,SKH,2.2,313,84.2,0
16/6/2024,Sunday,TTSH,3.9,311,94.4,0
17/6/2024,Monday,AH,1.3,70,70.3,1
17/6/2024,Monday,CGH,3.3,359,89.2,1
17/6/2024,Monday,KTPH,4.8,237,96.5,1
17/6/2024,Monday,NTFGH,2,309,89.7,1
17/6/2024,Monday,NUH(A),2,273,77.6,1
17/6/2024,Monday,SGH,1.1,302,84.2,1
17/6/2024,Monday,SKH,2,371,88.5,1
17/6/2024,Monday,TTSH,4.4,340,97.6,1
18/6/2024,Tuesday,AH,1.3,73,74.1,0
18/6/2024,Tuesday,CGH,14.2,462,89.7,0
18/6/2024,Tuesday,KTPH,10.1,292,100,0
18/6/2024,Tuesday,NTFGH,6.2,411,91.5,0
18/6/2024,Tuesday,NUH(A),4.3,379,83.1,0
18/6/2024,Tuesday,SGH,5,385,89.5,0
18/6/2024,Tuesday,SKH,3.7,426,90.2,0
18/6/2024,Tuesday,TTSH,7.2,406,97.9,0
19/6/2024,Wednesday,AH,1.5,60,75.2,0
19/6/2024,Wednesday,CGH,19.7,418,88.7,0
19/6/2024,Wednesday,KTPH,7.9,249,96.8,0
19/6/2024,Wednesday,NTFGH,9,357,90.2,0
19/6/2024,Wednesday,NUH(A),8.9,321,83.8,0
19/6/2024,Wednesday,SGH,9.1,335,89.5,0
19/6/2024,Wednesday,SKH,13.3,353,89.4,0
19/6/2024,Wednesday,TTSH,8.1,361,98,0
20/6/2024,Thursday,AH,1.4,61,76.6,0
20/6/2024,Thursday,CGH,16.8,390,90.2,0
20/6/2024,Thursday,KTPH,8.1,236,94,0
20/6/2024,Thursday,NTFGH,7.4,320,88.1,0
20/6/2024,Thursday,NUH(A),5.7,298,82.9,0
20/6/2024,Thursday,SGH,4.9,315,87.3,0
20/6/2024,Thursday,SKH,16,374,90.7,0
20/6/2024,Thursday,TTSH,9.4,332,95.4,0
21/6/2024,Friday,AH,1.6,63,72,0
21/6/2024,Friday,CGH,10.6,383,89.7,0
21/6/2024,Friday,KTPH,3.8,248,93.2,0
21/6/2024,Friday,NTFGH,2.7,346,85.1,0
21/6/2024,Friday,NUH(A),4.5,276,80.1,0
21/6/2024,Friday,SGH,5.1,298,86,0
21/6/2024,Friday,SKH,19.9,306,88.6,0
21/6/2024,Friday,TTSH,4.7,352,92.6,0
22/6/2024,Saturday,AH,0.8,56,70.3,0
22/6/2024,Saturday,CGH,11.5,295,89.9,0
22/6/2024,Saturday,KTPH,2.3,218,93.2,0
22/6/2024,Saturday,NTFGH,2,277,85.2,0
22/6/2024,Saturday,NUH(A),3,227,75.5,0
22/6/2024,Saturday,SGH,1.6,281,83.9,0
22/6/2024,Saturday,SKH,8.1,297,88.1,0
22/6/2024,Saturday,TTSH,3.7,323,91.6,0
23/6/2024,Sunday,AH,1.5,60,72.7,0
23/6/2024,Sunday,CGH,6.1,356,89.7,0
23/6/2024,Sunday,KTPH,2.3,200,93.1,0
23/6/2024,Sunday,NTFGH,3.4,290,87.6,0
23/6/2024,Sunday,NUH(A),2,272,78.1,0
23/6/2024,Sunday,SGH,1.7,289,86.3,0
23/6/2024,Sunday,SKH,2.6,337,89.3,0
23/6/2024,Sunday,TTSH,3.7,338,95.1,0
23/6/2024,Sunday,WH,3,114,69.3,0
24/6/2024,Monday,AH,1.3,89,81.5,0
24/6/2024,Monday,CGH,15.1,477,90.2,0
24/6/2024,Monday,KTPH,2.8,316,92.7,0
24/6/2024,Monday,NTFGH,5.2,377,87.8,0
24/6/2024,Monday,NUH(A),3.3,383,85.4,0
24/6/2024,Monday,SGH,10.4,402,88.8,0
24/6/2024,Monday,SKH,3.7,432,91.1,0
24/6/2024,Monday,TTSH,5.3,417,96,0
24/6/2024,Monday,WH,3.4,129,75,0
25/6/2024,Tuesday,AH,2.2,72,82.5,0
25/6/2024,Tuesday,CGH,16.7,435,90.6,0
25/6/2024,Tuesday,KTPH,3.8,283,94.8,0
25/6/2024,Tuesday,NTFGH,5.4,370,87.4,0
25/6/2024,Tuesday,NUH(A),5.3,359,84.7,0
25/6/2024,Tuesday,SGH,7.7,294,87.6,0
25/6/2024,Tuesday,SKH,7.4,363,93.1,0
25/6/2024,Tuesday,TTSH,7,371,95.5,0
25/6/2024,Tuesday,WH,2.7,104,75.5,0
26/6/2024,Wednesday,AH,1.9,74,80.4,0
26/6/2024,Wednesday,CGH,13.6,404,89.9,0
26/6/2024,Wednesday,KTPH,7.3,266,96.2,0
26/6/2024,Wednesday,NTFGH,5.6,349,89.5,0
26/6/2024,Wednesday,NUH(A),4.2,281,83.5,0
26/6/2024,Wednesday,SGH,7.8,336,86.6,0
26/6/2024,Wednesday,SKH,7.2,370,89.9,0
26/6/2024,Wednesday,TTSH,6.8,373,94.6,0
26/6/2024,Wednesday,WH,3,129,68.4,0
27/6/2024,Thursday,AH,1.8,57,71,0
27/6/2024,Thursday,CGH,17.3,366,88.9,0
27/6/2024,Thursday,KTPH,4.9,278,94.9,0
27/6/2024,Thursday,NTFGH,5.5,344,89.7,0
27/6/2024,Thursday,NUH(A),3.3,318,84.6,0
27/6/2024,Thursday,SGH,4.1,301,88.1,0
27/6/2024,Thursday,SKH,5.1,329,90.1,0
27/6/2024,Thursday,TTSH,5.3,362,92.4,0
27/6/2024,Thursday,WH,3.3,124,66.8,0
28/6/2024,Friday,AH,1.3,73,67.3,0
28/6/2024,Friday,CGH,16.6,381,87.5,0
28/6/2024,Friday,KTPH,7.3,252,94.1,0
28/6/2024,Friday,NTFGH,4,325,89.4,0
28/6/2024,Friday,NUH(A),3.2,299,81.5,0
28/6/2024,Friday,SGH,2.8,295,84.3,0
28/6/2024,Friday,SKH,5,336,87.2,0
28/6/2024,Friday,TTSH,4.9,353,90.9,0
28/6/2024,Friday,WH,3.5,104,59,0
29/6/2024,Saturday,AH,1.3,55,63.6,0
29/6/2024,Saturday,CGH,8.5,330,86.8,0
29/6/2024,Saturday,KTPH,2.7,243,95.9,0
29/6/2024,Saturday,NTFGH,2.6,280,88.9,0
29/6/2024,Saturday,NUH(A),2.4,269,78,0
29/6/2024,Saturday,SGH,1.3,290,80.2,0
29/6/2024,Saturday,SKH,3,315,85.3,0
29/6/2024,Saturday,TTSH,4.2,299,92.5,0
29/6/2024,Saturday,WH,2.5,124,61.2,0
30/6/2024,Sunday,AH,1.3,60,66.2,0
30/6/2024,Sunday,CGH,3.2,365,88.1,0
30/6/2024,Sunday,KTPH,2.6,223,96.5,0
30/6/2024,Sunday,NTFGH,3.9,273,89.5,0
30/6/2024,Sunday,NUH(A),2.8,267,80.2,0
30/6/2024,Sunday,SGH,0.9,275,83.9,0
30/6/2024,Sunday,SKH,3.4,351,88.1,0
30/6/2024,Sunday,TTSH,4.7,308,95.3,0
30/6/2024,Sunday,WH,2.7,132,65.7,0
1/7/2024,Monday,AH,1.4,88,74.8,0
1/7/2024,Monday,CGH,22.3,434,88.2,0
1/7/2024,Monday,KTPH,4.1,299,96.5,0
1/7/2024,Monday,NTFGH,6.8,432,91.4,0
1/7/2024,Monday,NUH(A),4.2,404,82.5,0
1/7/2024,Monday,SGH,3.2,341,85.6,0
1/7/2024,Monday,SKH,6.3,392,90.7,0
1/7/2024,Monday,TTSH,8.5,411,95.1,0
1/7/2024,Monday,WH,3,147,66,0
2/7/2024,Tuesday,AH,1.5,68,72.7,0
2/7/2024,Tuesday,CGH,9.1,430,89.7,0
2/7/2024,Tuesday,KTPH,4.8,280,97.5,0
2/7/2024,Tuesday,NTFGH,12.3,367,91.9,0
2/7/2024,Tuesday,NUH(A),4.1,313,80.6,0
2/7/2024,Tuesday,SGH,2.2,356,86.5,0
2/7/2024,Tuesday,SKH,5.1,421,89.9,0
2/7/2024,Tuesday,TTSH,12.5,389,94.2,0
2/7/2024,Tuesday,WH,3.1,150,71,0
3/7/2024,Wednesday,AH,1.3,65,73.4,0
3/7/2024,Wednesday,CGH,12.1,419,91.1,0
3/7/2024,Wednesday,KTPH,4.4,294,96.2,0
3/7/2024,Wednesday,NTFGH,8.1,356,90.9,0
3/7/2024,Wednesday,NUH(A),6.6,308,80.5,0
3/7/2024,Wednesday,SGH,4.1,325,85.6,0
3/7/2024,Wednesday,SKH,7.6,366,90.8,0
3/7/2024,Wednesday,TTSH,9.9,384,92.1,0
3/7/2024,Wednesday,WH,3.6,138,68.4,0
4/7/2024,Thursday,AH,1.8,65,69.2,0
4/7/2024,Thursday,CGH,16.8,381,90.8,0
4/7/2024,Thursday,KTPH,3.7,260,94.5,0
4/7/2024,Thursday,NTFGH,4,320,90.8,0
4/7/2024,Thursday,NUH(A),3.7,307,81,0
4/7/2024,Thursday,SGH,4.3,303,85.4,0
4/7/2024,Thursday,SKH,9.7,392,89.8,0
4/7/2024,Thursday,TTSH,5.4,409,94.1,0
4/7/2024,Thursday,WH,3.5,150,76.9,0
5/7/2024,Friday,AH,1.8,66,64.7,0
5/7/2024,Friday,CGH,10.6,394,90.9,0
5/7/2024,Friday,KTPH,8.4,254,94.3,0
5/7/2024,Friday,NTFGH,2.6,336,88.6,0
5/7/2024,Friday,NUH(A),3.2,298,76.3,0
5/7/2024,Friday,SGH,2.4,319,82.2,0
5/7/2024,Friday,SKH,7.3,372,88.3,0
5/7/2024,Friday,TTSH,6.1,371,91.4,0
5/7/2024,Friday,WH,3,105,64.2,0
6/7/2024,Saturday,AH,1.1,52,61.9,0
6/7/2024,Saturday,CGH,3.8,405,91,0
6/7/2024,Saturday,KTPH,4.2,208,93.3,0
6/7/2024,Saturday,NTFGH,3.6,294,86.6,0
6/7/2024,Saturday,NUH(A),2.4,274,73,0
6/7/2024,Saturday,SGH,1.6,309,79.6,0
6/7/2024,Saturday,SKH,7.4,318,87.9,0
6/7/2024,Saturday,TTSH,5.5,339,93.5,0
6/7/2024,Saturday,WH,2.6,109,63.1,0
7/7/2024,Sunday,AH,1.1,75,65,0
7/7/2024,Sunday,CGH,13.8,343,90,0
7/7/2024,Sunday,KTPH,2.5,200,94.5,0
7/7/2024,Sunday,NTFGH,2.9,288,89.3,0
7/7/2024,Sunday,NUH(A),2.3,260,73.9,0
7/7/2024,Sunday,SGH,2,308,81,0
7/7/2024,Sunday,SKH,11.3,325,90.3,0
7/7/2024,Sunday,TTSH,5.8,338,95.1,0
7/7/2024,Sunday,WH,2.7,116,67.6,0
8/7/2024,Monday,AH,1.6,86,72,0
8/7/2024,Monday,CGH,23.2,442,91.8,0
8/7/2024,Monday,KTPH,4.4,310,95.1,0
8/7/2024,Monday,NTFGH,5.2,407,89.7,0
8/7/2024,Monday,NUH(A),3.5,383,77.9,0
8/7/2024,Monday,SGH,5,372,84.8,0
8/7/2024,Monday,SKH,5.9,457,90.7,0
8/7/2024,Monday,TTSH,9.4,448,94.8,0
8/7/2024,Monday,WH,3.9,167,72.2,0
9/7/2024,Tuesday,AH,1.9,63,74.1,0
9/7/2024,Tuesday,CGH,18.7,369,91.5,0
9/7/2024,Tuesday,KTPH,2.5,296,96.5,0
9/7/2024,Tuesday,NTFGH,6.5,356,89.4,0
9/7/2024,Tuesday,NUH(A),3.8,312,81.8,0
9/7/2024,Tuesday,SGH,6.3,308,85.6,0
9/7/2024,Tuesday,SKH,15.7,385,90,0
9/7/2024,Tuesday,TTSH,12,349,95.2,0
9/7/2024,Tuesday,WH,3.6,143,71.7,0
10/7/2024,Wednesday,AH,1.7,65,69.9,0
10/7/2024,Wednesday,CGH,8.7,426,88.9,0
10/7/2024,Wednesday,KTPH,4,263,93.4,0
10/7/2024,Wednesday,NTFGH,6.7,350,87.4,0
10/7/2024,Wednesday,NUH(A),3.4,339,80.8,0
10/7/2024,Wednesday,SGH,4.9,334,86.5,0
10/7/2024,Wednesday,SKH,14.4,374,90.5,0
10/7/2024,Wednesday,TTSH,9.4,400,94.3,0
10/7/2024,Wednesday,WH,3,139,69.3,0
11/7/2024,Thursday,AH,1.8,50,67.8,0
11/7/2024,Thursday,CGH,13.2,413,88.5,0
11/7/2024,Thursday,KTPH,4,260,90.1,0
11/7/2024,Thursday,NTFGH,2.6,355,87.8,0
11/7/2024,Thursday,NUH(A),4.1,316,80.4,0
11/7/2024,Thursday,SGH,3.4,327,86.2,0
11/7/2024,Thursday,SKH,7.3,364,88.4,0
11/7/2024,Thursday,TTSH,8.2,342,94.1,0
11/7/2024,Thursday,WH,2.9,140,66.6,0
12/7/2024,Friday,AH,1.5,61,65,0
12/7/2024,Friday,CGH,13.6,386,88.9,0
12/7/2024,Friday,KTPH,2.6,252,88.5,0
12/7/2024,Friday,NTFGH,3,347,85.7,0
12/7/2024,Friday,NUH(A),4.3,323,82.4,0
12/7/2024,Friday,SGH,2.7,313,83.7,0
12/7/2024,Friday,SKH,4,402,88.2,0
12/7/2024,Friday,TTSH,4.7,377,91.9,0
12/7/2024,Friday,WH,2.6,141,64.2,0
13/7/2024,Saturday,AH,1.4,72,62.6,0
13/7/2024,Saturday,CGH,6.4,334,90.4,0
13/7/2024,Saturday,KTPH,2.2,226,89,0
13/7/2024,Saturday,NTFGH,2.9,295,88.5,0
13/7/2024,Saturday,NUH(A),2.3,285,78.7,0
13/7/2024,Saturday,SGH,1.4,271,79.8,0
13/7/2024,Saturday,SKH,2.6,319,87.2,0
13/7/2024,Saturday,TTSH,4.4,353,92.6,0
13/7/2024,Saturday,WH,2.9,121,65.2,0
14/7/2024,Sunday,AH,2.3,68,65.7,0
14/7/2024,Sunday,CGH,3.7,339,91,0
14/7/2024,Sunday,KTPH,2.1,232,91.9,0
14/7/2024,Sunday,NTFGH,3.4,291,89.7,0
14/7/2024,Sunday,NUH(A),2.5,257,81.7,0
14/7/2024,Sunday,SGH,1.1,298,81,0
14/7/2024,Sunday,SKH,2.7,323,90.2,0
14/7/2024,Sunday,TTSH,4.6,328,95.8,0
14/7/2024,Sunday,WH,2.5,133,67.6,0
15/7/2024,Monday,AH,1.2,70,71,0
15/7/2024,Monday,CGH,12.2,422,91.5,0
15/7/2024,Monday,KTPH,4,285,93.2,0
15/7/2024,Monday,NTFGH,6.1,391,91.3,0
15/7/2024,Monday,NUH(A),4.8,386,86.2,0
15/7/2024,Monday,SGH,3.2,377,83.9,0
15/7/2024,Monday,SKH,5.4,425,89.5,0
15/7/2024,Monday,TTSH,7.4,427,94.5,0
15/7/2024,Monday,WH,3.3,157,68.7,0
16/7/2024,Tuesday,AH,2,76,72.7,0
16/7/2024,Tuesday,CGH,12.6,373,91.4,0
16/7/2024,Tuesday,KTPH,5.9,250,90.3,0
16/7/2024,Tuesday,NTFGH,5.8,382,89.5,0
16/7/2024,Tuesday,NUH(A),5.1,297,84.9,0
16/7/2024,Tuesday,SGH,2.5,323,84.3,0
16/7/2024,Tuesday,SKH,8.9,357,90.1,0
16/7/2024,Tuesday,TTSH,9,362,94.5,0
16/7/2024,Tuesday,WH,3.7,139,69.3,0
17/7/2024,Wednesday,AH,1.5,76,72.7,0
17/7/2024,Wednesday,CGH,17.1,369,90.7,0
17/7/2024,Wednesday,KTPH,6.9,263,90,0
17/7/2024,Wednesday,NTFGH,7.1,371,87.6,0
17/7/2024,Wednesday,NUH(A),4.1,337,86,0
17/7/2024,Wednesday,SGH,4.3,328,85.3,0
17/7/2024,Wednesday,SKH,7.7,392,88.4,0
17/7/2024,Wednesday,TTSH,7.3,376,93.9,0
17/7/2024,Wednesday,WH,3,155,74.6,0
18/7/2024,Thursday,AH,1.5,62,71.7,0
18/7/2024,Thursday,CGH,13.3,370,90.7,0
18/7/2024,Thursday,KTPH,3.2,279,88,0
18/7/2024,Thursday,NTFGH,6.9,331,88.6,0
18/7/2024,Thursday,NUH(A),5.2,288,85,0
18/7/2024,Thursday,SGH,4.2,311,86.3,0
18/7/2024,Thursday,SKH,9.1,345,87.4,0
18/7/2024,Thursday,TTSH,6.3,354,94.5,0
18/7/2024,Thursday,WH,3.1,136,73.5,0
19/7/2024,Friday,AH,1.2,57,67.5,0
19/7/2024,Friday,CGH,13.4,386,88.5,0
19/7/2024,Friday,KTPH,3.5,278,86.6,0
19/7/2024,Friday,NTFGH,4.4,331,85.5,0
19/7/2024,Friday,NUH(A),6.3,295,81.8,0
19/7/2024,Friday,SGH,4.1,299,83.9,0
19/7/2024,Friday,SKH,4.1,353,87.3,0
19/7/2024,Friday,TTSH,5.9,370,93.6,0
19/7/2024,Friday,WH,3.1,145,67.4,0
20/7/2024,Saturday,AH,1.5,59,63.6,0
20/7/2024,Saturday,CGH,8.4,320,90.4,0
20/7/2024,Saturday,KTPH,3.6,221,87.3,0
20/7/2024,Saturday,NTFGH,2.2,300,85,0
20/7/2024,Saturday,NUH(A),3,262,78.1,0
20/7/2024,Saturday,SGH,2.9,288,80.6,0
20/7/2024,Saturday,SKH,4.1,333,87.1,0
20/7/2024,Saturday,TTSH,6.6,337,92.8,0
20/7/2024,Saturday,WH,2.7,122,68.4,0
21/7/2024,Sunday,AH,1.5,65,64.7,0
21/7/2024,Sunday,CGH,8.2,366,89.9,0
21/7/2024,Sunday,KTPH,3.9,240,87.5,0
21/7/2024,Sunday,NTFGH,2.4,297,87.4,0
21/7/2024,Sunday,NUH(A),3.8,266,79.9,0
21/7/2024,Sunday,SGH,2.3,279,82.4,0
21/7/2024,Sunday,SKH,15.7,327,88.7,0
21/7/2024,Sunday,TTSH,6,316,95.3,0
21/7/2024,Sunday,WH,2.8,140,75.9,0
22/7/2024,Monday,AH,1.5,72,72,0
22/7/2024,Monday,CGH,21.4,411,90.8,0
22/7/2024,Monday,KTPH,7.1,279,91,0
22/7/2024,Monday,NTFGH,4.7,432,89.4,0
22/7/2024,Monday,NUH(A),4.3,373,87.4,0
22/7/2024,Monday,SGH,5,361,85.5,0
22/7/2024,Monday,SKH,8,409,88.3,0
22/7/2024,Monday,TTSH,10.1,450,95.8,0
22/7/2024,Monday,WH,4,187,82.1,0
23/7/2024,Tuesday,AH,1.6,63,70.3,0
23/7/2024,Tuesday,CGH,21.1,430,90.9,0
23/7/2024,Tuesday,KTPH,5.3,254,90.5,0
23/7/2024,Tuesday,NTFGH,12.4,357,88.1,0
23/7/2024,Tuesday,NUH(A),9.2,325,84.5,0
23/7/2024,Tuesday,SGH,4,339,86.8,0
23/7/2024,Tuesday,SKH,9.5,399,87.9,0
23/7/2024,Tuesday,TTSH,11.1,401,95.2,0
23/7/2024,Tuesday,WH,2.6,159,76.7,0
24/7/2024,Wednesday,AH,1.8,52,70.6,0
24/7/2024,Wednesday,CGH,11.6,405,89.8,0
24/7/2024,Wednesday,KTPH,5,259,90.2,0
24/7/2024,Wednesday,NTFGH,5.2,359,90.4,0
24/7/2024,Wednesday,NUH(A),6.4,340,84.9,0
24/7/2024,Wednesday,SGH,5.9,305,87,0
24/7/2024,Wednesday,SKH,7.5,349,88.3,0
24/7/2024,Wednesday,TTSH,12.4,417,94.8,0
24/7/2024,Wednesday,WH,3.2,145,74.6,0
25/7/2024,Thursday,AH,2.3,71,71.7,0
25/7/2024,Thursday,CGH,12.9,416,89.8,0
25/7/2024,Thursday,KTPH,3.9,235,92.1,0
25/7/2024,Thursday,NTFGH,5.2,336,88.3,0
25/7/2024,Thursday,NUH(A),4.8,296,83.8,0
25/7/2024,Thursday,SGH,5.9,312,86.5,0
25/7/2024,Thursday,SKH,6.1,377,88.3,0
25/7/2024,Thursday,TTSH,10.1,377,93.5,0
25/7/2024,Thursday,WH,2.8,159,76.2,0
26/7/2024,Friday,AH,1.9,62,69.6,0
26/7/2024,Friday,CGH,12.3,351,90.1,0
26/7/2024,Friday,KTPH,2.9,217,83.3,0
26/7/2024,Friday,NTFGH,2.6,308,84.5,0
26/7/2024,Friday,NUH(A),5,303,79.5,0
26/7/2024,Friday,SGH,3.9,342,82.6,0
26/7/2024,Friday,SKH,6.6,359,87,0
26/7/2024,Friday,TTSH,4.9,329,91.1,0
26/7/2024,Friday,WH,3.2,153,69,0
27/7/2024,Saturday,AH,1.6,69,69.9,0
27/7/2024,Saturday,CGH,8.1,324,91.4,0
27/7/2024,Saturday,KTPH,1.6,218,84.4,0
27/7/2024,Saturday,NTFGH,1.7,269,84,0
27/7/2024,Saturday,NUH(A),2.3,262,73.9,0
27/7/2024,Saturday,SGH,2,277,80.7,0
27/7/2024,Saturday,SKH,3.7,290,85.7,0
27/7/2024,Saturday,TTSH,3.9,331,92.1,0
27/7/2024,Saturday,WH,2.5,139,66.7,0
28/7/2024,Sunday,AH,1.7,65,71,0
28/7/2024,Sunday,CGH,4.6,331,90.9,0
28/7/2024,Sunday,KTPH,1.4,210,87.8,0
28/7/2024,Sunday,NTFGH,1.6,309,85.2,0
28/7/2024,Sunday,NUH(A),1.8,238,73.4,0
28/7/2024,Sunday,SGH,1.3,284,82.1,0
28/7/2024,Sunday,SKH,3,332,87.9,0
28/7/2024,Sunday,TTSH,4.6,336,95.2,0
28/7/2024,Sunday,WH,2.9,127,70.6,0
29/7/2024,Monday,AH,1.6,85,72,0
29/7/2024,Monday,CGH,18.4,452,89.7,0
29/7/2024,Monday,KTPH,2.5,310,88.5,0
29/7/2024,Monday,NTFGH,3,398,86.9,0
29/7/2024,Monday,NUH(A),2.8,353,81.2,0
29/7/2024,Monday,SGH,4.5,373,85,0
29/7/2024,Monday,SKH,7.7,382,89.3,0
29/7/2024,Monday,TTSH,6.7,416,96.7,0
29/7/2024,Monday,WH,3.1,193,74.3,0
30/7/2024,Tuesday,AH,1.5,60,72,0
30/7/2024,Tuesday,CGH,18.3,395,91.8,0
30/7/2024,Tuesday,KTPH,4,287,90.8,0
30/7/2024,Tuesday,NTFGH,4.5,349,87.8,0
30/7/2024,Tuesday,NUH(A),3.3,314,82.4,0
30/7/2024,Tuesday,SGH,3.5,335,87.2,0
30/7/2024,Tuesday,SKH,13,376,88.1,0
30/7/2024,Tuesday,TTSH,9.1,398,93.4,0
30/7/2024,Tuesday,WH,3,155,74.1,0
31/7/2024,Wednesday,AH,1.5,50,72.7,0
31/7/2024,Wednesday,CGH,8.6,399,91.1,0
31/7/2024,Wednesday,KTPH,6,237,90.1,0
31/7/2024,Wednesday,NTFGH,5.5,326,86.5,0
31/7/2024,Wednesday,NUH(A),3,293,81.4,0
31/7/2024,Wednesday,SGH,4.3,315,86.7,0
31/7/2024,Wednesday,SKH,16.5,351,79.2,0
31/7/2024,Wednesday,TTSH,8.2,360,95,0
31/7/2024,Wednesday,WH,2.9,183,70.4,0
1/8/2024,Thursday,AH,2.4,60,72,0
1/8/2024,Thursday,CGH,17.5,381,90.2,0
1/8/2024,Thursday,KTPH,7,267,90.4,0
1/8/2024,Thursday,NTFGH,2.9,328,81.2,0
1/8/2024,Thursday,NUH(A),3.1,321,83.6,0
1/8/2024,Thursday,SGH,15.1,316,86.1,0
1/8/2024,Thursday,SKH,17.4,354,80.5,0
1/8/2024,Thursday,TTSH,4.9,327,92.5,0
1/8/2024,Thursday,WH,3,154,72.2,0
2/8/2024,Friday,AH,1.5,66,66.4,0
2/8/2024,Friday,CGH,6.9,383,88.7,0
2/8/2024,Friday,KTPH,4,225,86.1,0
2/8/2024,Friday,NTFGH,2.1,329,79.8,0
2/8/2024,Friday,NUH(A),4.6,282,81.4,0
2/8/2024,Friday,SGH,2.8,317,83.6,0
2/8/2024,Friday,SKH,15,331,79.3,0
2/8/2024,Friday,TTSH,3.8,369,88.7,0
2/8/2024,Friday,WH,2.9,164,70.9,0
3/8/2024,Saturday,AH,1.2,61,62.6,0
3/8/2024,Saturday,CGH,3.4,333,89.2,0
3/8/2024,Saturday,KTPH,1.8,181,84,0
3/8/2024,Saturday,NTFGH,1.7,281,78.8,0
3/8/2024,Saturday,NUH(A),3.5,287,78.2,0
3/8/2024,Saturday,SGH,1.7,302,81.4,0
3/8/2024,Saturday,SKH,7.1,292,77.6,0
3/8/2024,Saturday,TTSH,3.4,315,90.4,0
3/8/2024,Saturday,WH,2.7,143,73.3,0
4/8/2024,Sunday,AH,1.2,69,64.7,0
4/8/2024,Sunday,CGH,6.2,322,90.2,0
4/8/2024,Sunday,KTPH,1.9,208,86.9,0
4/8/2024,Sunday,NTFGH,1.9,281,83.2,0
4/8/2024,Sunday,NUH(A),2.4,241,80.3,0
4/8/2024,Sunday,SGH,1.7,245,82.3,0
4/8/2024,Sunday,SKH,9.3,311,86.2,0
4/8/2024,Sunday,TTSH,3.5,270,92.6,0
4/8/2024,Sunday,WH,2.7,126,77.5,0
5/8/2024,Monday,AH,1.9,75,66.1,0
5/8/2024,Monday,CGH,12.8,432,91.2,0
5/8/2024,Monday,KTPH,4.5,260,89.1,0
5/8/2024,Monday,NTFGH,2,350,84.2,0
5/8/2024,Monday,NUH(A),3.7,336,85,0
5/8/2024,Monday,SGH,4.1,361,84.6,0
5/8/2024,Monday,SKH,4.2,370,87.2,0
5/8/2024,Monday,TTSH,4.5,420,92.4,0
5/8/2024,Monday,WH,4,192,78.8,0
6/8/2024,Tuesday,AH,1.9,56,62.4,0
6/8/2024,Tuesday,CGH,14.7,358,90.8,0
6/8/2024,Tuesday,KTPH,3.4,261,88,0
6/8/2024,Tuesday,NTFGH,2.6,296,82.3,0
6/8/2024,Tuesday,NUH(A),5.9,301,85.5,0
6/8/2024,Tuesday,SGH,2.6,324,84,0
6/8/2024,Tuesday,SKH,4.8,359,87.2,0
6/8/2024,Tuesday,TTSH,5.4,388,90.4,0
6/8/2024,Tuesday,WH,3.6,147,77.8,0
7/8/2024,Wednesday,AH,1.3,67,63.4,0
7/8/2024,Wednesday,CGH,8.3,383,88.9,0
7/8/2024,Wednesday,KTPH,2.3,218,84.7,0
7/8/2024,Wednesday,NTFGH,1.6,352,78.9,0
7/8/2024,Wednesday,NUH(A),5.4,293,81.4,0
7/8/2024,Wednesday,SGH,3.1,286,83.2,0
7/8/2024,Wednesday,SKH,3,330,86.3,0
7/8/2024,Wednesday,TTSH,3.7,344,87.8,0
7/8/2024,Wednesday,WH,2.8,171,71.2,0
8/8/2024,Thursday,AH,1.8,61,62.4,0
8/8/2024,Thursday,CGH,1.9,347,84.6,0
8/8/2024,Thursday,KTPH,1.8,224,74.2,0
8/8/2024,Thursday,NTFGH,1.8,329,75.1,0
8/8/2024,Thursday,NUH(A),2.9,290,78.4,0
8/8/2024,Thursday,SGH,2.2,327,81,0
8/8/2024,Thursday,SKH,2.3,325,82.2,0
8/8/2024,Thursday,TTSH,3.6,367,79.6,0
8/8/2024,Thursday,WH,3,132,70.6,0
9/8/2024,Friday,AH,1.2,51,61.7,1
9/8/2024,Friday,CGH,0.6,273,84.2,1
9/8/2024,Friday,KTPH,1.7,156,72.2,1
9/8/2024,Friday,NTFGH,1.8,254,74.9,1
9/8/2024,Friday,NUH(A),2.1,216,74.8,1
9/8/2024,Friday,SGH,0.9,262,78.1,1
9/8/2024,Friday,SKH,1.6,244,80.4,1
9/8/2024,Friday,TTSH,3.3,252,82.3,1
9/8/2024,Friday,WH,2.6,116,73,1
10/8/2024,Saturday,AH,1.6,73,57.7,0
10/8/2024,Saturday,CGH,0.9,336,86.4,0
10/8/2024,Saturday,KTPH,1.7,202,75.1,0
10/8/2024,Saturday,NTFGH,1.7,286,79.9,0
10/8/2024,Saturday,NUH(A),2.2,305,74.4,0
10/8/2024,Saturday,SGH,1.1,284,78.6,0
10/8/2024,Saturday,SKH,1.8,337,81.4,0
10/8/2024,Saturday,TTSH,3,330,84.7,0
10/8/2024,Saturday,WH,2.9,122,72.2,0
11/8/2024,Sunday,AH,0.9,73,59.7,0
11/8/2024,Sunday,CGH,1.8,353,87.4,0
11/8/2024,Sunday,KTPH,1.6,203,79.2,0
11/8/2024,Sunday,NTFGH,2.6,276,85.1,0
11/8/2024,Sunday,NUH(A),2.3,256,79.3,0
11/8/2024,Sunday,SGH,1.2,286,80.5,0
11/8/2024,Sunday,SKH,3.4,332,85.1,0
11/8/2024,Sunday,TTSH,3.5,300,89.7,0
11/8/2024,Sunday,WH,2.8,153,78.6,0
12/8/2024,Monday,AH,1.2,75,64.8,0
12/8/2024,Monday,CGH,7.1,436,89.1,0
12/8/2024,Monday,KTPH,2.3,308,81.5,0
12/8/2024,Monday,NTFGH,5.7,369,86.6,0
12/8/2024,Monday,NUH(A),3.7,360,85.4,0
12/8/2024,Monday,SGH,5,371,84,0
12/8/2024,Monday,SKH,5.5,396,84.8,0
12/8/2024,Monday,TTSH,4.3,388,90.5,0
12/8/2024,Monday,WH,2.9,195,77.3,0
13/8/2024,Tuesday,AH,1.5,64,64.8,0
13/8/2024,Tuesday,CGH,6,396,89.7,0
13/8/2024,Tuesday,KTPH,2.4,250,84.1,0
13/8/2024,Tuesday,NTFGH,4.5,365,88.6,0
13/8/2024,Tuesday,NUH(A),4.9,324,84.3,0
13/8/2024,Tuesday,SGH,5.5,328,83.1,0
13/8/2024,Tuesday,SKH,7.5,360,85.3,0
13/8/2024,Tuesday,TTSH,4.4,367,92,0
13/8/2024,Tuesday,WH,3.4,149,81,0
14/8/2024,Wednesday,AH,1.2,68,62.1,0
14/8/2024,Wednesday,CGH,5.3,395,88.5,0
14/8/2024,Wednesday,KTPH,2,247,82.2,0
14/8/2024,Wednesday,NTFGH,4.6,359,87.3,0
14/8/2024,Wednesday,NUH(A),6.5,316,82.5,0
14/8/2024,Wednesday,SGH,4,275,86.1,0
14/8/2024,Wednesday,SKH,5.1,391,84.4,0
14/8/2024,Wednesday,TTSH,5,385,91,0
14/8/2024,Wednesday,WH,3.9,130,73,0
15/8/2024,Thursday,AH,1.5,71,65.4,0
15/8/2024,Thursday,CGH,13.2,359,88.9,0
15/8/2024,Thursday,KTPH,2.8,243,79.4,0
15/8/2024,Thursday,NTFGH,7.7,334,86.5,0
15/8/2024,Thursday,NUH(A),6.1,287,82.4,0
15/8/2024,Thursday,SGH,4.7,279,85.1,0
15/8/2024,Thursday,SKH,5.6,350,84.8,0
15/8/2024,Thursday,TTSH,5.1,347,90.8,0
15/8/2024,Thursday,WH,3,148,64.2,0
16/8/2024,Friday,AH,1.5,68,59.7,0
16/8/2024,Friday,CGH,11.8,364,87.2,0
16/8/2024,Friday,KTPH,2.2,239,74.8,0
16/8/2024,Friday,NTFGH,2.8,288,83.1,0
16/8/2024,Friday,NUH(A),2.7,264,79.6,0
16/8/2024,Friday,SGH,2.3,332,81.9,0
16/8/2024,Friday,SKH,3.6,352,83.4,0
16/8/2024,Friday,TTSH,5.4,343,86.2,0
16/8/2024,Friday,WH,2.8,139,61.7,0
17/8/2024,Saturday,AH,1.1,52,60.4,0
17/8/2024,Saturday,CGH,6.4,332,88.1,0
17/8/2024,Saturday,KTPH,1.7,202,70.4,0
17/8/2024,Saturday,NTFGH,1.6,224,83,0
17/8/2024,Saturday,NUH(A),3.2,245,76.6,0
17/8/2024,Saturday,SGH,1.2,260,77.4,0
17/8/2024,Saturday,SKH,1.9,322,80.5,0
17/8/2024,Saturday,TTSH,4.1,336,86.2,0
17/8/2024,Saturday,WH,2.7,122,60.7,0
18/8/2024,Sunday,AH,1.2,63,62.1,0
18/8/2024,Sunday,CGH,4,319,89.6,0
18/8/2024,Sunday,KTPH,1.4,200,75.1,0
18/8/2024,Sunday,NTFGH,1.8,288,83.1,0
18/8/2024,Sunday,NUH(A),1.8,289,78.4,0
18/8/2024,Sunday,SGH,1,284,79,0
18/8/2024,Sunday,SKH,2,341,85.1,0
18/8/2024,Sunday,TTSH,3.7,302,91.4,0
18/8/2024,Sunday,WH,2.1,124,63.4,0
19/8/2024,Monday,AH,1.9,84,68.5,0
19/8/2024,Monday,CGH,9.4,460,89.1,0
19/8/2024,Monday,KTPH,2.1,291,80.1,0
19/8/2024,Monday,NTFGH,2.4,391,86.7,0
19/8/2024,Monday,NUH(A),4,337,84.4,0
19/8/2024,Monday,SGH,1.6,358,85.1,0
19/8/2024,Monday,SKH,4.6,433,85.9,0
19/8/2024,Monday,TTSH,5.5,418,92,0
19/8/2024,Monday,WH,3,191,67.7,0
20/8/2024,Tuesday,AH,1,62,63.4,0
20/8/2024,Tuesday,CGH,12.3,389,91.6,0
20/8/2024,Tuesday,KTPH,2.7,246,81.7,0
20/8/2024,Tuesday,NTFGH,3.5,313,87,0
20/8/2024,Tuesday,NUH(A),6,294,84.2,0
20/8/2024,Tuesday,SGH,2.1,327,86.4,0
20/8/2024,Tuesday,SKH,6,332,86,0
20/8/2024,Tuesday,TTSH,6.1,375,92.2,0
20/8/2024,Tuesday,WH,3,132,65.7,0
21/8/2024,Wednesday,AH,1.7,67,62.1,0
21/8/2024,Wednesday,CGH,5.5,381,88.4,0
21/8/2024,Wednesday,KTPH,1.6,254,80.8,0
21/8/2024,Wednesday,NTFGH,2.5,341,81.7,0
21/8/2024,Wednesday,NUH(A),5.3,310,83,0
21/8/2024,Wednesday,SGH,2.3,335,84.4,0
21/8/2024,Wednesday,SKH,6.2,396,83.9,0
21/8/2024,Wednesday,TTSH,5.3,331,91.8,0
21/8/2024,Wednesday,WH,2.5,163,66.7,0
22/8/2024,Thursday,AH,1.2,50,62.8,0
22/8/2024,Thursday,CGH,5.3,390,88.6,0
22/8/2024,Thursday,KTPH,1.8,220,74.8,0
22/8/2024,Thursday,NTFGH,1.8,292,78.2,0
22/8/2024,Thursday,NUH(A),5.9,314,83.6,0
22/8/2024,Thursday,SGH,2.3,307,84.4,0
22/8/2024,Thursday,SKH,8,344,84.8,0
22/8/2024,Thursday,TTSH,3.7,336,90.4,0
22/8/2024,Thursday,WH,2.9,168,68.7,0
23/8/2024,Friday,AH,1.3,58,59.7,0
23/8/2024,Friday,CGH,3.3,362,88.6,0
23/8/2024,Friday,KTPH,2,213,72.2,0
23/8/2024,Friday,NTFGH,1.7,307,76.3,0
23/8/2024,Friday,NUH(A),5.7,317,85.6,0
23/8/2024,Friday,SGH,2.1,267,82.2,0
23/8/2024,Friday,SKH,5.2,348,85.3,0
23/8/2024,Friday,TTSH,3.7,372,85.5,0
23/8/2024,Friday,WH,2.2,167,62.2,0
24/8/2024,Saturday,AH,1.1,52,59.7,0
24/8/2024,Saturday,CGH,2.6,309,86.9,0
24/8/2024,Saturday,KTPH,1.5,195,72,0
24/8/2024,Saturday,NTFGH,1.7,247,72.9,0
24/8/2024,Saturday,NUH(A),3.7,255,82,0
24/8/2024,Saturday,SGH,1,281,76.9,0
24/8/2024,Saturday,SKH,7.4,284,82.8,0
24/8/2024,Saturday,TTSH,3.5,292,85.4,0
24/8/2024,Saturday,WH,2.6,115,62.4,0
25/8/2024,Sunday,AH,1.2,75,61.4,0
25/8/2024,Sunday,CGH,3.9,350,88.3,0
25/8/2024,Sunday,KTPH,1.6,201,77.2,0
25/8/2024,Sunday,NTFGH,1.4,311,77.3,0
25/8/2024,Sunday,NUH(A),3.3,263,83.2,0
25/8/2024,Sunday,SGH,0.8,258,76.1,0
25/8/2024,Sunday,SKH,3.6,335,85.7,0
25/8/2024,Sunday,TTSH,3.6,309,90.7,0
25/8/2024,Sunday,WH,2.4,144,64.4,0
26/8/2024,Monday,AH,2,93,71.8,0
26/8/2024,Monday,CGH,8.8,445,89.7,0
26/8/2024,Monday,KTPH,1.9,280,80.1,0
26/8/2024,Monday,NTFGH,2.1,378,80.3,0
26/8/2024,Monday,NUH(A),6.3,374,84.9,0
26/8/2024,Monday,SGH,1.3,341,80.4,0
26/8/2024,Monday,SKH,6.6,423,87.1,0
26/8/2024,Monday,TTSH,3.8,435,92.3,0
26/8/2024,Monday,WH,2.6,178,69.2,0
27/8/2024,Tuesday,AH,1.2,71,66.8,0
27/8/2024,Tuesday,CGH,15.6,391,89.1,0
27/8/2024,Tuesday,KTPH,2.2,238,79.9,0
27/8/2024,Tuesday,NTFGH,2.1,337,82.5,0
27/8/2024,Tuesday,NUH(A),5.5,288,84.2,0
27/8/2024,Tuesday,SGH,1.4,314,80.6,0
27/8/2024,Tuesday,SKH,8.3,323,84.5,0
27/8/2024,Tuesday,TTSH,7,356,92.1,0
27/8/2024,Tuesday,WH,2.9,139,66.2,0
28/8/2024,Wednesday,AH,2,60,61.1,0
28/8/2024,Wednesday,CGH,10.9,383,87.7,0
28/8/2024,Wednesday,KTPH,1.6,222,77.8,0
28/8/2024,Wednesday,NTFGH,2.3,312,79.8,0
28/8/2024,Wednesday,NUH(A),3.5,291,84,0
28/8/2024,Wednesday,SGH,2.4,289,80.9,0
28/8/2024,Wednesday,SKH,3.1,292,84.9,0
28/8/2024,Wednesday,TTSH,4.3,369,92.4,0
28/8/2024,Wednesday,WH,2.3,141,63.3,0
29/8/2024,Thursday,AH,1.5,73,56.4,0
29/8/2024,Thursday,CGH,8,371,88.2,0
29/8/2024,Thursday,KTPH,2,221,75.6,0
29/8/2024,Thursday,NTFGH,1.9,305,81.4,0
29/8/2024,Thursday,NUH(A),3.8,296,80.3,0
29/8/2024,Thursday,SGH,2.2,344,81.1,0
29/8/2024,Thursday,SKH,1.8,337,82.5,0
29/8/2024,Thursday,TTSH,4.4,374,93,0
29/8/2024,Thursday,WH,2.4,147,63.7,0
30/8/2024,Friday,AH,0.9,57,56.4,0
30/8/2024,Friday,CGH,5.3,369,85.9,0
30/8/2024,Friday,KTPH,1.9,241,75.9,0
30/8/2024,Friday,NTFGH,1.9,296,75.6,0
30/8/2024,Friday,NUH(A),3.3,312,77,0
30/8/2024,Friday,SGH,1.4,294,79,0
30/8/2024,Friday,SKH,1.7,325,77.4,0
30/8/2024,Friday,TTSH,3.5,340,87.5,0
30/8/2024,Friday,WH,2.4,129,58.2,0
31/8/2024,Saturday,AH,1.2,61,52.3,0
31/8/2024,Saturday,CGH,4.3,336,87.9,0
31/8/2024,Saturday,KTPH,1.9,214,78.2,0
31/8/2024,Saturday,NTFGH,1.8,295,79.3,0
31/8/2024,Saturday,NUH(A),2.8,270,75.7,0
31/8/2024,Saturday,SGH,1,283,77,0
31/8/2024,Saturday,SKH,1.5,279,75.8,0
31/8/2024,Saturday,TTSH,3.4,310,86.6,0
31/8/2024,Saturday,WH,2.4,129,57.2,0
1/9/2024,Sunday,AH,1.1,55,54,0
1/9/2024,Sunday,CGH,5.1,306,87.3,0
1/9/2024,Sunday,KTPH,1.6,205,80.6,0
1/9/2024,Sunday,NTFGH,1.9,271,83.7,0
1/9/2024,Sunday,NUH(A),2,238,77.9,0
1/9/2024,Sunday,SGH,1,263,78.7,0
1/9/2024,Sunday,SKH,1.3,327,77.9,0
1/9/2024,Sunday,TTSH,3.8,325,91.6,0
1/9/2024,Sunday,WH,2.6,122,62.2,0
2/9/2024,Monday,AH,1.4,75,59.1,0
2/9/2024,Monday,CGH,8.7,437,87.2,0
2/9/2024,Monday,KTPH,2,282,83.7,0
2/9/2024,Monday,NTFGH,2.6,386,88.4,0
2/9/2024,Monday,NUH(A),3.4,352,83.2,0
2/9/2024,Monday,SGH,3.6,362,83.9,0
2/9/2024,Monday,SKH,2.8,383,80.4,0
2/9/2024,Monday,TTSH,5.4,429,94.5,0
2/9/2024,Monday,WH,2.2,168,66.4,0
3/9/2024,Tuesday,AH,1.8,52,62.1,0
3/9/2024,Tuesday,CGH,15,377,88.2,0
3/9/2024,Tuesday,KTPH,2.8,228,83.9,0
3/9/2024,Tuesday,NTFGH,4.2,336,89.5,0
3/9/2024,Tuesday,NUH(A),5.2,301,84,0
3/9/2024,Tuesday,SGH,4.1,334,84.2,0
3/9/2024,Tuesday,SKH,2.4,343,80.3,0
3/9/2024,Tuesday,TTSH,6.2,396,95,0
3/9/2024,Tuesday,WH,2.7,156,67.2,0
4/9/2024,Wednesday,AH,1.1,53,61.4,0
4/9/2024,Wednesday,CGH,11,368,89.1,0
4/9/2024,Wednesday,KTPH,2.1,230,82,0
4/9/2024,Wednesday,NTFGH,2.6,312,84.5,0
4/9/2024,Wednesday,NUH(A),4.4,319,81.1,0
4/9/2024,Wednesday,SGH,4.2,307,83.9,0
4/9/2024,Wednesday,SKH,2.4,324,81.6,0
4/9/2024,Wednesday,TTSH,7.9,365,92.8,0
4/9/2024,Wednesday,WH,2.3,161,66.7,0
5/9/2024,Thursday,AH,2,77,56,0
5/9/2024,Thursday,CGH,12.7,372,87.6,0
5/9/2024,Thursday,KTPH,1.8,244,81.6,0
5/9/2024,Thursday,NTFGH,2.1,350,86.1,0
5/9/2024,Thursday,NUH(A),3.4,313,81.8,0
5/9/2024,Thursday,SGH,2.6,292,84.1,0
5/9/2024,Thursday,SKH,2,340,77.5,0
5/9/2024,Thursday,TTSH,5.6,313,90.7,0
5/9/2024,Thursday,WH,2.9,127,65.9,0
6/9/2024,Friday,AH,1.6,51,50.7,0
6/9/2024,Friday,CGH,6.4,376,87.3,0
6/9/2024,Friday,KTPH,1.8,208,77.2,0
6/9/2024,Friday,NTFGH,2.1,316,86.7,0
6/9/2024,Friday,NUH(A),3.6,291,79.6,0
6/9/2024,Friday,SGH,2.7,294,82.7,0
6/9/2024,Friday,SKH,2.4,344,77.6,0
6/9/2024,Friday,TTSH,3.9,360,85.7,0
6/9/2024,Friday,WH,2.8,124,58.2,0
7/9/2024,Saturday,AH,1.7,48,51,0
7/9/2024,Saturday,CGH,4.7,294,87.1,0
7/9/2024,Saturday,KTPH,1.9,212,75.1,0
7/9/2024,Saturday,NTFGH,2,251,85.7,0
7/9/2024,Saturday,NUH(A),2.3,251,74.7,0
7/9/2024,Saturday,SGH,1,269,80,0
7/9/2024,Saturday,SKH,1.7,302,78.8,0
7/9/2024,Saturday,TTSH,3.6,299,90.9,0
7/9/2024,Saturday,WH,3,129,59,0
8/9/2024,Sunday,AH,1.2,50,55,0
8/9/2024,Sunday,CGH,6.4,316,87.7,0
8/9/2024,Sunday,KTPH,1.6,228,79.5,0
8/9/2024,Sunday,NTFGH,2.4,287,87.5,0
8/9/2024,Sunday,NUH(A),2.1,254,76.9,0
8/9/2024,Sunday,SGH,1,253,81.4,0
8/9/2024,Sunday,SKH,2.3,320,83.2,0
8/9/2024,Sunday,TTSH,3.9,303,90.9,0
8/9/2024,Sunday,WH,3.1,129,64.7,0
9/9/2024,Monday,AH,1.2,69,61.7,0
9/9/2024,Monday,CGH,12.8,433,88.4,0
9/9/2024,Monday,KTPH,1.7,288,82.6,0
9/9/2024,Monday,NTFGH,2.8,381,88.8,0
9/9/2024,Monday,NUH(A),3,323,80.4,0
9/9/2024,Monday,SGH,2.8,370,84.9,0
9/9/2024,Monday,SKH,3.2,406,86.4,0
9/9/2024,Monday,TTSH,3.8,434,90.1,0
9/9/2024,Monday,WH,2.6,179,69.9,0
10/9/2024,Tuesday,AH,1.7,64,62.8,0
10/9/2024,Tuesday,CGH,14.7,378,87.3,0
10/9/2024,Tuesday,KTPH,2.6,229,83.1,0
10/9/2024,Tuesday,NTFGH,6.4,364,86.6,0
10/9/2024,Tuesday,NUH(A),3.1,309,80.8,0
10/9/2024,Tuesday,SGH,1.9,338,85.9,0
10/9/2024,Tuesday,SKH,4.4,322,87,0
10/9/2024,Tuesday,TTSH,4.2,379,91.3,0
10/9/2024,Tuesday,WH,3.2,178,71.1,0
11/9/2024,Wednesday,AH,1.3,52,60.4,0
11/9/2024,Wednesday,CGH,14.6,393,86.3,0
11/9/2024,Wednesday,KTPH,2,225,81.1,0
11/9/2024,Wednesday,NTFGH,4,326,86.6,0
11/9/2024,Wednesday,NUH(A),3.6,280,81.4,0
11/9/2024,Wednesday,SGH,4.1,330,87.2,0
11/9/2024,Wednesday,SKH,3.8,374,84.8,0
11/9/2024,Wednesday,TTSH,5,368,92,0
11/9/2024,Wednesday,WH,2.9,173,71.9,0
12/9/2024,Thursday,AH,1.9,57,59.4,0
12/9/2024,Thursday,CGH,11.3,393,87.3,0
12/9/2024,Thursday,KTPH,2.5,231,77.3,0
12/9/2024,Thursday,NTFGH,3.7,320,86.7,0
12/9/2024,Thursday,NUH(A),2.2,292,81.7,0
12/9/2024,Thursday,SGH,3.5,297,86.1,0
12/9/2024,Thursday,SKH,2.9,338,83.4,0
12/9/2024,Thursday,TTSH,4.1,338,89.9,0
12/9/2024,Thursday,WH,2.7,182,72.9,0
13/9/2024,Friday,AH,1.7,71,55.4,0
13/9/2024,Friday,CGH,9.8,371,86.9,0
13/9/2024,Friday,KTPH,2,222,73.8,0
13/9/2024,Friday,NTFGH,2.5,305,83.7,0
13/9/2024,Friday,NUH(A),2.8,266,79.8,0
13/9/2024,Friday,SGH,2.2,295,83.7,0
13/9/2024,Friday,SKH,2.7,364,78.6,0
13/9/2024,Friday,TTSH,3.5,344,85.7,0
13/9/2024,Friday,WH,2.8,126,65.7,0
14/9/2024,Saturday,AH,0.7,49,54.7,0
14/9/2024,Saturday,CGH,22.8,300,86.9,0
14/9/2024,Saturday,KTPH,1.5,190,71.7,0
14/9/2024,Saturday,NTFGH,1.7,274,83.3,0
14/9/2024,Saturday,NUH(A),2.2,243,74.4,0
14/9/2024,Saturday,SGH,1.4,280,78.6,0
14/9/2024,Saturday,SKH,2.2,293,76.5,0
14/9/2024,Saturday,TTSH,3.1,323,85,0
14/9/2024,Saturday,WH,2.6,124,65.7,0
15/9/2024,Sunday,AH,1.1,61,58.1,0
15/9/2024,Sunday,CGH,5.4,327,87.2,0
15/9/2024,Sunday,KTPH,1.7,209,72.4,0
15/9/2024,Sunday,NTFGH,2.2,279,88.8,0
15/9/2024,Sunday,NUH(A),1.9,262,74.1,0
15/9/2024,Sunday,SGH,1,252,81.5,0
15/9/2024,Sunday,SKH,1.7,314,80.2,0
15/9/2024,Sunday,TTSH,3.5,297,88.4,0
15/9/2024,Sunday,WH,2.6,105,65.7,0
16/9/2024,Monday,AH,1.6,80,62.8,0
16/9/2024,Monday,CGH,2.8,449,88.3,0
16/9/2024,Monday,KTPH,1.9,304,77.8,0
16/9/2024,Monday,NTFGH,3.3,379,91.3,0
16/9/2024,Monday,NUH(A),3,327,78.8,0
16/9/2024,Monday,SGH,3,379,85.7,0
16/9/2024,Monday,SKH,2.7,398,83.6,0
16/9/2024,Monday,TTSH,3.6,404,88,0
16/9/2024,Monday,WH,2.9,192,72.9,0
17/9/2024,Tuesday,AH,1.6,56,62.1,0
17/9/2024,Tuesday,CGH,14,436,88.2,0
17/9/2024,Tuesday,KTPH,2.9,228,79.4,0
17/9/2024,Tuesday,NTFGH,5.6,340,87.9,0
17/9/2024,Tuesday,NUH(A),3.7,306,77.3,0
17/9/2024,Tuesday,SGH,3.3,335,84.8,0
17/9/2024,Tuesday,SKH,3.5,362,84.8,0
17/9/2024,Tuesday,TTSH,3.9,374,87.5,0
17/9/2024,Tuesday,WH,2.7,163,70.9,0
18/9/2024,Wednesday,AH,1.2,51,62.4,0
18/9/2024,Wednesday,CGH,15.4,403,89.4,0
18/9/2024,Wednesday,KTPH,2,239,76.9,0
18/9/2024,Wednesday,NTFGH,4.7,332,86.5,0
18/9/2024,Wednesday,NUH(A),3.4,293,79,0
18/9/2024,Wednesday,SGH,4,322,85.3,0
18/9/2024,Wednesday,SKH,3.8,354,85.2,0
18/9/2024,Wednesday,TTSH,3.5,379,86.5,0
18/9/2024,Wednesday,WH,2.7,153,70.6,0
19/9/2024,Thursday,AH,1.2,64,58.4,0
19/9/2024,Thursday,CGH,11,379,89.2,0
19/9/2024,Thursday,KTPH,2.5,225,75.7,0
19/9/2024,Thursday,NTFGH,3.5,355,88,0
19/9/2024,Thursday,NUH(A),3.2,290,76,0
19/9/2024,Thursday,SGH,2.7,327,83.9,0
19/9/2024,Thursday,SKH,2.7,345,82.9,0
19/9/2024,Thursday,TTSH,3.6,386,84.7,0
19/9/2024,Thursday,WH,2.8,169,70.6,0
20/9/2024,Friday,AH,1.6,55,56.4,0
20/9/2024,Friday,CGH,5.2,398,87.3,0
20/9/2024,Friday,KTPH,2.4,233,78,0
20/9/2024,Friday,NTFGH,3.2,305,85,0
20/9/2024,Friday,NUH(A),2.3,270,77.4,0
20/9/2024,Friday,SGH,1.6,300,81.6,0
20/9/2024,Friday,SKH,1.8,348,79.2,0
20/9/2024,Friday,TTSH,3.5,373,81.3,0
20/9/2024,Friday,WH,2.7,168,68.9,0
21/9/2024,Saturday,AH,1.5,59,54,0
21/9/2024,Saturday,CGH,4.5,305,86.6,0
21/9/2024,Saturday,KTPH,1.6,196,75.5,0
21/9/2024,Saturday,NTFGH,1.7,300,86,0
21/9/2024,Saturday,NUH(A),2.2,276,70.8,0
21/9/2024,Saturday,SGH,1.2,302,77.1,0
21/9/2024,Saturday,SKH,1.8,324,79.9,0
21/9/2024,Saturday,TTSH,3.3,276,82.5,0
21/9/2024,Saturday,WH,2.4,135,66.4,0
22/9/2024,Sunday,AH,1.1,65,55.7,0
22/9/2024,Sunday,CGH,13.6,353,87.2,0
22/9/2024,Sunday,KTPH,1.4,203,77.7,0
22/9/2024,Sunday,NTFGH,2.1,299,88.5,0
22/9/2024,Sunday,NUH(A),1.8,255,71.8,0
22/9/2024,Sunday,SGH,1.5,275,80,0
22/9/2024,Sunday,SKH,1.9,319,84.3,0
22/9/2024,Sunday,TTSH,3.3,336,86.8,0
22/9/2024,Sunday,WH,2.9,159,72.9,0
23/9/2024,Monday,AH,1.7,72,60.7,0
23/9/2024,Monday,CGH,4.3,470,88.7,0
23/9/2024,Monday,KTPH,2.5,308,80.9,0
23/9/2024,Monday,NTFGH,4.9,368,89.4,0
23/9/2024,Monday,NUH(A),2.6,350,77.4,0
23/9/2024,Monday,SGH,2.5,349,83.4,0
23/9/2024,Monday,SKH,3,435,88,0
23/9/2024,Monday,TTSH,4.4,426,90.5,0
23/9/2024,Monday,WH,3.1,201,75.4,0
24/9/2024,Tuesday,AH,1.5,82,64.8,0
24/9/2024,Tuesday,CGH,9.3,420,88,0
24/9/2024,Tuesday,KTPH,2.9,238,83.2,0
24/9/2024,Tuesday,NTFGH,4.6,368,88.3,0
24/9/2024,Tuesday,NUH(A),5.4,323,79.9,0
24/9/2024,Tuesday,SGH,2.9,315,84.3,0
24/9/2024,Tuesday,SKH,4.1,331,88.1,0
24/9/2024,Tuesday,TTSH,4.3,370,89.7,0
24/9/2024,Tuesday,WH,2.9,149,72.6,0
25/9/2024,Wednesday,AH,1.2,51,59.4,0
25/9/2024,Wednesday,CGH,11.5,350,86.9,0
25/9/2024,Wednesday,KTPH,3,232,81.5,0
25/9/2024,Wednesday,NTFGH,5.7,314,87.3,0
25/9/2024,Wednesday,NUH(A),5.3,288,80.6,0
25/9/2024,Wednesday,SGH,3.1,293,83.5,0
25/9/2024,Wednesday,SKH,3.9,357,88,0
25/9/2024,Wednesday,TTSH,4,347,87.8,0
25/9/2024,Wednesday,WH,2.7,160,74.1,0
26/9/2024,Thursday,AH,1.5,65,57,0
26/9/2024,Thursday,CGH,9.4,359,87.6,0
26/9/2024,Thursday,KTPH,2.1,233,78.7,0
26/9/2024,Thursday,NTFGH,2.7,310,87.1,0
26/9/2024,Thursday,NUH(A),4.2,266,80,0
26/9/2024,Thursday,SGH,3.2,337,83.7,0
26/9/2024,Thursday,SKH,4.1,323,86.3,0
26/9/2024,Thursday,TTSH,4.5,355,84.9,0
26/9/2024,Thursday,WH,2.6,144,72.4,0
27/9/2024,Friday,AH,1.1,60,51.3,0
27/9/2024,Friday,CGH,17.1,375,83.6,0
27/9/2024,Friday,KTPH,1.9,216,75.1,0
27/9/2024,Friday,NTFGH,2.1,307,85.4,0
27/9/2024,Friday,NUH(A),2.2,263,76.7,0
27/9/2024,Friday,SGH,2.3,331,80,0
27/9/2024,Friday,SKH,2.3,341,82.9,0
27/9/2024,Friday,TTSH,3.5,353,82.3,0
27/9/2024,Friday,WH,2.4,148,67.2,0
28/9/2024,Saturday,AH,1.1,58,51.3,0
28/9/2024,Saturday,CGH,0.7,332,84,0
28/9/2024,Saturday,KTPH,1.7,213,74.2,0
28/9/2024,Saturday,NTFGH,2,292,84.1,0
28/9/2024,Saturday,NUH(A),2.2,266,72.2,0
28/9/2024,Saturday,SGH,1.4,270,76,0
28/9/2024,Saturday,SKH,2.6,310,82.1,0
28/9/2024,Saturday,TTSH,3.6,311,82.7,0
28/9/2024,Saturday,WH,2.7,116,70.1,0
29/9/2024,Sunday,AH,0.9,61,52.3,0
29/9/2024,Sunday,CGH,1.2,293,85.2,0
29/9/2024,Sunday,KTPH,1.3,244,79.2,0
29/9/2024,Sunday,NTFGH,2.3,303,89.7,0
29/9/2024,Sunday,NUH(A),2.3,254,74.6,0
29/9/2024,Sunday,SGH,1,306,78.8,0
29/9/2024,Sunday,SKH,2.4,323,85.7,0
29/9/2024,Sunday,TTSH,3.2,267,87.3,0
29/9/2024,Sunday,WH,2.9,165,68.7,0
30/9/2024,Monday,AH,1.4,72,59.4,0
30/9/2024,Monday,CGH,3,440,87.7,0
30/9/2024,Monday,KTPH,2.5,262,84.4,0
30/9/2024,Monday,NTFGH,5,370,88.5,0
30/9/2024,Monday,NUH(A),3.9,343,77.4,0
30/9/2024,Monday,SGH,2.4,356,82.8,0
30/9/2024,Monday,SKH,2.9,413,86.5,0
30/9/2024,Monday,TTSH,3.6,386,88.2,0
30/9/2024,Monday,WH,3.2,196,77.1,0
1/10/2024,Tuesday,AH,1.5,68,62.9,0
1/10/2024,Tuesday,CGH,4.8,374,88.5,0
1/10/2024,Tuesday,KTPH,2.7,243,87.2,0
1/10/2024,Tuesday,NTFGH,8.4,337,87.8,0
1/10/2024,Tuesday,NUH(A),4.1,300,77.7,0
1/10/2024,Tuesday,SGH,3.7,332,84.7,0
1/10/2024,Tuesday,SKH,6.3,388,87.2,0
1/10/2024,Tuesday,TTSH,4.1,359,87.6,0
1/10/2024,Tuesday,WH,3.1,137,76.1,0
2/10/2024,Wednesday,AH,1.6,63,65.4,0
2/10/2024,Wednesday,CGH,4,401,86.6,0
2/10/2024,Wednesday,KTPH,2.1,251,81.9,0
2/10/2024,Wednesday,NTFGH,4,354,85.5,0
2/10/2024,Wednesday,NUH(A),2.9,303,75.4,0
2/10/2024,Wednesday,SGH,2.9,322,84.3,0
2/10/2024,Wednesday,SKH,8.7,333,85.5,0
2/10/2024,Wednesday,TTSH,4.1,362,86.7,0
2/10/2024,Wednesday,WH,2.8,164,74.4,0
3/10/2024,Thursday,AH,1.5,60,64.7,0
3/10/2024,Thursday,CGH,2.6,320,86.8,0
3/10/2024,Thursday,KTPH,1.6,214,77.6,0
3/10/2024,Thursday,NTFGH,3.7,306,85.9,0
3/10/2024,Thursday,NUH(A),2.3,288,74.7,0
3/10/2024,Thursday,SGH,3.2,317,82.6,0
3/10/2024,Thursday,SKH,5.6,323,86.1,0
3/10/2024,Thursday,TTSH,3.8,341,85.7,0
3/10/2024,Thursday,WH,2.6,161,69.7,0
4/10/2024,Friday,AH,1.5,54,55.8,0
4/10/2024,Friday,CGH,1.4,383,87.2,0
4/10/2024,Friday,KTPH,1.9,227,76,0
4/10/2024,Friday,NTFGH,1.9,314,83.7,0
4/10/2024,Friday,NUH(A),2.5,294,68.6,0
4/10/2024,Friday,SGH,1.5,288,79.2,0
4/10/2024,Friday,SKH,2.3,314,84.9,0
4/10/2024,Friday,TTSH,3.6,370,82.4,0
4/10/2024,Friday,WH,2.5,150,65.9,0
5/10/2024,Saturday,AH,1.3,62,50.9,0
5/10/2024,Saturday,CGH,1.3,337,87.9,0
5/10/2024,Saturday,KTPH,1.7,192,77.3,0
5/10/2024,Saturday,NTFGH,1.5,274,84.2,0
5/10/2024,Saturday,NUH(A),1.7,267,67,0
5/10/2024,Saturday,SGH,1,275,77.1,0
5/10/2024,Saturday,SKH,2,315,81,0
5/10/2024,Saturday,TTSH,3.7,312,83,0
5/10/2024,Saturday,WH,2.5,122,65.7,0
6/10/2024,Sunday,AH,1.2,60,51.6,0
6/10/2024,Sunday,CGH,1.8,324,89.1,0
6/10/2024,Sunday,KTPH,1.6,226,80.3,0
6/10/2024,Sunday,NTFGH,2,283,88.6,0
6/10/2024,Sunday,NUH(A),1.9,265,69.4,0
6/10/2024,Sunday,SGH,0.9,282,79.3,0
6/10/2024,Sunday,SKH,2,320,83,0
6/10/2024,Sunday,TTSH,3.3,305,87.3,0
6/10/2024,Sunday,WH,2.5,127,70.1,0
7/10/2024,Monday,AH,1.5,70,56.2,0
7/10/2024,Monday,CGH,8,415,89.9,0
7/10/2024,Monday,KTPH,2.2,251,84.9,0
7/10/2024,Monday,NTFGH,5.2,408,90.7,0
7/10/2024,Monday,NUH(A),3.2,347,75.2,0
7/10/2024,Monday,SGH,2,366,83.1,0
7/10/2024,Monday,SKH,2.8,406,86,0
7/10/2024,Monday,TTSH,5,406,90.6,0
7/10/2024,Monday,WH,2.7,211,76.4,0
8/10/2024,Tuesday,AH,1.9,63,59.4,0
8/10/2024,Tuesday,CGH,9.7,425,89.5,0
8/10/2024,Tuesday,KTPH,2.4,236,85.1,0
8/10/2024,Tuesday,NTFGH,5.3,345,91,0
8/10/2024,Tuesday,NUH(A),2.5,311,75.9,0
8/10/2024,Tuesday,SGH,2.2,328,84.9,0
8/10/2024,Tuesday,SKH,2.6,377,86.9,0
8/10/2024,Tuesday,TTSH,4.4,405,90.6,0
8/10/2024,Tuesday,WH,2.7,140,73.6,0
9/10/2024,Wednesday,AH,1.9,58,59.7,0
9/10/2024,Wednesday,CGH,6.3,410,87.7,0
9/10/2024,Wednesday,KTPH,2.7,260,83.7,0
9/10/2024,Wednesday,NTFGH,2.1,339,87.9,0
9/10/2024,Wednesday,NUH(A),3.4,291,75.1,0
9/10/2024,Wednesday,SGH,3.1,294,85.7,0
9/10/2024,Wednesday,SKH,2.5,356,86.2,0
9/10/2024,Wednesday,TTSH,4.2,423,93.9,0
9/10/2024,Wednesday,WH,2.5,182,68.9,0
10/10/2024,Thursday,AH,1.6,73,55.8,0
10/10/2024,Thursday,CGH,17.1,405,88.6,0
10/10/2024,Thursday,KTPH,3,235,82,0
10/10/2024,Thursday,NTFGH,1.9,334,84.6,0
10/10/2024,Thursday,NUH(A),2.7,319,74.8,0
10/10/2024,Thursday,SGH,2.4,341,85,0
10/10/2024,Thursday,SKH,3.4,357,82.8,0
10/10/2024,Thursday,TTSH,4.3,384,93.6,0
10/10/2024,Thursday,WH,2.8,155,71.4,0
11/10/2024,Friday,AH,0.9,55,53.4,0
11/10/2024,Friday,CGH,11.1,412,86.2,0
11/10/2024,Friday,KTPH,1.8,210,78,0
11/10/2024,Friday,NTFGH,1.7,316,81.2,0
11/10/2024,Friday,NUH(A),2.7,284,71.6,0
11/10/2024,Friday,SGH,1.4,296,82,0
11/10/2024,Friday,SKH,2.2,343,80.9,0
11/10/2024,Friday,TTSH,3.5,365,89.9,0
11/10/2024,Friday,WH,2.5,155,66.7,0
12/10/2024,Saturday,AH,1.5,57,51.6,0
12/10/2024,Saturday,CGH,7.9,319,87.9,0
12/10/2024,Saturday,KTPH,1.8,180,76.3,0
12/10/2024,Saturday,NTFGH,1.9,284,81.6,0
12/10/2024,Saturday,NUH(A),2.4,265,66,0
12/10/2024,Saturday,SGH,1,317,78.7,0
12/10/2024,Saturday,SKH,1.8,318,81.1,0
12/10/2024,Saturday,TTSH,3.6,325,87.1,0
12/10/2024,Saturday,WH,2.8,133,67.2,0
13/10/2024,Sunday,AH,1.2,57,55.8,0
13/10/2024,Sunday,CGH,7.4,337,89.8,0
13/10/2024,Sunday,KTPH,1.4,214,81.4,0
13/10/2024,Sunday,NTFGH,1.7,306,88,0
13/10/2024,Sunday,NUH(A),2.1,260,69.3,0
13/10/2024,Sunday,SGH,0.9,302,80,0
13/10/2024,Sunday,SKH,1.9,313,85,0
13/10/2024,Sunday,TTSH,4,341,91.2,0
13/10/2024,Sunday,WH,2.7,143,71.9,0
14/10/2024,Monday,AH,1.6,65,62.9,0
14/10/2024,Monday,CGH,20,455,87.2,0
14/10/2024,Monday,KTPH,2.3,271,83.8,0
14/10/2024,Monday,NTFGH,2.6,378,88.6,0
14/10/2024,Monday,NUH(A),2.5,321,71.9,0
14/10/2024,Monday,SGH,2,328,84.7,0
14/10/2024,Monday,SKH,4.1,394,87.2,0
14/10/2024,Monday,TTSH,5.3,420,95.2,0
14/10/2024,Monday,WH,2.7,175,75.6,0
15/10/2024,Tuesday,AH,1.5,58,59.4,0
15/10/2024,Tuesday,CGH,18.5,396,87.2,0
15/10/2024,Tuesday,KTPH,3.2,237,85.9,0
15/10/2024,Tuesday,NTFGH,5.4,377,90,0
15/10/2024,Tuesday,NUH(A),2.9,321,73.9,0
15/10/2024,Tuesday,SGH,2.8,366,85.6,0
15/10/2024,Tuesday,SKH,4.6,374,88.8,0
15/10/2024,Tuesday,TTSH,5.4,346,93.2,0
15/10/2024,Tuesday,WH,2.9,168,77.6,0
16/10/2024,Wednesday,AH,1.7,63,59,0
16/10/2024,Wednesday,CGH,15.6,371,88.2,0
16/10/2024,Wednesday,KTPH,2.5,250,83.2,0
16/10/2024,Wednesday,NTFGH,2.6,333,87.3,0
16/10/2024,Wednesday,NUH(A),2.7,306,73.9,0
16/10/2024,Wednesday,SGH,4.9,310,88.2,0
16/10/2024,Wednesday,SKH,3.7,345,86.2,0
16/10/2024,Wednesday,TTSH,5.6,379,90.7,0
16/10/2024,Wednesday,WH,2.6,148,74.9,0
17/10/2024,Thursday,AH,1.2,65,60.8,0
17/10/2024,Thursday,CGH,11.2,375,87.4,0
17/10/2024,Thursday,KTPH,2.5,228,83.5,0
17/10/2024,Thursday,NTFGH,1.6,302,83.6,0
17/10/2024,Thursday,NUH(A),2.6,312,74.6,0
17/10/2024,Thursday,SGH,2.6,304,86.7,0
17/10/2024,Thursday,SKH,2.7,377,86,0
17/10/2024,Thursday,TTSH,5.2,343,88.8,0
17/10/2024,Thursday,WH,2.9,166,78.6,0
18/10/2024,Friday,AH,1.6,54,59.4,0
18/10/2024,Friday,CGH,5.1,363,86.6,0
18/10/2024,Friday,KTPH,2.1,214,84.3,0
18/10/2024,Friday,NTFGH,1.7,298,78,0
18/10/2024,Friday,NUH(A),2.3,268,75.5,0
18/10/2024,Friday,SGH,2,338,82.4,0
18/10/2024,Friday,SKH,2.3,320,77.1,0
18/10/2024,Friday,TTSH,4.7,344,87.3,0
18/10/2024,Friday,WH,2.8,174,72.1,0
19/10/2024,Saturday,AH,0.9,60,56.2,0
19/10/2024,Saturday,CGH,5.7,327,86.6,0
19/10/2024,Saturday,KTPH,1.5,197,83.9,0
19/10/2024,Saturday,NTFGH,1.4,309,75,0
19/10/2024,Saturday,NUH(A),2,251,71.9,0
19/10/2024,Saturday,SGH,2.1,324,79.2,0
19/10/2024,Saturday,SKH,1.6,308,77.6,0
19/10/2024,Saturday,TTSH,3.8,325,91.5,0
19/10/2024,Saturday,WH,2.6,144,71.1,0
20/10/2024,Sunday,AH,1.5,49,59.7,0
20/10/2024,Sunday,CGH,5.8,370,88.1,0
20/10/2024,Sunday,KTPH,1.4,207,85.9,0
20/10/2024,Sunday,NTFGH,1.7,296,78.2,0
20/10/2024,Sunday,NUH(A),2.3,243,72.9,0
20/10/2024,Sunday,SGH,1.4,276,81.2,0
20/10/2024,Sunday,SKH,1.9,318,80.1,0
20/10/2024,Sunday,TTSH,3.4,319,91.9,0
20/10/2024,Sunday,WH,2.7,148,75.4,0
21/10/2024,Monday,AH,1,74,65.7,0
21/10/2024,Monday,CGH,15,431,88.8,0
21/10/2024,Monday,KTPH,2.2,283,91.2,0
21/10/2024,Monday,NTFGH,1.7,389,86.5,0
21/10/2024,Monday,NUH(A),2.9,381,80.2,0
21/10/2024,Monday,SGH,3.6,409,84.2,0
21/10/2024,Monday,SKH,2.1,450,82.5,0
21/10/2024,Monday,TTSH,4.5,435,92.9,0
21/10/2024,Monday,WH,2.8,208,79.6,0
22/10/2024,Tuesday,AH,1.2,66,68.6,0
22/10/2024,Tuesday,CGH,16.7,413,88.3,0
22/10/2024,Tuesday,KTPH,3.1,248,91.1,0
22/10/2024,Tuesday,NTFGH,2,365,89.5,0
22/10/2024,Tuesday,NUH(A),3.7,320,80.5,0
22/10/2024,Tuesday,SGH,8.1,315,86.2,0
22/10/2024,Tuesday,SKH,5.3,336,88.1,0
22/10/2024,Tuesday,TTSH,5.7,348,93.5,0
22/10/2024,Tuesday,WH,3,196,82.3,0
23/10/2024,Wednesday,AH,1.2,64,69.3,0
23/10/2024,Wednesday,CGH,19.6,382,87.8,0
23/10/2024,Wednesday,KTPH,5.4,203,87.9,0
23/10/2024,Wednesday,NTFGH,3.3,350,90,0
23/10/2024,Wednesday,NUH(A),3.5,308,83,0
23/10/2024,Wednesday,SGH,7.6,323,86.8,0
23/10/2024,Wednesday,SKH,5.5,381,87.3,0
23/10/2024,Wednesday,TTSH,5.3,383,92.6,0
23/10/2024,Wednesday,WH,2.9,187,75.4,0
24/10/2024,Thursday,AH,1.6,77,73.5,0
24/10/2024,Thursday,CGH,14.3,376,88.3,0
24/10/2024,Thursday,KTPH,2.6,219,85,0
24/10/2024,Thursday,NTFGH,2.5,369,88.9,0
24/10/2024,Thursday,NUH(A),3.8,337,83.5,0
24/10/2024,Thursday,SGH,7.1,325,86.2,0
24/10/2024,Thursday,SKH,4.4,339,86.1,0
24/10/2024,Thursday,TTSH,5.6,398,95.3,0
24/10/2024,Thursday,WH,2.6,197,78.6,0
25/10/2024,Friday,AH,1.6,57,74.9,0
25/10/2024,Friday,CGH,8.7,384,88.2,0
25/10/2024,Friday,KTPH,2.5,225,77.4,0
25/10/2024,Friday,NTFGH,3.6,344,88.9,0
25/10/2024,Friday,NUH(A),3.8,296,78.7,0
25/10/2024,Friday,SGH,4.8,323,83.8,0
25/10/2024,Friday,SKH,6.5,351,83.8,0
25/10/2024,Friday,TTSH,5.2,374,93.9,0
25/10/2024,Friday,WH,3.2,154,76.6,0
26/10/2024,Saturday,AH,1.1,68,71.7,0
26/10/2024,Saturday,CGH,4.9,335,89.1,0
26/10/2024,Saturday,KTPH,1.9,206,77.1,0
26/10/2024,Saturday,NTFGH,2.1,279,84.1,0
26/10/2024,Saturday,NUH(A),2.7,264,73.3,0
26/10/2024,Saturday,SGH,2.9,308,81.7,0
26/10/2024,Saturday,SKH,3.7,321,84.8,0
26/10/2024,Saturday,TTSH,4.7,305,93.9,0
26/10/2024,Saturday,WH,2.5,137,74.6,0
27/10/2024,Sunday,AH,1.1,53,69.6,0
27/10/2024,Sunday,CGH,10.9,309,89.2,0
27/10/2024,Sunday,KTPH,1.6,230,80.6,0
27/10/2024,Sunday,NTFGH,2,296,88.8,0
27/10/2024,Sunday,NUH(A),1.9,238,77.2,0
27/10/2024,Sunday,SGH,2.5,280,83.8,0
27/10/2024,Sunday,SKH,3.3,341,88.2,0
27/10/2024,Sunday,TTSH,6.6,324,95.7,0
27/10/2024,Sunday,WH,3,149,80.8,0
28/10/2024,Monday,AH,1.3,68,74.2,0
28/10/2024,Monday,CGH,14.8,461,89.8,0
28/10/2024,Monday,KTPH,2.5,290,84.6,0
28/10/2024,Monday,NTFGH,2.7,349,84.7,0
28/10/2024,Monday,NUH(A),4.1,385,84.5,0
28/10/2024,Monday,SGH,4.4,370,86.9,0
28/10/2024,Monday,SKH,5,406,91.2,0
28/10/2024,Monday,TTSH,9.6,415,93.4,0
28/10/2024,Monday,WH,3,203,85.3,0
29/10/2024,Tuesday,AH,2.3,60,70.3,0
29/10/2024,Tuesday,CGH,18.7,402,90.3,0
29/10/2024,Tuesday,KTPH,3.8,245,87.7,0
29/10/2024,Tuesday,NTFGH,4.4,351,91.2,0
29/10/2024,Tuesday,NUH(A),4.9,296,82.6,0
29/10/2024,Tuesday,SGH,7,301,88.9,0
29/10/2024,Tuesday,SKH,6.5,354,89,0
29/10/2024,Tuesday,TTSH,7.9,371,92.8,0
29/10/2024,Tuesday,WH,3,171,82.6,0
30/10/2024,Wednesday,AH,1.7,64,68.6,0
30/10/2024,Wednesday,CGH,10.9,357,88.8,0
30/10/2024,Wednesday,KTPH,3.7,224,85.3,0
30/10/2024,Wednesday,NTFGH,2.8,305,87.8,0
30/10/2024,Wednesday,NUH(A),3.8,292,79.3,0
30/10/2024,Wednesday,SGH,7,317,86.1,0
30/10/2024,Wednesday,SKH,4.5,301,87.9,0
30/10/2024,Wednesday,TTSH,6.2,352,90.4,0
30/10/2024,Wednesday,WH,2.6,155,77.9,0
31/10/2024,Thursday,AH,0.9,65,68.6,1
31/10/2024,Thursday,CGH,11.7,335,90.5,1
31/10/2024,Thursday,KTPH,2.1,227,82.9,1
31/10/2024,Thursday,NTFGH,2.1,286,86.4,1
31/10/2024,Thursday,NUH(A),2.6,277,78.4,1
31/10/2024,Thursday,SGH,5.1,279,85.6,1
31/10/2024,Thursday,SKH,2.3,305,87.1,1
31/10/2024,Thursday,TTSH,4.3,294,92.7,1
31/10/2024,Thursday,WH,2.4,149,76.9,1
1/11/2024,Friday,AH,1.9,61,70,0
1/11/2024,Friday,CGH,17.2,397,89.3,0
1/11/2024,Friday,KTPH,4.6,242,82.1,0
1/11/2024,Friday,NTFGH,2.7,349,84.7,0
1/11/2024,Friday,NUH(A),3.7,302,77.5,0
1/11/2024,Friday,SGH,3.7,323,83.4,0
1/11/2024,Friday,SKH,2.3,366,81.1,0
1/11/2024,Friday,TTSH,4.9,380,90.3,0
1/11/2024,Friday,WH,2.6,165,80.1,0
2/11/2024,Saturday,AH,1.6,69,70.3,0
2/11/2024,Saturday,CGH,15.1,339,89.2,0
2/11/2024,Saturday,KTPH,3,175,80.8,0
2/11/2024,Saturday,NTFGH,2.3,275,84.6,0
2/11/2024,Saturday,NUH(A),3.3,265,74.5,0
2/11/2024,Saturday,SGH,4.5,285,82.1,0
2/11/2024,Saturday,SKH,2.1,318,82.9,0
2/11/2024,Saturday,TTSH,4.8,346,93.4,0
2/11/2024,Saturday,WH,2.8,156,83.3,0
3/11/2024,Sunday,AH,1.4,80,73.1,0
3/11/2024,Sunday,CGH,7.7,316,89.2,0
3/11/2024,Sunday,KTPH,2,205,84.5,0
3/11/2024,Sunday,NTFGH,2.2,286,88.4,0
3/11/2024,Sunday,NUH(A),2.9,255,77.1,0
3/11/2024,Sunday,SGH,2.1,302,83.9,0
3/11/2024,Sunday,SKH,2.4,355,85.5,0
3/11/2024,Sunday,TTSH,4.9,341,95.9,0
3/11/2024,Sunday,WH,2.5,154,86.3,0
4/11/2024,Monday,AH,1.3,78,76.3,0
4/11/2024,Monday,CGH,20.5,391,90.9,0
4/11/2024,Monday,KTPH,2.9,300,88,0
4/11/2024,Monday,NTFGH,2.8,388,88,0
4/11/2024,Monday,NUH(A),2.7,347,81.8,0
4/11/2024,Monday,SGH,7.6,388,84.9,0
4/11/2024,Monday,SKH,3.9,407,85.2,0
4/11/2024,Monday,TTSH,7.8,439,94.2,0
4/11/2024,Monday,WH,3.4,195,85.1,0
5/11/2024,Tuesday,AH,1.5,60,74.9,0
5/11/2024,Tuesday,CGH,11.3,407,89.3,0
5/11/2024,Tuesday,KTPH,4.9,222,91.1,0
5/11/2024,Tuesday,NTFGH,3.1,324,88.4,0
5/11/2024,Tuesday,NUH(A),4.3,341,84.9,0
5/11/2024,Tuesday,SGH,10.1,322,85.4,0
5/11/2024,Tuesday,SKH,3.7,369,86,0
5/11/2024,Tuesday,TTSH,7.5,378,92.5,0
5/11/2024,Tuesday,WH,3.1,179,82.1,0
6/11/2024,Wednesday,AH,1.8,69,70.7,0
6/11/2024,Wednesday,CGH,8,347,88.6,0
6/11/2024,Wednesday,KTPH,3.8,234,86.5,0
6/11/2024,Wednesday,NTFGH,2.7,352,87.8,0
6/11/2024,Wednesday,NUH(A),5.6,284,84.3,0
6/11/2024,Wednesday,SGH,7.7,331,86.6,0
6/11/2024,Wednesday,SKH,3,334,85.3,0
6/11/2024,Wednesday,TTSH,5.1,381,91.6,0
6/11/2024,Wednesday,WH,2.6,157,80.1,0
7/11/2024,Thursday,AH,1.5,57,70,0
7/11/2024,Thursday,CGH,4.7,365,89.2,0
7/11/2024,Thursday,KTPH,2.2,227,80.6,0
7/11/2024,Thursday,NTFGH,3,303,84.7,0
7/11/2024,Thursday,NUH(A),3.8,297,82.8,0
7/11/2024,Thursday,SGH,7.4,326,87.4,0
7/11/2024,Thursday,SKH,2.5,358,83.4,0
7/11/2024,Thursday,TTSH,4.8,357,89.1,0
7/11/2024,Thursday,WH,2.9,192,78.6,0
8/11/2024,Friday,AH,1.5,69,63.3,0
8/11/2024,Friday,CGH,5.9,378,88.1,0
8/11/2024,Friday,KTPH,1.6,204,76.9,0
8/11/2024,Friday,NTFGH,2.1,319,80.4,0
8/11/2024,Friday,NUH(A),4.2,311,81.6,0
8/11/2024,Friday,SGH,3.5,335,84.4,0
8/11/2024,Friday,SKH,1.9,334,78.8,0
8/11/2024,Friday,TTSH,4.4,350,85.3,0
8/11/2024,Friday,WH,3.1,164,75.4,0
9/11/2024,Saturday,AH,1.2,58,60.1,0
9/11/2024,Saturday,CGH,6.5,340,88,0
9/11/2024,Saturday,KTPH,2.3,185,77.7,0
9/11/2024,Saturday,NTFGH,2,302,80.4,0
9/11/2024,Saturday,NUH(A),3.5,240,77.2,0
9/11/2024,Saturday,SGH,2.4,316,81.8,0
9/11/2024,Saturday,SKH,1.4,316,76.2,0
9/11/2024,Saturday,TTSH,3.4,296,82.1,0
9/11/2024,Saturday,WH,2.9,145,74.9,0
10/11/2024,Sunday,AH,1.6,63,62.2,0
10/11/2024,Sunday,CGH,6.8,310,89.4,0
10/11/2024,Sunday,KTPH,1.4,195,79,0
10/11/2024,Sunday,NTFGH,2,297,86.1,0
10/11/2024,Sunday,NUH(A),2.7,256,78.9,0
10/11/2024,Sunday,SGH,2.1,304,82.4,0
10/11/2024,Sunday,SKH,1.6,314,81.3,0
10/11/2024,Sunday,TTSH,3.3,320,86,0
10/11/2024,Sunday,WH,2.4,152,79.9,0
11/11/2024,Monday,AH,1.3,83,67.5,0
11/11/2024,Monday,CGH,9.9,464,88.7,0
11/11/2024,Monday,KTPH,2.4,264,84.2,0
11/11/2024,Monday,NTFGH,2.5,375,88.8,0
11/11/2024,Monday,NUH(A),4,351,84.3,0
11/11/2024,Monday,SGH,7.6,372,85.4,0
11/11/2024,Monday,SKH,2.3,397,83,0
11/11/2024,Monday,TTSH,4.2,451,88.8,0
11/11/2024,Monday,WH,3.2,189,85.3,0
12/11/2024,Tuesday,AH,1,53,67.5,0
12/11/2024,Tuesday,CGH,12.6,400,90.1,0
12/11/2024,Tuesday,KTPH,2.2,245,84.9,0
12/11/2024,Tuesday,NTFGH,4.5,320,88.8,0
12/11/2024,Tuesday,NUH(A),3.7,296,86.3,0
12/11/2024,Tuesday,SGH,11.9,339,87.3,0
12/11/2024,Tuesday,SKH,2.5,341,83.1,0
12/11/2024,Tuesday,TTSH,4.3,439,89.6,0
12/11/2024,Tuesday,WH,3,170,85.8,0
13/11/2024,Wednesday,AH,1.1,52,66.4,0
13/11/2024,Wednesday,CGH,18,387,89.8,0
13/11/2024,Wednesday,KTPH,2,203,82.5,0
13/11/2024,Wednesday,NTFGH,3.3,292,87.4,0
13/11/2024,Wednesday,NUH(A),3.8,302,83.5,0
13/11/2024,Wednesday,SGH,7.1,296,87.3,0
13/11/2024,Wednesday,SKH,2.4,337,80.1,0
13/11/2024,Wednesday,TTSH,4.8,345,90.7,0
13/11/2024,Wednesday,WH,2.9,191,84.1,0
14/11/2024,Thursday,AH,1.3,73,67.1,0
14/11/2024,Thursday,CGH,9.2,363,90.2,0
14/11/2024,Thursday,KTPH,2,232,82.4,0
14/11/2024,Thursday,NTFGH,2.2,341,87.5,0
14/11/2024,Thursday,NUH(A),3.5,288,81.8,0
14/11/2024,Thursday,SGH,9.2,306,85.8,0
14/11/2024,Thursday,SKH,2,329,77.9,0
14/11/2024,Thursday,TTSH,4.4,377,87.4,0
14/11/2024,Thursday,WH,2.9,165,83.3,0
15/11/2024,Friday,AH,1.8,50,64.3,0
15/11/2024,Friday,CGH,6.4,382,88.4,0
15/11/2024,Friday,KTPH,2.1,204,81.4,0
15/11/2024,Friday,NTFGH,2.1,307,80.6,0
15/11/2024,Friday,NUH(A),3.1,263,78.2,0
15/11/2024,Friday,SGH,4.2,334,82.9,0
15/11/2024,Friday,SKH,2.2,326,76.5,0
15/11/2024,Friday,TTSH,4.4,371,83.3,0
15/11/2024,Friday,WH,2.6,171,81.3,0
16/11/2024,Saturday,AH,1.4,51,61.5,0
16/11/2024,Saturday,CGH,3.3,315,87.6,0
16/11/2024,Saturday,KTPH,1.9,199,81.4,0
16/11/2024,Saturday,NTFGH,1.4,254,78.4,0
16/11/2024,Saturday,NUH(A),3.6,229,73.3,0
16/11/2024,Saturday,SGH,2.1,269,80.4,0
16/11/2024,Saturday,SKH,1.6,264,75.9,0
16/11/2024,Saturday,TTSH,3.8,317,85.3,0
16/11/2024,Saturday,WH,3.3,150,83.1,0
17/11/2024,Sunday,AH,1.4,61,59.7,0
17/11/2024,Sunday,CGH,6.1,331,87.7,0
17/11/2024,Sunday,KTPH,2.2,204,82.5,0
17/11/2024,Sunday,NTFGH,1.9,298,83.2,0
17/11/2024,Sunday,NUH(A),2.2,267,77.9,0
17/11/2024,Sunday,SGH,2.6,276,81.5,0
17/11/2024,Sunday,SKH,1.8,323,78.9,0
17/11/2024,Sunday,TTSH,4,356,89,0
17/11/2024,Sunday,WH,2.8,176,88.1,0
18/11/2024,Monday,AH,1.8,82,65,0
18/11/2024,Monday,CGH,16.5,434,88,0
18/11/2024,Monday,KTPH,2.3,260,84.8,0
18/11/2024,Monday,NTFGH,3,398,85,0
18/11/2024,Monday,NUH(A),2.3,343,82.1,0
18/11/2024,Monday,SGH,4.1,341,83.2,0
18/11/2024,Monday,SKH,2.5,395,82.9,0
18/11/2024,Monday,TTSH,5.9,425,90.1,0
18/11/2024,Monday,WH,2.9,207,90.5,0
19/11/2024,Tuesday,AH,1.3,65,70,0
19/11/2024,Tuesday,CGH,15.6,390,88.1,0
19/11/2024,Tuesday,KTPH,2.9,231,85.1,0
19/11/2024,Tuesday,NTFGH,2.9,334,87.4,0
19/11/2024,Tuesday,NUH(A),3.6,326,84.4,0
19/11/2024,Tuesday,SGH,4.2,313,84.2,0
19/11/2024,Tuesday,SKH,2.2,350,82.3,0
19/11/2024,Tuesday,TTSH,5.1,401,89.7,0
19/11/2024,Tuesday,WH,3,187,87.3,0
20/11/2024,Wednesday,AH,1.8,70,73.5,0
20/11/2024,Wednesday,CGH,13.8,381,86.9,0
20/11/2024,Wednesday,KTPH,3.2,234,87.1,0
20/11/2024,Wednesday,NTFGH,2.3,313,85.7,0
20/11/2024,Wednesday,NUH(A),5.1,316,82.8,0
20/11/2024,Wednesday,SGH,4.1,311,84.2,0
20/11/2024,Wednesday,SKH,2.3,351,82.6,0
20/11/2024,Wednesday,TTSH,5.6,394,89,0
20/11/2024,Wednesday,WH,3,183,84.6,0
21/11/2024,Thursday,AH,1.8,62,66.4,0
21/11/2024,Thursday,CGH,16.6,392,87.8,0
21/11/2024,Thursday,KTPH,2.5,233,85.7,0
21/11/2024,Thursday,NTFGH,2.1,319,85,0
21/11/2024,Thursday,NUH(A),4,286,84.2,0
21/11/2024,Thursday,SGH,2.7,328,83.2,0
21/11/2024,Thursday,SKH,1.9,342,83.6,0
21/11/2024,Thursday,TTSH,5.4,388,91,0
21/11/2024,Thursday,WH,2.9,158,81.1,0
22/11/2024,Friday,AH,1.2,69,69.3,0
22/11/2024,Friday,CGH,7.2,348,87.5,0
22/11/2024,Friday,KTPH,3.3,223,85.1,0
22/11/2024,Friday,NTFGH,2.3,316,79.4,0
22/11/2024,Friday,NUH(A),2.8,315,80.6,0
22/11/2024,Friday,SGH,2.9,303,83.2,0
22/11/2024,Friday,SKH,1.9,303,78.4,0
22/11/2024,Friday,TTSH,5.1,356,89.1,0
22/11/2024,Friday,WH,2.9,146,76.6,0
23/11/2024,Saturday,AH,1.4,55,69.6,0
23/11/2024,Saturday,CGH,1.9,363,88.7,0
23/11/2024,Saturday,KTPH,2.2,192,78.9,0
23/11/2024,Saturday,NTFGH,2,262,80.1,0
23/11/2024,Saturday,NUH(A),2.3,276,75.5,0
23/11/2024,Saturday,SGH,2.1,289,81.4,0
23/11/2024,Saturday,SKH,1.6,293,76.4,0
23/11/2024,Saturday,TTSH,4,329,91.1,0
23/11/2024,Saturday,WH,2.5,138,75.4,0
24/11/2024,Sunday,AH,0.5,57,67.8,0
24/11/2024,Sunday,CGH,3.7,364,89.7,0
24/11/2024,Sunday,KTPH,2.1,224,83.7,0
24/11/2024,Sunday,NTFGH,1.8,318,84.7,0
24/11/2024,Sunday,NUH(A),2.8,273,77.9,0
24/11/2024,Sunday,SGH,2.4,301,82.6,0
24/11/2024,Sunday,SKH,1.5,348,80.8,0
24/11/2024,Sunday,TTSH,3.8,295,93.9,0
24/11/2024,Sunday,WH,3.3,172,84.3,0
25/11/2024,Monday,AH,1.3,78,76,0
25/11/2024,Monday,CGH,15,407,90.2,0
25/11/2024,Monday,KTPH,3.4,291,89.5,0
25/11/2024,Monday,NTFGH,2.9,417,90,0
25/11/2024,Monday,NUH(A),4.6,381,82.1,0
25/11/2024,Monday,SGH,5.1,380,85.6,0
25/11/2024,Monday,SKH,2.7,409,85.4,0
25/11/2024,Monday,TTSH,6,432,94.7,0
25/11/2024,Monday,WH,3.2,195,89.1,0
26/11/2024,Tuesday,AH,1.5,63,73.5,0
26/11/2024,Tuesday,CGH,15.6,398,90.2,0
26/11/2024,Tuesday,KTPH,4.8,238,88.8,0
26/11/2024,Tuesday,NTFGH,3.2,332,87.8,0
26/11/2024,Tuesday,NUH(A),5.5,304,82.3,0
26/11/2024,Tuesday,SGH,5.9,312,85.6,0
26/11/2024,Tuesday,SKH,2.9,328,87.5,0
26/11/2024,Tuesday,TTSH,9.1,395,94.9,0
26/11/2024,Tuesday,WH,4.8,167,89.3,0
27/11/2024,Wednesday,AH,1.2,53,70.7,0
27/11/2024,Wednesday,CGH,17.1,420,89.4,0
27/11/2024,Wednesday,KTPH,3.2,239,89.4,0
27/11/2024,Wednesday,NTFGH,2.5,319,89.5,0
27/11/2024,Wednesday,NUH(A),3.3,309,80.4,0
27/11/2024,Wednesday,SGH,6.2,305,85,0
27/11/2024,Wednesday,SKH,3.1,388,85.3,0
27/11/2024,Wednesday,TTSH,8.2,422,93.5,0
27/11/2024,Wednesday,WH,3,182,87.1,0
28/11/2024,Thursday,AH,1.2,59,67.5,0
28/11/2024,Thursday,CGH,12.9,381,88.9,0
28/11/2024,Thursday,KTPH,3.1,216,87.9,0
28/11/2024,Thursday,NTFGH,2.3,320,88.9,0
28/11/2024,Thursday,NUH(A),3.8,278,82.3,0
28/11/2024,Thursday,SGH,3.6,296,85.8,0
28/11/2024,Thursday,SKH,3.3,336,84.9,0
28/11/2024,Thursday,TTSH,7.7,374,91.9,0
28/11/2024,Thursday,WH,2.9,161,85.1,0
29/11/2024,Friday,AH,1.5,47,65,0
29/11/2024,Friday,CGH,11.2,389,86.3,0
29/11/2024,Friday,KTPH,2.5,226,85,0
29/11/2024,Friday,NTFGH,2.4,307,81.2,0
29/11/2024,Friday,NUH(A),3.8,288,78.8,0
29/11/2024,Friday,SGH,3.4,280,82.6,0
29/11/2024,Friday,SKH,2.4,340,82.4,0
29/11/2024,Friday,TTSH,4.8,372,89.8,0
29/11/2024,Friday,WH,2.5,171,75.1,0
30/11/2024,Saturday,AH,1.7,81,66.4,0
30/11/2024,Saturday,CGH,9.6,309,87.3,0
30/11/2024,Saturday,KTPH,2.4,235,85.4,0
30/11/2024,Saturday,NTFGH,1.7,294,81.7,0
30/11/2024,Saturday,NUH(A),2.8,263,74.3,0
30/11/2024,Saturday,SGH,2.6,325,81.3,0
30/11/2024,Saturday,SKH,1.9,318,80.2,0
30/11/2024,Saturday,TTSH,4.6,329,91,0
30/11/2024,Saturday,WH,2.7,157,77.9,0
1/12/2024,Sunday,AH,1.3,70,70.3,0
1/12/2024,Sunday,CGH,4.8,358,88.6,0
1/12/2024,Sunday,KTPH,3.3,235,87,0
1/12/2024,Sunday,NTFGH,2,312,88.9,0
1/12/2024,Sunday,NUH(A),2.3,288,76.9,0
1/12/2024,Sunday,SGH,5.1,284,85.3,0
1/12/2024,Sunday,SKH,1.9,361,82.6,0
1/12/2024,Sunday,TTSH,4.8,348,94.5,0
1/12/2024,Sunday,WH,2.7,169,83.6,0
2/12/2024,Monday,AH,1.7,75,72.8,0
2/12/2024,Monday,CGH,14.1,464,90.3,0
2/12/2024,Monday,KTPH,6.2,286,89.7,0
2/12/2024,Monday,NTFGH,3.8,392,90.8,0
2/12/2024,Monday,NUH(A),3.8,384,85.3,0
2/12/2024,Monday,SGH,10.9,378,89.4,0
2/12/2024,Monday,SKH,3.9,402,84.9,0
2/12/2024,Monday,TTSH,7.3,430,94.3,0
2/12/2024,Monday,WH,3.3,217,82.8,0
3/12/2024,Tuesday,AH,1.4,58,76.7,0
3/12/2024,Tuesday,CGH,17.9,424,89.6,0
3/12/2024,Tuesday,KTPH,7.4,223,88.9,0
3/12/2024,Tuesday,NTFGH,4,308,88.6,0
3/12/2024,Tuesday,NUH(A),5.9,297,85.7,0
3/12/2024,Tuesday,SGH,7.4,310,89.6,0
3/12/2024,Tuesday,SKH,4.6,352,84.8,0
3/12/2024,Tuesday,TTSH,6.6,370,93.4,0
3/12/2024,Tuesday,WH,3.3,185,90.5,0
4/12/2024,Wednesday,AH,1.2,78,71.4,0
4/12/2024,Wednesday,CGH,15.8,377,90.9,0
4/12/2024,Wednesday,KTPH,5,241,86.2,0
4/12/2024,Wednesday,NTFGH,2.6,366,88.4,0
4/12/2024,Wednesday,NUH(A),4.8,314,84.8,0
4/12/2024,Wednesday,SGH,8.4,358,93.5,0
4/12/2024,Wednesday,SKH,4,376,83.8,0
4/12/2024,Wednesday,TTSH,6.5,373,93.5,0
4/12/2024,Wednesday,WH,3.8,188,87.8,0
5/12/2024,Thursday,AH,1.8,69,68.2,0
5/12/2024,Thursday,CGH,21.2,379,88.9,0
5/12/2024,Thursday,KTPH,3.4,256,87.1,0
5/12/2024,Thursday,NTFGH,3.4,340,87,0
5/12/2024,Thursday,NUH(A),4.5,303,84.7,0
5/12/2024,Thursday,SGH,4.9,334,92.2,0
5/12/2024,Thursday,SKH,3,361,83.5,0
5/12/2024,Thursday,TTSH,7.3,348,94.8,0
5/12/2024,Thursday,WH,3.2,167,84.3,0
6/12/2024,Friday,AH,1.4,67,66.4,0
6/12/2024,Friday,CGH,14.4,412,87.3,0
6/12/2024,Friday,KTPH,3.1,246,84.8,0
6/12/2024,Friday,NTFGH,2.1,343,86.2,0
6/12/2024,Friday,NUH(A),4.7,300,83.1,0
6/12/2024,Friday,SGH,5.4,312,87,0
6/12/2024,Friday,SKH,2.3,337,80.9,0
6/12/2024,Friday,TTSH,6.9,375,92,0
6/12/2024,Friday,WH,3,180,78.9,0
7/12/2024,Saturday,AH,1.6,68,67.1,0
7/12/2024,Saturday,CGH,11.7,334,86.5,0
7/12/2024,Saturday,KTPH,3.1,216,87.8,0
7/12/2024,Saturday,NTFGH,2.3,300,87.8,0
7/12/2024,Saturday,NUH(A),4.4,281,78.9,0
7/12/2024,Saturday,SGH,2.2,334,82.9,0
7/12/2024,Saturday,SKH,2.1,333,82.2,0
7/12/2024,Saturday,TTSH,5.1,375,93.3,0
7/12/2024,Saturday,WH,2.6,159,82.3,0
8/12/2024,Sunday,AH,1.4,62,68.2,0
8/12/2024,Sunday,CGH,13.3,358,89.4,0
8/12/2024,Sunday,KTPH,3,215,91.9,0
8/12/2024,Sunday,NTFGH,3.1,355,90.3,0
8/12/2024,Sunday,NUH(A),3.1,268,81.5,0
8/12/2024,Sunday,SGH,3.5,298,85.3,0
8/12/2024,Sunday,SKH,2.4,331,84.9,0
8/12/2024,Sunday,TTSH,5.1,323,94.1,0
8/12/2024,Sunday,WH,4,158,88.6,0
9/12/2024,Monday,AH,1.8,82,73.9,0
9/12/2024,Monday,CGH,19.5,469,90.1,0
9/12/2024,Monday,KTPH,5.2,258,94.7,0
9/12/2024,Monday,NTFGH,7.7,373,89.7,0
9/12/2024,Monday,NUH(A),3.2,352,83.4,0
9/12/2024,Monday,SGH,5.9,353,89,0
9/12/2024,Monday,SKH,3.9,423,88.3,0
9/12/2024,Monday,TTSH,7.8,436,95.1,0
9/12/2024,Monday,WH,3.1,212,90.8,0
10/12/2024,Tuesday,AH,1.7,78,77.7,0
10/12/2024,Tuesday,CGH,22.2,397,89.6,0
10/12/2024,Tuesday,KTPH,10.5,278,93.8,0
10/12/2024,Tuesday,NTFGH,4.9,347,87.8,0
10/12/2024,Tuesday,NUH(A),4.7,310,86.8,0
10/12/2024,Tuesday,SGH,6.2,349,87.9,0
10/12/2024,Tuesday,SKH,8.6,331,86.3,0
10/12/2024,Tuesday,TTSH,6.8,370,92.7,0
10/12/2024,Tuesday,WH,4.1,190,83.1,0
11/12/2024,Wednesday,AH,1.7,58,78.4,0
11/12/2024,Wednesday,CGH,10.8,379,88.5,0
11/12/2024,Wednesday,KTPH,5.8,242,90.9,0
11/12/2024,Wednesday,NTFGH,2.5,369,88.7,0
11/12/2024,Wednesday,NUH(A),7.1,285,84.4,0
11/12/2024,Wednesday,SGH,4.8,323,89.2,0
11/12/2024,Wednesday,SKH,3.9,367,85,0
11/12/2024,Wednesday,TTSH,5.2,417,91.7,0
11/12/2024,Wednesday,WH,3.5,189,77.2,0
12/12/2024,Thursday,AH,1.2,71,75.3,0
12/12/2024,Thursday,CGH,19.9,362,88.6,0
12/12/2024,Thursday,KTPH,3.8,242,91.6,0
12/12/2024,Thursday,NTFGH,2.8,328,90.3,0
12/12/2024,Thursday,NUH(A),3.4,307,86.5,0
12/12/2024,Thursday,SGH,3.2,326,86.9,0
12/12/2024,Thursday,SKH,4.7,320,83.1,0
12/12/2024,Thursday,TTSH,5.4,393,92.3,0
12/12/2024,Thursday,WH,3.3,179,83.1,0
13/12/2024,Friday,AH,1.2,55,71,0
13/12/2024,Friday,CGH,17.8,382,87.5,0
13/12/2024,Friday,KTPH,2.8,226,87.4,0
13/12/2024,Friday,NTFGH,2.2,331,87,0
13/12/2024,Friday,NUH(A),4.6,277,84,0
13/12/2024,Friday,SGH,4.1,301,85.6,0
13/12/2024,Friday,SKH,3.1,368,81.2,0
13/12/2024,Friday,TTSH,3.8,389,89.4,0
13/12/2024,Friday,WH,2.7,174,76.1,0
14/12/2024,Saturday,AH,1.1,46,66.1,0
14/12/2024,Saturday,CGH,9.8,325,88.3,0
14/12/2024,Saturday,KTPH,2.3,206,83.3,0
14/12/2024,Saturday,NTFGH,1.8,292,83.3,0
14/12/2024,Saturday,NUH(A),4.4,294,80.2,0
14/12/2024,Saturday,SGH,2,303,81.7,0
14/12/2024,Saturday,SKH,2.2,301,82.1,0
14/12/2024,Saturday,TTSH,4,328,93.1,0
14/12/2024,Saturday,WH,2.6,165,81.1,0
15/12/2024,Sunday,AH,1.6,70,69.3,0
15/12/2024,Sunday,CGH,10.7,329,90.1,0
15/12/2024,Sunday,KTPH,1.7,245,86,0
15/12/2024,Sunday,NTFGH,1.8,333,87.6,0
15/12/2024,Sunday,NUH(A),4.8,251,82.8,0
15/12/2024,Sunday,SGH,1.9,297,83.9,0
15/12/2024,Sunday,SKH,2.2,358,85.3,0
15/12/2024,Sunday,TTSH,3.7,317,95.7,0
15/12/2024,Sunday,WH,2.7,171,85.8,0
16/12/2024,Monday,AH,2.1,75,71.9,0
16/12/2024,Monday,CGH,18.2,467,90.1,0
16/12/2024,Monday,KTPH,3,319,91.4,0
16/12/2024,Monday,NTFGH,3,427,90.4,0
16/12/2024,Monday,NUH(A),5.6,360,84,0
16/12/2024,Monday,SGH,4.1,358,89.1,0
16/12/2024,Monday,SKH,6.3,372,86.2,0
16/12/2024,Monday,TTSH,7.5,447,95.6,0
16/12/2024,Monday,WH,3.5,240,91.5,0
17/12/2024,Tuesday,AH,2.5,51,78.9,0
17/12/2024,Tuesday,CGH,21.6,403,89.1,0
17/12/2024,Tuesday,KTPH,4.7,265,92,0
17/12/2024,Tuesday,NTFGH,3.9,335,89,0
17/12/2024,Tuesday,NUH(A),6.3,324,83.3,0
17/12/2024,Tuesday,SGH,3.8,368,88.9,0
17/12/2024,Tuesday,SKH,5.6,361,84.9,0
17/12/2024,Tuesday,TTSH,7.6,443,93.6,0
17/12/2024,Tuesday,WH,3.8,191,92,0
18/12/2024,Wednesday,AH,2,60,73.7,0
18/12/2024,Wednesday,CGH,17.5,401,89.3,0
18/12/2024,Wednesday,KTPH,4.1,275,89.6,0
18/12/2024,Wednesday,NTFGH,2.8,338,86.6,0
18/12/2024,Wednesday,NUH(A),5.6,300,83.5,0
18/12/2024,Wednesday,SGH,4.8,308,88,0
18/12/2024,Wednesday,SKH,4.5,354,83.9,0
18/12/2024,Wednesday,TTSH,6.4,379,94.8,0
18/12/2024,Wednesday,WH,3,186,89.8,0
19/12/2024,Thursday,AH,2.2,66,72.3,0
19/12/2024,Thursday,CGH,6.8,399,90.8,0
19/12/2024,Thursday,KTPH,4.5,244,84.7,0
19/12/2024,Thursday,NTFGH,1.9,350,85.9,0
19/12/2024,Thursday,NUH(A),3,275,80.4,0
19/12/2024,Thursday,SGH,3.4,309,86.4,0
19/12/2024,Thursday,SKH,5.4,350,82.3,0
19/12/2024,Thursday,TTSH,4.5,370,93.1,0
19/12/2024,Thursday,WH,3,186,80.3,0
20/12/2024,Friday,AH,1.4,55,72.6,0
20/12/2024,Friday,CGH,6.7,391,87.8,0
20/12/2024,Friday,KTPH,3.6,222,80.7,0
20/12/2024,Friday,NTFGH,2,311,79.6,0
20/12/2024,Friday,NUH(A),3.4,265,75.5,0
20/12/2024,Friday,SGH,1.5,302,80.3,0
20/12/2024,Friday,SKH,3,347,81.5,0
20/12/2024,Friday,TTSH,4.2,373,88.9,0
20/12/2024,Friday,WH,2.4,191,79.1,0
21/12/2024,Saturday,AH,1.6,50,67.4,0
21/12/2024,Saturday,CGH,5.1,330,88.4,0
21/12/2024,Saturday,KTPH,2.3,211,80.7,0
21/12/2024,Saturday,NTFGH,1.9,289,82.6,0
21/12/2024,Saturday,NUH(A),2.3,255,71.6,0
21/12/2024,Saturday,SGH,1.2,293,76.7,0
21/12/2024,Saturday,SKH,2.3,343,80.5,0
21/12/2024,Saturday,TTSH,4.2,339,88.3,0
21/12/2024,Saturday,WH,2.3,131,77.1,0
22/12/2024,Sunday,AH,1.3,64,70.2,0
22/12/2024,Sunday,CGH,7.4,322,89.2,0
22/12/2024,Sunday,KTPH,3.9,210,82.8,0
22/12/2024,Sunday,NTFGH,2,292,86.6,0
22/12/2024,Sunday,NUH(A),2.8,246,76.1,0
22/12/2024,Sunday,SGH,1.4,257,79.1,0
22/12/2024,Sunday,SKH,2.2,329,85,0
22/12/2024,Sunday,TTSH,3.8,336,92,0
22/12/2024,Sunday,WH,2.9,146,76.6,0
23/12/2024,Monday,AH,1.3,82,73,0
23/12/2024,Monday,CGH,13.5,451,88.6,0
23/12/2024,Monday,KTPH,3.1,290,83.6,0
23/12/2024,Monday,NTFGH,3.3,374,90.3,0
23/12/2024,Monday,NUH(A),3.8,338,79.2,0
23/12/2024,Monday,SGH,3.1,375,79.3,0
23/12/2024,Monday,SKH,3.1,392,86.1,0
23/12/2024,Monday,TTSH,5.3,419,92.4,0
23/12/2024,Monday,WH,2.5,138,75.4,0
24/12/2024,Tuesday,AH,1.2,68,70.5,0
24/12/2024,Tuesday,CGH,7.5,382,88.8,0
24/12/2024,Tuesday,KTPH,6.2,204,81.5,0
24/12/2024,Tuesday,NTFGH,2.9,333,87.4,0
24/12/2024,Tuesday,NUH(A),3.3,308,76,0
24/12/2024,Tuesday,SGH,1.1,319,74.8,0
24/12/2024,Tuesday,SKH,4.3,359,83.3,0
24/12/2024,Tuesday,TTSH,4.7,360,88,0
24/12/2024,Tuesday,WH,3.3,172,84.3,0
25/12/2024,Wednesday,AH,1.1,59,69.8,1
25/12/2024,Wednesday,CGH,5.3,350,89.6,1
25/12/2024,Wednesday,KTPH,4.5,221,82.9,1
25/12/2024,Wednesday,NTFGH,2.2,304,86.7,1
25/12/2024,Wednesday,NUH(A),2.8,244,77.7,1
25/12/2024,Wednesday,SGH,0.9,280,76.9,1
25/12/2024,Wednesday,SKH,2.9,327,82.9,1
25/12/2024,Wednesday,TTSH,3.2,293,91.5,1
25/12/2024,Wednesday,WH,2.2,191,77.7,1
26/12/2024,Thursday,AH,1.6,68,66,0
26/12/2024,Thursday,CGH,15.3,401,89.3,0
26/12/2024,Thursday,KTPH,4.7,274,83.5,0
26/12/2024,Thursday,NTFGH,2.2,361,92.8,0
26/12/2024,Thursday,NUH(A),3.5,345,81.9,0
26/12/2024,Thursday,SGH,2.7,397,82.5,0
26/12/2024,Thursday,SKH,2.8,406,84.2,0
26/12/2024,Thursday,TTSH,3.8,433,90.7,0
26/12/2024,Thursday,WH,2.5,207,80.1,0
27/12/2024,Friday,AH,1.4,61,69.1,0
27/12/2024,Friday,CGH,10.5,405,88.8,0
27/12/2024,Friday,KTPH,5.5,251,82.3,0
27/12/2024,Friday,NTFGH,3.1,334,88.3,0
27/12/2024,Friday,NUH(A),4.3,307,82,0
27/12/2024,Friday,SGH,2.3,294,80,0
27/12/2024,Friday,SKH,3,372,81.2,0
27/12/2024,Friday,TTSH,4.5,411,88.2,0
27/12/2024,Friday,WH,3.4,185,79.1,0
28/12/2024,Saturday,AH,1.3,49,67,0
28/12/2024,Saturday,CGH,8.3,345,87.7,0
28/12/2024,Saturday,KTPH,3.9,212,85.2,0
28/12/2024,Saturday,NTFGH,2.7,279,87.8,0
28/12/2024,Saturday,NUH(A),5.4,270,80.9,0
28/12/2024,Saturday,SGH,1.3,316,76.2,0
28/12/2024,Saturday,SKH,2.7,342,83.8,0
28/12/2024,Saturday,TTSH,3.6,306,90,0
28/12/2024,Saturday,WH,2.6,163,79.9,0
29/12/2024,Sunday,AH,1,69,71.6,0
29/12/2024,Sunday,CGH,7.8,308,87.5,0
29/12/2024,Sunday,KTPH,1.9,188,86.3,0
29/12/2024,Sunday,NTFGH,2.8,334,91.3,0
29/12/2024,Sunday,NUH(A),6.7,240,83.3,0
29/12/2024,Sunday,SGH,1.3,269,80,0
29/12/2024,Sunday,SKH,2.6,341,84.6,0
29/12/2024,Sunday,TTSH,4,362,92.7,0
29/12/2024,Sunday,WH,3,185,84.3,0
30/12/2024,Monday,AH,1.2,81,73,0
30/12/2024,Monday,CGH,18.5,439,89.4,0
30/12/2024,Monday,KTPH,2.7,267,86.4,0
30/12/2024,Monday,NTFGH,7.6,363,91.3,0
30/12/2024,Monday,NUH(A),6.7,369,83,0
30/12/2024,Monday,SGH,2.6,379,81.2,0
30/12/2024,Monday,SKH,5.2,368,83.6,0
30/12/2024,Monday,TTSH,5.4,442,91.7,0
30/12/2024,Monday,WH,3.2,211,86.8,0
31/12/2024,Tuesday,AH,1.4,68,71.6,0
31/12/2024,Tuesday,CGH,13.3,381,87.4,0
31/12/2024,Tuesday,KTPH,2.1,197,82,0
31/12/2024,Tuesday,NTFGH,3.9,301,90.3,0
31/12/2024,Tuesday,NUH(A),3.7,296,77.2,0
31/12/2024,Tuesday,SGH,1.5,300,75.5,0
31/12/2024,Tuesday,SKH,3.1,353,82.1,0
31/12/2024,Tuesday,TTSH,4.5,350,89.3,0
31/12/2024,Tuesday,WH,2.8,181,86.3,0
1/1/2025,Wednesday,AH,2.5,70,72.6,1
1/1/2025,Wednesday,CGH,6.6,394,89.5,1
1/1/2025,Wednesday,KTPH,1.7,234,84.7,1
1/1/2025,Wednesday,NTFGH,3,319,90.8,1
1/1/2025,Wednesday,NUH(A),2.5,276,80.7,1
1/1/2025,Wednesday,SGH,0.9,323,75.6,1
1/1/2025,Wednesday,SKH,1.7,393,82.5,1
1/1/2025,Wednesday,TTSH,3.4,323,92.7,1
1/1/2025,Wednesday,WH,2.6,167,85.2,1
2/1/2025,Thursday,AH,1.7,79,74.7,0
2/1/2025,Thursday,CGH,17.1,430,90.1,0
2/1/2025,Thursday,KTPH,3.6,278,84.3,0
2/1/2025,Thursday,NTFGH,5.2,391,90.7,0
2/1/2025,Thursday,NUH(A),3,342,84.3,0
2/1/2025,Thursday,SGH,2.2,389,81.8,0
2/1/2025,Thursday,SKH,3.5,384,87,0
2/1/2025,Thursday,TTSH,4.8,458,93.1,0
2/1/2025,Thursday,WH,2.7,208,85.2,0
3/1/2025,Friday,AH,1.1,67,74,0
3/1/2025,Friday,CGH,15.3,404,90.1,0
3/1/2025,Friday,KTPH,2.3,246,82.9,0
3/1/2025,Friday,NTFGH,4.7,359,90,0
3/1/2025,Friday,NUH(A),4.9,339,81.8,0
3/1/2025,Friday,SGH,2.3,337,82.6,0
3/1/2025,Friday,SKH,4.1,360,86,0
3/1/2025,Friday,TTSH,6.1,428,92.3,0
3/1/2025,Friday,WH,2.9,196,85.2,0
4/1/2025,Saturday,AH,1.7,68,74,0
4/1/2025,Saturday,CGH,15.1,351,90.8,0
4/1/2025,Saturday,KTPH,2.3,205,84.1,0
4/1/2025,Saturday,NTFGH,3.1,311,88.5,0
4/1/2025,Saturday,NUH(A),5,323,79.1,0
4/1/2025,Saturday,SGH,1.7,317,81.3,0
4/1/2025,Saturday,SKH,2.1,374,85.9,0
4/1/2025,Saturday,TTSH,5.2,405,94.2,0
4/1/2025,Saturday,WH,3,189,85.2,0
5/1/2025,Sunday,AH,1.6,83,80.7,0
5/1/2025,Sunday,CGH,7.5,353,90.3,0
5/1/2025,Sunday,KTPH,2.1,229,87,0
5/1/2025,Sunday,NTFGH,5,292,90,0
5/1/2025,Sunday,NUH(A),2.7,285,79.8,0
5/1/2025,Sunday,SGH,2.8,311,83.9,0
5/1/2025,Sunday,SKH,2.7,400,90,0
5/1/2025,Sunday,TTSH,5.6,374,97.2,0
5/1/2025,Sunday,WH,3.1,204,85.2,0
6/1/2025,Monday,AH,2.2,72,81.8,0
6/1/2025,Monday,CGH,23.3,456,91.6,0
6/1/2025,Monday,KTPH,3.8,306,89.5,0
6/1/2025,Monday,NTFGH,16.6,371,90.7,0
6/1/2025,Monday,NUH(A),5.3,388,84.6,0
6/1/2025,Monday,SGH,5.5,399,89.2,0
6/1/2025,Monday,SKH,6.4,451,89.2,0
6/1/2025,Monday,TTSH,9.1,460,95.8,0
6/1/2025,Monday,WH,4.2,247,89.8,0
7/1/2025,Tuesday,AH,1.1,62,78.6,0
7/1/2025,Tuesday,CGH,22.6,409,90.4,0
7/1/2025,Tuesday,KTPH,9.6,261,87.2,0
7/1/2025,Tuesday,NTFGH,8.2,368,89.1,0
7/1/2025,Tuesday,NUH(A),8.3,348,84.8,0
7/1/2025,Tuesday,SGH,9.4,345,90.6,0
7/1/2025,Tuesday,SKH,10.3,384,90.7,0
7/1/2025,Tuesday,TTSH,13.8,391,96.1,0
7/1/2025,Tuesday,WH,4.9,189,85.8,0
8/1/2025,Wednesday,AH,1.6,88,83.5,0
8/1/2025,Wednesday,CGH,18.5,403,89.8,0
8/1/2025,Wednesday,KTPH,4.2,280,88,0
8/1/2025,Wednesday,NTFGH,4.9,345,87.1,0
8/1/2025,Wednesday,NUH(A),5.3,311,84.5,0
8/1/2025,Wednesday,SGH,5.9,349,91.3,0
8/1/2025,Wednesday,SKH,11.4,392,91,0
8/1/2025,Wednesday,TTSH,7.6,402,94.9,0
8/1/2025,Wednesday,WH,3.5,222,91.5,0
9/1/2025,Thursday,AH,1.7,66,76.5,0
9/1/2025,Thursday,CGH,20.1,352,89.7,0
9/1/2025,Thursday,KTPH,5.8,250,85.8,0
9/1/2025,Thursday,NTFGH,2.5,321,85.1,0
9/1/2025,Thursday,NUH(A),6.9,297,84.8,0
9/1/2025,Thursday,SGH,10.7,315,93.1,0
9/1/2025,Thursday,SKH,4.2,369,90.7,0
9/1/2025,Thursday,TTSH,5.3,399,94.3,0
9/1/2025,Thursday,WH,3.6,211,88.4,0
10/1/2025,Friday,AH,1.2,56,77.9,0
10/1/2025,Friday,CGH,17.8,379,88,0
10/1/2025,Friday,KTPH,2.6,200,82.8,0
10/1/2025,Friday,NTFGH,2.9,326,82.8,0
10/1/2025,Friday,NUH(A),6.1,294,82.8,0
10/1/2025,Friday,SGH,3.9,304,88.2,0
10/1/2025,Friday,SKH,3.1,335,85.7,0
10/1/2025,Friday,TTSH,4.7,376,90.2,0
10/1/2025,Friday,WH,3.9,180,77.8,0
11/1/2025,Saturday,AH,1.4,62,70.5,0
11/1/2025,Saturday,CGH,7,363,88.1,0
11/1/2025,Saturday,KTPH,2,208,81.4,0
11/1/2025,Saturday,NTFGH,1.9,273,81,0
11/1/2025,Saturday,NUH(A),3.8,273,81.2,0
11/1/2025,Saturday,SGH,2.4,303,84.6,0
11/1/2025,Saturday,SKH,1.6,309,82.4,0
11/1/2025,Saturday,TTSH,4.3,358,91.9,0
11/1/2025,Saturday,WH,2.3,186,75.6,0
12/1/2025,Sunday,AH,1.4,64,73,0
12/1/2025,Sunday,CGH,8,360,89.1,0
12/1/2025,Sunday,KTPH,1.9,216,85.6,0
12/1/2025,Sunday,NTFGH,2.1,283,84.6,0
12/1/2025,Sunday,NUH(A),3.6,237,82.1,0
12/1/2025,Sunday,SGH,2.7,245,86.8,0
12/1/2025,Sunday,SKH,2.1,353,88.4,0
12/1/2025,Sunday,TTSH,4.7,308,93.6,0
12/1/2025,Sunday,WH,3.1,183,78.7,0
13/1/2025,Monday,AH,1.6,71,79.3,0
13/1/2025,Monday,CGH,10.5,440,88.8,0
13/1/2025,Monday,KTPH,3.4,271,87,0
13/1/2025,Monday,NTFGH,2.8,395,86.9,0
13/1/2025,Monday,NUH(A),4.6,341,86.4,0
13/1/2025,Monday,SGH,5.1,336,89,0
13/1/2025,Monday,SKH,2.7,434,90.7,0
13/1/2025,Monday,TTSH,5.7,422,92.6,0
13/1/2025,Monday,WH,3.1,197,79.8,0
14/1/2025,Tuesday,AH,1.6,66,83.2,0
14/1/2025,Tuesday,CGH,13.8,413,88.4,0
14/1/2025,Tuesday,KTPH,2.8,266,88.2,0
14/1/2025,Tuesday,NTFGH,3.2,368,86.1,0
14/1/2025,Tuesday,NUH(A),6.4,326,86.4,0
14/1/2025,Tuesday,SGH,3.8,314,89.9,0
14/1/2025,Tuesday,SKH,2.7,362,89,0
14/1/2025,Tuesday,TTSH,4.4,382,90,0
14/1/2025,Tuesday,WH,2.8,197,83.9,0
15/1/2025,Wednesday,AH,2,60,86.3,0
15/1/2025,Wednesday,CGH,14.5,405,89.2,0
15/1/2025,Wednesday,KTPH,3.4,230,89,0
15/1/2025,Wednesday,NTFGH,3,362,88.6,0
15/1/2025,Wednesday,NUH(A),6.1,286,84.6,0
15/1/2025,Wednesday,SGH,6.7,333,89.1,0
15/1/2025,Wednesday,SKH,2.2,349,85.4,0
15/1/2025,Wednesday,TTSH,3.9,369,88.4,0
15/1/2025,Wednesday,WH,2.5,175,80.6,0
16/1/2025,Thursday,AH,1.1,70,82.5,0
16/1/2025,Thursday,CGH,18,380,89.3,0
16/1/2025,Thursday,KTPH,3,236,85.6,0
16/1/2025,Thursday,NTFGH,5.2,354,89.7,0
16/1/2025,Thursday,NUH(A),3.4,317,84.4,0
16/1/2025,Thursday,SGH,5.8,329,88.8,0
16/1/2025,Thursday,SKH,1.8,358,81.5,0
16/1/2025,Thursday,TTSH,4.4,411,89.1,0
16/1/2025,Thursday,WH,2.9,179,82,0
17/1/2025,Friday,AH,1.3,57,75.4,0
17/1/2025,Friday,CGH,13.2,369,85.4,0
17/1/2025,Friday,KTPH,2.5,234,82.5,0
17/1/2025,Friday,NTFGH,3.2,322,87.1,0
17/1/2025,Friday,NUH(A),3.7,305,82.6,0
17/1/2025,Friday,SGH,5,308,85.3,0
17/1/2025,Friday,SKH,1.9,328,79.2,0
17/1/2025,Friday,TTSH,5,363,86.3,0
17/1/2025,Friday,WH,2.7,195,79.6,0
18/1/2025,Saturday,AH,1.6,58,73.7,0
18/1/2025,Saturday,CGH,10.8,355,87,0
18/1/2025,Saturday,KTPH,2.2,200,81.6,0
18/1/2025,Saturday,NTFGH,2.1,284,85.5,0
18/1/2025,Saturday,NUH(A),3.4,286,82.1,0
18/1/2025,Saturday,SGH,1.9,311,81.1,0
18/1/2025,Saturday,SKH,1.8,315,77.9,0
18/1/2025,Saturday,TTSH,3.6,339,89.9,0
18/1/2025,Saturday,WH,2.6,172,77.7,0
19/1/2025,Sunday,AH,1.4,55,76.8,0
19/1/2025,Sunday,CGH,8.1,360,87.8,0
19/1/2025,Sunday,KTPH,2.2,231,85.5,0
19/1/2025,Sunday,NTFGH,2.9,333,91.8,0
19/1/2025,Sunday,NUH(A),3.1,233,81.5,0
19/1/2025,Sunday,SGH,2,260,83.7,0
19/1/2025,Sunday,SKH,2.1,340,80.9,0
19/1/2025,Sunday,TTSH,4.4,349,93.5,0
19/1/2025,Sunday,WH,2.7,175,82,0
20/1/2025,Monday,AH,1.5,78,75.4,0
20/1/2025,Monday,CGH,13.4,482,88.3,0
20/1/2025,Monday,KTPH,4,295,89.6,0
20/1/2025,Monday,NTFGH,5.3,420,91.9,0
20/1/2025,Monday,NUH(A),4.7,372,84.9,0
20/1/2025,Monday,SGH,3.3,397,87.5,0
20/1/2025,Monday,SKH,2.8,426,85.5,0
20/1/2025,Monday,TTSH,8.8,442,94,0
20/1/2025,Monday,WH,3.4,244,88.4,0
21/1/2025,Tuesday,AH,1.3,65,82.5,0
21/1/2025,Tuesday,CGH,16.4,409,88.7,0
21/1/2025,Tuesday,KTPH,8.9,231,90.7,0
21/1/2025,Tuesday,NTFGH,11,356,94.4,0
21/1/2025,Tuesday,NUH(A),5,323,84.3,0
21/1/2025,Tuesday,SGH,6.2,338,88.3,0
21/1/2025,Tuesday,SKH,4.6,401,90.2,0
21/1/2025,Tuesday,TTSH,12.6,381,92.3,0
21/1/2025,Tuesday,WH,3.3,217,88.4,0
22/1/2025,Wednesday,AH,1.4,61,80.4,0
22/1/2025,Wednesday,CGH,16.5,411,88.6,0
22/1/2025,Wednesday,KTPH,4.1,253,86.6,0
22/1/2025,Wednesday,NTFGH,6.6,371,89.8,0
22/1/2025,Wednesday,NUH(A),5,327,84.3,0
22/1/2025,Wednesday,SGH,2.8,279,86,0
22/1/2025,Wednesday,SKH,3.7,388,90.9,0
22/1/2025,Wednesday,TTSH,8.5,421,92.4,0
22/1/2025,Wednesday,WH,2.5,199,82.7,0
23/1/2025,Thursday,AH,1.1,61,78.9,0
23/1/2025,Thursday,CGH,17,394,89.1,0
23/1/2025,Thursday,KTPH,3.3,235,84.1,0
23/1/2025,Thursday,NTFGH,4.1,303,88.4,0
23/1/2025,Thursday,NUH(A),5.9,283,84.2,0
23/1/2025,Thursday,SGH,2.7,343,85.3,0
23/1/2025,Thursday,SKH,2.8,356,88.3,0
23/1/2025,Thursday,TTSH,7.1,332,91.8,0
23/1/2025,Thursday,WH,2.7,174,79.1,0
24/1/2025,Friday,AH,1.4,48,72.3,0
24/1/2025,Friday,CGH,7.9,412,87.6,0
24/1/2025,Friday,KTPH,2.6,244,79.1,0
24/1/2025,Friday,NTFGH,2.2,305,83.7,0
24/1/2025,Friday,NUH(A),5.4,309,79.8,0
24/1/2025,Friday,SGH,2.1,323,79.1,0
24/1/2025,Friday,SKH,2.5,342,84.1,0
24/1/2025,Friday,TTSH,5,366,86.6,0
24/1/2025,Friday,WH,2.9,191,70.6,0
25/1/2025,Saturday,AH,0.8,63,66.3,0
25/1/2025,Saturday,CGH,7.2,338,89.4,0
25/1/2025,Saturday,KTPH,2.4,206,78.2,0
25/1/2025,Saturday,NTFGH,1.7,319,84.7,0
25/1/2025,Saturday,NUH(A),3,279,76.5,0
25/1/2025,Saturday,SGH,1.3,302,78.2,0
25/1/2025,Saturday,SKH,1.6,320,81.4,0
25/1/2025,Saturday,TTSH,4.3,365,86.9,0
25/1/2025,Saturday,WH,2.5,178,72.3,0
26/1/2025,Sunday,AH,1,54,70.2,0
26/1/2025,Sunday,CGH,4.1,341,90.1,0
26/1/2025,Sunday,KTPH,2.1,221,83.2,0
26/1/2025,Sunday,NTFGH,1.6,316,88.8,0
26/1/2025,Sunday,NUH(A),2.1,260,78.2,0
26/1/2025,Sunday,SGH,0.9,259,79.3,0
26/1/2025,Sunday,SKH,1.6,347,84.3,0
26/1/2025,Sunday,TTSH,4.4,361,89.3,0
26/1/2025,Sunday,WH,2.7,161,75.6,0
27/1/2025,Monday,AH,0.8,59,65.6,0
27/1/2025,Monday,CGH,14.2,447,87,0
27/1/2025,Monday,KTPH,2.6,252,83.2,0
27/1/2025,Monday,NTFGH,3.4,358,85.7,0
27/1/2025,Monday,NUH(A),3.1,333,78.9,0
27/1/2025,Monday,SGH,2.1,319,77.9,0
27/1/2025,Monday,SKH,2.2,364,79.6,0
27/1/2025,Monday,TTSH,4.8,385,84.9,0
27/1/2025,Monday,WH,2.6,195,77.5,0
28/1/2025,Tuesday,AH,0.9,62,55.1,0
28/1/2025,Tuesday,CGH,6.5,358,82.7,0
28/1/2025,Tuesday,KTPH,1.8,197,76.7,0
28/1/2025,Tuesday,NTFGH,1.8,257,77.5,0
28/1/2025,Tuesday,NUH(A),2.8,243,67.1,0
28/1/2025,Tuesday,SGH,1,277,70.4,0
28/1/2025,Tuesday,SKH,1.5,316,71.7,0
28/1/2025,Tuesday,TTSH,4.5,348,77.1,0
28/1/2025,Tuesday,WH,2.7,167,71.3,0
29/1/2025,Wednesday,AH,1.1,63,55.1,1
29/1/2025,Wednesday,CGH,1.3,344,84.9,1
29/1/2025,Wednesday,KTPH,2.2,175,76.7,1
29/1/2025,Wednesday,NTFGH,1.5,257,80.7,1
29/1/2025,Wednesday,NUH(A),1.8,202,64.8,1
29/1/2025,Wednesday,SGH,0.9,254,71.5,1
29/1/2025,Wednesday,SKH,1.5,273,71.3,1
29/1/2025,Wednesday,TTSH,4,295,80,1
29/1/2025,Wednesday,WH,2.6,164,78,1
30/1/2025,Thursday,AH,1.2,91,60,1
30/1/2025,Thursday,CGH,3,338,88.2,1
30/1/2025,Thursday,KTPH,2,245,81.4,1
30/1/2025,Thursday,NTFGH,2.3,279,87,1
30/1/2025,Thursday,NUH(A),1.9,262,68.9,1
30/1/2025,Thursday,SGH,0.9,295,72.1,1
30/1/2025,Thursday,SKH,1.8,335,76.4,1
30/1/2025,Thursday,TTSH,3.9,331,85.5,1
30/1/2025,Thursday,WH,2.5,203,86.3,1
31/1/2025,Friday,AH,0.9,69,71.2,0
31/1/2025,Friday,CGH,4.7,432,85.4,0
31/1/2025,Friday,KTPH,2.7,258,84.6,0
31/1/2025,Friday,NTFGH,2.5,345,86.2,0
31/1/2025,Friday,NUH(A),2.4,367,73.9,0
31/1/2025,Friday,SGH,1.5,356,76.7,0
31/1/2025,Friday,SKH,2.3,402,80.8,0
31/1/2025,Friday,TTSH,4.7,487,88.4,0
31/1/2025,Friday,WH,3,227,89.6,0
1/2/2025,Saturday,AH,0.8,61,68.1,0
1/2/2025,Saturday,CGH,4.8,340,87,0
1/2/2025,Saturday,KTPH,3.3,212,84.7,0
1/2/2025,Saturday,NTFGH,2.7,287,87.1,0
1/2/2025,Saturday,NUH(A),3.2,273,75.4,0
1/2/2025,Saturday,SGH,1.6,305,76.6,0
1/2/2025,Saturday,SKH,1.7,328,81.6,0
1/2/2025,Saturday,TTSH,6,350,93.6,0
1/2/2025,Saturday,WH,4.6,174,92.4,0
2/2/2025,Sunday,AH,0.8,81,74,0
2/2/2025,Sunday,CGH,3.4,401,89.2,0
2/2/2025,Sunday,KTPH,2.8,196,89.4,0
2/2/2025,Sunday,NTFGH,2.8,351,90.2,0
2/2/2025,Sunday,NUH(A),2.7,274,79.1,0
2/2/2025,Sunday,SGH,2.7,299,80.9,0
2/2/2025,Sunday,SKH,2.4,401,86.9,0
2/2/2025,Sunday,TTSH,5.1,374,95.7,0
2/2/2025,Sunday,WH,5.8,182,92.4,0
3/2/2025,Monday,AH,1.8,77,82.8,0
3/2/2025,Monday,CGH,12.7,492,89.7,0
3/2/2025,Monday,KTPH,4.4,297,92.4,0
3/2/2025,Monday,NTFGH,4,391,90.7,0
3/2/2025,Monday,NUH(A),4.7,386,83.6,0
3/2/2025,Monday,SGH,4.3,372,84.7,0
3/2/2025,Monday,SKH,3.5,484,91.2,0
3/2/2025,Monday,TTSH,10.8,478,99.6,0
3/2/2025,Monday,WH,4.5,256,82.9,0
4/2/2025,Tuesday,AH,2.7,74,83.9,0
4/2/2025,Tuesday,CGH,13.8,433,88,0
4/2/2025,Tuesday,KTPH,8.5,291,92.7,0
4/2/2025,Tuesday,NTFGH,6.2,374,90.8,0
4/2/2025,Tuesday,NUH(A),5.6,366,87.9,0
4/2/2025,Tuesday,SGH,6.3,372,89.4,0
4/2/2025,Tuesday,SKH,9,421,90.9,0
4/2/2025,Tuesday,TTSH,14.4,409,96.5,0
4/2/2025,Tuesday,WH,5.1,192,83.6,0
5/2/2025,Wednesday,AH,1.8,84,80.4,0
5/2/2025,Wednesday,CGH,18.7,421,89,0
5/2/2025,Wednesday,KTPH,11.4,258,91.6,0
5/2/2025,Wednesday,NTFGH,6.8,399,89.7,0
5/2/2025,Wednesday,NUH(A),7.3,330,86.9,0
5/2/2025,Wednesday,SGH,3.7,357,90.9,0
5/2/2025,Wednesday,SKH,9.3,381,91.9,0
5/2/2025,Wednesday,TTSH,11.9,438,95.1,0
5/2/2025,Wednesday,WH,3.7,232,77.5,0
6/2/2025,Thursday,AH,1.4,67,78.6,0
6/2/2025,Thursday,CGH,13.3,413,86.4,0
6/2/2025,Thursday,KTPH,7.1,259,90.2,0
6/2/2025,Thursday,NTFGH,5.7,310,89,0
6/2/2025,Thursday,NUH(A),6.1,359,88.4,0
6/2/2025,Thursday,SGH,8,344,90.7,0
6/2/2025,Thursday,SKH,6.3,423,91.8,0
6/2/2025,Thursday,TTSH,10.8,403,95.9,0
6/2/2025,Thursday,WH,3.5,222,76.8,0
7/2/2025,Friday,AH,1.4,63,74,0
7/2/2025,Friday,CGH,18.3,385,85.5,0
7/2/2025,Friday,KTPH,7.5,248,88.2,0
7/2/2025,Friday,NTFGH,4.3,333,88.5,0
7/2/2025,Friday,NUH(A),6.3,316,87.6,0
7/2/2025,Friday,SGH,5.7,321,85.4,0
7/2/2025,Friday,SKH,7.1,380,88.5,0
7/2/2025,Friday,TTSH,9.1,385,93.8,0
7/2/2025,Friday,WH,3.3,199,73.6,0
8/2/2025,Saturday,AH,0.9,64,75.4,0
8/2/2025,Saturday,CGH,9.7,389,87.2,0
8/2/2025,Saturday,KTPH,6.9,222,87.6,0
8/2/2025,Saturday,NTFGH,2.9,304,88.4,0
8/2/2025,Saturday,NUH(A),5.4,270,83.1,0
8/2/2025,Saturday,SGH,2.2,299,80.9,0
8/2/2025,Saturday,SKH,5.1,344,91.8,0
8/2/2025,Saturday,TTSH,6.7,325,96.7,0
8/2/2025,Saturday,WH,2.6,165,73.8,0
9/2/2025,Sunday,AH,1.4,60,76.1,0
9/2/2025,Sunday,CGH,13.4,365,88.1,0
9/2/2025,Sunday,KTPH,4.6,224,89.2,0
9/2/2025,Sunday,NTFGH,3.2,312,90.7,0
9/2/2025,Sunday,NUH(A),3.5,290,85.4,0
9/2/2025,Sunday,SGH,3,311,84.7,0
9/2/2025,Sunday,SKH,4.4,373,92.9,0
9/2/2025,Sunday,TTSH,5,362,98.3,0
9/2/2025,Sunday,WH,3.4,192,81.4,0
10/2/2025,Monday,AH,1.5,93,84.2,0
10/2/2025,Monday,CGH,17.9,490,88.5,0
10/2/2025,Monday,KTPH,10.4,298,91.6,0
10/2/2025,Monday,NTFGH,6,421,91.3,0
10/2/2025,Monday,NUH(A),6.9,389,89.5,0
10/2/2025,Monday,SGH,4,402,87.9,0
10/2/2025,Monday,SKH,10.9,490,93.2,0
10/2/2025,Monday,TTSH,14.2,442,97.6,0
10/2/2025,Monday,WH,3.9,292,83.3,0
11/2/2025,Tuesday,AH,1.7,82,83.2,0
11/2/2025,Tuesday,CGH,25.1,411,89.2,0
11/2/2025,Tuesday,KTPH,16.2,253,91.7,0
11/2/2025,Tuesday,NTFGH,10,372,90,0
11/2/2025,Tuesday,NUH(A),9.3,328,88.3,0
11/2/2025,Tuesday,SGH,7.5,370,91.3,0
11/2/2025,Tuesday,SKH,12.6,378,92,0
11/2/2025,Tuesday,TTSH,10.5,398,95.4,0
11/2/2025,Tuesday,WH,5,230,87,0
12/2/2025,Wednesday,AH,1.7,79,80.7,0
12/2/2025,Wednesday,CGH,14,417,89,0
12/2/2025,Wednesday,KTPH,9.1,232,90.1,0
12/2/2025,Wednesday,NTFGH,4.2,396,88,0
12/2/2025,Wednesday,NUH(A),7.3,320,89.8,0
12/2/2025,Wednesday,SGH,4.6,341,91.4,0
12/2/2025,Wednesday,SKH,11.4,374,90.6,0
12/2/2025,Wednesday,TTSH,9.7,377,94.2,0
12/2/2025,Wednesday,WH,3.3,196,78.3,0
13/2/2025,Thursday,AH,1.1,65,81.4,0
13/2/2025,Thursday,CGH,14.5,401,88.7,0
13/2/2025,Thursday,KTPH,3.9,252,89.3,0
13/2/2025,Thursday,NTFGH,4.2,377,85.9,0
13/2/2025,Thursday,NUH(A),9.4,317,89.4,0
13/2/2025,Thursday,SGH,11.5,333,91.8,0
13/2/2025,Thursday,SKH,6,364,88,0
13/2/2025,Thursday,TTSH,4.9,382,92.9,0
13/2/2025,Thursday,WH,2.5,204,75.6,0
14/2/2025,Friday,AH,2,78,79.3,0
14/2/2025,Friday,CGH,8.2,421,88,0
14/2/2025,Friday,KTPH,3,248,89.9,0
14/2/2025,Friday,NTFGH,2.4,347,86.6,0
14/2/2025,Friday,NUH(A),8.3,321,88.8,0
14/2/2025,Friday,SGH,6.9,354,88.5,0
14/2/2025,Friday,SKH,3.7,325,85,0
14/2/2025,Friday,TTSH,5.5,374,90.1,0
14/2/2025,Friday,WH,3,178,72.1,0
15/2/2025,Saturday,AH,1.6,74,76.8,0
15/2/2025,Saturday,CGH,12.5,318,87.5,0
15/2/2025,Saturday,KTPH,2,212,87.6,0
15/2/2025,Saturday,NTFGH,2.8,320,85.9,0
15/2/2025,Saturday,NUH(A),6.4,255,85.1,0
15/2/2025,Saturday,SGH,3.4,291,84.9,0
15/2/2025,Saturday,SKH,1.8,326,85.7,0
15/2/2025,Saturday,TTSH,3.9,349,90.3,0
15/2/2025,Saturday,WH,2.5,152,70.1,0
16/2/2025,Sunday,AH,1.2,67,78.9,0
16/2/2025,Sunday,CGH,6.4,389,88.3,0
16/2/2025,Sunday,KTPH,2.7,207,91.2,0
16/2/2025,Sunday,NTFGH,2,324,87.9,0
16/2/2025,Sunday,NUH(A),7.2,312,84.4,0
16/2/2025,Sunday,SGH,5.2,331,86.8,0
16/2/2025,Sunday,SKH,2.6,373,88.1,0
16/2/2025,Sunday,TTSH,5.5,349,95.1,0
16/2/2025,Sunday,WH,3.3,169,73.2,0
17/2/2025,Monday,AH,1.1,88,78.9,0
17/2/2025,Monday,CGH,17.3,469,88.4,0
17/2/2025,Monday,KTPH,4.2,287,93,0
17/2/2025,Monday,NTFGH,5.2,400,87.6,0
17/2/2025,Monday,NUH(A),5.8,356,88.4,0
17/2/2025,Monday,SGH,6.9,373,92.3,0
17/2/2025,Monday,SKH,5.5,453,92.9,0
17/2/2025,Monday,TTSH,7,462,95.9,0
17/2/2025,Monday,WH,2.8,240,76.2,0
18/2/2025,Tuesday,AH,1,75,82.1,0
18/2/2025,Tuesday,CGH,18.6,389,88.1,0
18/2/2025,Tuesday,KTPH,5.7,254,93.8,0
18/2/2025,Tuesday,NTFGH,7.2,354,89.4,0
18/2/2025,Tuesday,NUH(A),6.6,324,87.7,0
18/2/2025,Tuesday,SGH,8.9,355,92.1,0
18/2/2025,Tuesday,SKH,11.9,364,89.4,0
18/2/2025,Tuesday,TTSH,10.5,377,96.4,0
18/2/2025,Tuesday,WH,3.7,226,77.3,0
19/2/2025,Wednesday,AH,2.3,70,81.8,0
19/2/2025,Wednesday,CGH,9.4,391,87.9,0
19/2/2025,Wednesday,KTPH,5.6,236,91.2,0
19/2/2025,Wednesday,NTFGH,3.4,339,86.6,0
19/2/2025,Wednesday,NUH(A),6,334,87.4,0
19/2/2025,Wednesday,SGH,10.8,316,92.3,0
19/2/2025,Wednesday,SKH,7.3,402,89.9,0
19/2/2025,Wednesday,TTSH,8,374,95.3,0
19/2/2025,Wednesday,WH,3.4,218,77.8,0
20/2/2025,Thursday,AH,1.2,79,74.4,0
20/2/2025,Thursday,CGH,11.5,416,86.2,0
20/2/2025,Thursday,KTPH,4.2,254,91.2,0
20/2/2025,Thursday,NTFGH,3.1,316,87.6,0
20/2/2025,Thursday,NUH(A),6.9,302,87.3,0
20/2/2025,Thursday,SGH,7.1,317,89.8,0
20/2/2025,Thursday,SKH,5.4,336,91,0
20/2/2025,Thursday,TTSH,5.3,387,96.2,0
20/2/2025,Thursday,WH,2.6,194,75.5,0
21/2/2025,Friday,AH,1.1,53,68.1,0
21/2/2025,Friday,CGH,10.7,407,86.6,0
21/2/2025,Friday,KTPH,2.7,222,90,0
21/2/2025,Friday,NTFGH,2.1,326,85.5,0
21/2/2025,Friday,NUH(A),6.9,304,85.8,0
21/2/2025,Friday,SGH,6.1,329,86,0
21/2/2025,Friday,SKH,4.9,351,88.4,0
21/2/2025,Friday,TTSH,5.4,352,92.9,0
21/2/2025,Friday,WH,3.3,201,73.3,0
22/2/2025,Saturday,AH,1.5,65,66,0
22/2/2025,Saturday,CGH,9,345,85.6,0
22/2/2025,Saturday,KTPH,2.2,201,88.7,0
22/2/2025,Saturday,NTFGH,1.8,258,83.6,0
22/2/2025,Saturday,NUH(A),4.8,299,82.8,0
22/2/2025,Saturday,SGH,2.3,313,82.6,0
22/2/2025,Saturday,SKH,3,300,87.1,0
22/2/2025,Saturday,TTSH,4.4,317,93.9,0
22/2/2025,Saturday,WH,2.3,164,67.8,0
23/2/2025,Sunday,AH,1.1,69,69.1,0
23/2/2025,Sunday,CGH,8.2,344,87.2,0
23/2/2025,Sunday,KTPH,2,238,90.6,0
23/2/2025,Sunday,NTFGH,2,314,89,0
23/2/2025,Sunday,NUH(A),4.8,260,83.5,0
23/2/2025,Sunday,SGH,3.4,281,85.9,0
23/2/2025,Sunday,SKH,3.7,362,87.8,0
23/2/2025,Sunday,TTSH,5.8,341,95.4,0
23/2/2025,Sunday,WH,2.7,187,74.7,0
24/2/2025,Monday,AH,1.5,76,76.1,0
24/2/2025,Monday,CGH,7.1,474,89.2,0
24/2/2025,Monday,KTPH,4.1,345,90.6,0
24/2/2025,Monday,NTFGH,4.2,400,88.8,0
24/2/2025,Monday,NUH(A),5.7,379,86.3,0
24/2/2025,Monday,SGH,9.4,390,91.9,0
24/2/2025,Monday,SKH,4.6,431,90.5,0
24/2/2025,Monday,TTSH,5.1,466,95.8,0
24/2/2025,Monday,WH,3.3,248,78.4,0
25/2/2025,Tuesday,AH,0.8,84,78.6,0
25/2/2025,Tuesday,CGH,13.8,416,89.6,0
25/2/2025,Tuesday,KTPH,7.3,255,90,0
25/2/2025,Tuesday,NTFGH,4.4,340,87.9,0
25/2/2025,Tuesday,NUH(A),7.3,338,90.2,0
25/2/2025,Tuesday,SGH,13.8,332,94.3,0
25/2/2025,Tuesday,SKH,5.9,368,92.8,0
25/2/2025,Tuesday,TTSH,7.1,343,94.4,0
25/2/2025,Tuesday,WH,3.4,226,79,0
26/2/2025,Wednesday,AH,1.5,76,79.3,0
26/2/2025,Wednesday,CGH,10.3,415,88.9,0
26/2/2025,Wednesday,KTPH,4.5,269,88.4,0
26/2/2025,Wednesday,NTFGH,6.7,366,87.3,0
26/2/2025,Wednesday,NUH(A),5.2,289,88.5,0
26/2/2025,Wednesday,SGH,8.1,340,93,0
26/2/2025,Wednesday,SKH,9.3,361,91.7,0
26/2/2025,Wednesday,TTSH,4.9,375,95.4,0
26/2/2025,Wednesday,WH,2.9,212,76.3,0
27/2/2025,Thursday,AH,1.4,63,76.5,0
27/2/2025,Thursday,CGH,15.3,392,89.2,0
27/2/2025,Thursday,KTPH,3.3,230,84,0
27/2/2025,Thursday,NTFGH,6.6,338,87.1,0
27/2/2025,Thursday,NUH(A),4.3,331,86.7,0
27/2/2025,Thursday,SGH,10.7,328,92.8,0
27/2/2025,Thursday,SKH,7.2,318,87.6,0
27/2/2025,Thursday,TTSH,4.9,381,92.2,0
27/2/2025,Thursday,WH,2.7,191,75.1,0
28/2/2025,Friday,AH,1.8,71,73.3,0
28/2/2025,Friday,CGH,10.6,388,87.7,0
28/2/2025,Friday,KTPH,2,257,82.5,0
28/2/2025,Friday,NTFGH,2.3,358,84.3,0
28/2/2025,Friday,NUH(A),6.2,312,85,0
28/2/2025,Friday,SGH,6.7,306,89.9,0
28/2/2025,Friday,SKH,4.2,355,86.5,0
28/2/2025,Friday,TTSH,4,348,89.3,0
28/2/2025,Friday,WH,3.1,204,70.3,0
1/3/2025,Saturday,AH,1.3,54,68.8,0
1/3/2025,Saturday,CGH,13.8,344,86.5,0
1/3/2025,Saturday,KTPH,1.9,235,83.9,0
1/3/2025,Saturday,NTFGH,2.2,319,85,0
1/3/2025,Saturday,NUH(A),4.5,261,79.6,0
1/3/2025,Saturday,SGH,4.7,280,87.6,0
1/3/2025,Saturday,SKH,2.5,344,85.6,0
1/3/2025,Saturday,TTSH,3.7,319,88.5,0
1/3/2025,Saturday,WH,2.9,155,71.6,0
2/3/2025,Sunday,AH,1.5,65,71.9,0
2/3/2025,Sunday,CGH,4.5,352,89,0
2/3/2025,Sunday,KTPH,1.7,225,86.8,0
2/3/2025,Sunday,NTFGH,3,288,88.1,0
2/3/2025,Sunday,NUH(A),3,262,83,0
2/3/2025,Sunday,SGH,7.6,299,89.6,0
2/3/2025,Sunday,SKH,2.2,348,87.5,0
2/3/2025,Sunday,TTSH,3.7,328,94,0
2/3/2025,Sunday,WH,3,198,76.1,0
3/3/2025,Monday,AH,1.4,78,73.3,0
3/3/2025,Monday,CGH,17,461,90,0
3/3/2025,Monday,KTPH,2.5,309,92,0
3/3/2025,Monday,NTFGH,10,371,89.7,0
3/3/2025,Monday,NUH(A),6,371,85.9,0
3/3/2025,Monday,SGH,6.7,359,91.4,0
3/3/2025,Monday,SKH,3.9,421,87.8,0
3/3/2025,Monday,TTSH,5.9,408,96.9,0
3/3/2025,Monday,WH,3.4,224,77,0
4/3/2025,Tuesday,AH,1,60,73.3,0
4/3/2025,Tuesday,CGH,16,436,89.3,0
4/3/2025,Tuesday,KTPH,3.9,252,91.4,0
4/3/2025,Tuesday,NTFGH,14.4,308,88.3,0
4/3/2025,Tuesday,NUH(A),6.2,323,88.1,0
4/3/2025,Tuesday,SGH,5.9,334,88.3,0
4/3/2025,Tuesday,SKH,5.1,396,88.7,0
4/3/2025,Tuesday,TTSH,7.4,363,94.2,0
4/3/2025,Tuesday,WH,2.8,204,68.5,0
5/3/2025,Wednesday,AH,1.3,63,68.4,0
5/3/2025,Wednesday,CGH,19.9,401,88.9,0
5/3/2025,Wednesday,KTPH,5.8,215,87.5,0
5/3/2025,Wednesday,NTFGH,10.8,348,88.8,0
5/3/2025,Wednesday,NUH(A),6.5,317,86.8,0
5/3/2025,Wednesday,SGH,7.8,343,90.5,0
5/3/2025,Wednesday,SKH,5.4,374,88.1,0
5/3/2025,Wednesday,TTSH,7.3,406,93.7,0
5/3/2025,Wednesday,WH,2.8,199,66,0
6/3/2025,Thursday,AH,1.6,65,71.9,0
6/3/2025,Thursday,CGH,7,360,89.1,0
6/3/2025,Thursday,KTPH,2.3,245,86,0
6/3/2025,Thursday,NTFGH,3.9,350,87.4,0
6/3/2025,Thursday,NUH(A),6,298,85.9,0
6/3/2025,Thursday,SGH,4.9,304,89.2,0
6/3/2025,Thursday,SKH,4.8,352,89.3,0
6/3/2025,Thursday,TTSH,6.5,361,93.3,0
6/3/2025,Thursday,WH,2.9,204,67,0
7/3/2025,Friday,AH,1.1,67,66.3,0
7/3/2025,Friday,CGH,15.1,350,86.8,0
7/3/2025,Friday,KTPH,1.9,241,83,0
7/3/2025,Friday,NTFGH,2.1,302,83.6,0
7/3/2025,Friday,NUH(A),5.3,287,84.9,0
7/3/2025,Friday,SGH,2.3,283,81.6,0
7/3/2025,Friday,SKH,3.1,369,90.3,0
7/3/2025,Friday,TTSH,5.3,398,92,0
7/3/2025,Friday,WH,3,202,63.7,0
8/3/2025,Saturday,AH,0.6,43,64.9,0
8/3/2025,Saturday,CGH,9.3,307,85.9,0
8/3/2025,Saturday,KTPH,1.7,193,81.8,0
8/3/2025,Saturday,NTFGH,1.6,292,83.1,0
8/3/2025,Saturday,NUH(A),2.9,252,79.3,0
8/3/2025,Saturday,SGH,1.4,296,77.9,0
8/3/2025,Saturday,SKH,2.4,307,88.9,0
8/3/2025,Saturday,TTSH,4.5,305,92.6,0
8/3/2025,Saturday,WH,2.4,178,63.6,0
9/3/2025,Sunday,AH,1.2,70,68.1,0
9/3/2025,Sunday,CGH,9.4,331,87.8,0
9/3/2025,Sunday,KTPH,2,217,84.6,0
9/3/2025,Sunday,NTFGH,1.5,276,86.5,0
9/3/2025,Sunday,NUH(A),2.7,262,80.8,0
9/3/2025,Sunday,SGH,2,276,79.6,0
9/3/2025,Sunday,SKH,2.2,288,86.3,0
9/3/2025,Sunday,TTSH,4.9,290,94.7,0
9/3/2025,Sunday,WH,2.7,174,65.7,0
10/3/2025,Monday,AH,1.5,94,74,0
10/3/2025,Monday,CGH,14.8,456,87.3,0
10/3/2025,Monday,KTPH,2.2,284,87.7,0
10/3/2025,Monday,NTFGH,2.8,395,88.8,0
10/3/2025,Monday,NUH(A),3.7,342,83.8,0
10/3/2025,Monday,SGH,3.3,390,84.7,0
10/3/2025,Monday,SKH,3.3,420,90.6,0
10/3/2025,Monday,TTSH,5.6,432,95.3,0
10/3/2025,Monday,WH,2.8,245,70.2,0
11/3/2025,Tuesday,AH,0.9,61,72.3,0
11/3/2025,Tuesday,CGH,14.5,375,87.1,0
11/3/2025,Tuesday,KTPH,3.9,181,87.6,0
11/3/2025,Tuesday,NTFGH,3,351,87,0
11/3/2025,Tuesday,NUH(A),4.2,327,84.2,0
11/3/2025,Tuesday,SGH,3,325,82.2,0
11/3/2025,Tuesday,SKH,6.2,402,90.6,0
11/3/2025,Tuesday,TTSH,5.2,389,95.4,0
11/3/2025,Tuesday,WH,2.6,182,68.7,0
12/3/2025,Wednesday,AH,0.8,63,67.4,0
12/3/2025,Wednesday,CGH,15.1,351,86,0
12/3/2025,Wednesday,KTPH,2.8,217,86.9,0
12/3/2025,Wednesday,NTFGH,4,362,84.3,0
12/3/2025,Wednesday,NUH(A),7.3,303,83.7,0
12/3/2025,Wednesday,SGH,2,325,81.5,0
12/3/2025,Wednesday,SKH,10.9,390,90,0
12/3/2025,Wednesday,TTSH,5.1,344,94.3,0
12/3/2025,Wednesday,WH,2.2,191,65.5,0
13/3/2025,Thursday,AH,1.4,72,60.4,0
13/3/2025,Thursday,CGH,8.3,344,87.8,0
13/3/2025,Thursday,KTPH,2.1,242,85.8,0
13/3/2025,Thursday,NTFGH,2.9,349,83.7,0
13/3/2025,Thursday,NUH(A),5.7,283,82.5,0
13/3/2025,Thursday,SGH,2.3,343,80.8,0
13/3/2025,Thursday,SKH,9.5,350,89.8,0
13/3/2025,Thursday,TTSH,5.2,375,92.7,0
13/3/2025,Thursday,WH,2.5,196,61.6,0
14/3/2025,Friday,AH,1.6,55,57.5,0
14/3/2025,Friday,CGH,2.9,367,84.3,0
14/3/2025,Friday,KTPH,1.8,223,81.5,0
14/3/2025,Friday,NTFGH,1.8,291,79.8,0
14/3/2025,Friday,NUH(A),5.2,281,80.4,0
14/3/2025,Friday,SGH,2.3,319,80.3,0
14/3/2025,Friday,SKH,7,334,88.1,0
14/3/2025,Friday,TTSH,4.5,345,89.2,0
14/3/2025,Friday,WH,2.6,192,58.6,0
15/3/2025,Saturday,AH,1.4,49,55.4,0
15/3/2025,Saturday,CGH,1.6,338,85.8,0
15/3/2025,Saturday,KTPH,1.8,186,81.7,0
15/3/2025,Saturday,NTFGH,1.7,301,79.2,0
15/3/2025,Saturday,NUH(A),3.5,202,76.3,0
15/3/2025,Saturday,SGH,1.7,297,76.5,0
15/3/2025,Saturday,SKH,3,310,85.8,0
15/3/2025,Saturday,TTSH,3.5,328,89.1,0
15/3/2025,Saturday,WH,2.4,179,59.7,0
16/3/2025,Sunday,AH,1,62,57.5,0
16/3/2025,Sunday,CGH,2.2,308,87.1,0
16/3/2025,Sunday,KTPH,1.9,211,84.5,0
16/3/2025,Sunday,NTFGH,1.9,297,85.5,0
16/3/2025,Sunday,NUH(A),2.4,257,79.2,0
16/3/2025,Sunday,SGH,1.2,266,78.1,0
16/3/2025,Sunday,SKH,2.9,369,88.9,0
16/3/2025,Sunday,TTSH,3.8,338,93.8,0
16/3/2025,Sunday,WH,2.5,193,66.8,0
17/3/2025,Monday,AH,1.3,66,59.6,0
17/3/2025,Monday,CGH,5.1,438,87.8,0
17/3/2025,Monday,KTPH,2.8,265,87.8,0
17/3/2025,Monday,NTFGH,4,387,85.5,0
17/3/2025,Monday,NUH(A),4,379,85.5,0
17/3/2025,Monday,SGH,1.5,357,81.7,0
17/3/2025,Monday,SKH,4.2,399,89.8,0
17/3/2025,Monday,TTSH,5.7,440,95.8,0
17/3/2025,Monday,WH,2.6,233,71.2,0
18/3/2025,Tuesday,AH,1.1,55,61.8,0
18/3/2025,Tuesday,CGH,4.4,411,85.8,0
18/3/2025,Tuesday,KTPH,4.2,246,85.8,0
18/3/2025,Tuesday,NTFGH,3.6,329,86.5,0
18/3/2025,Tuesday,NUH(A),5.2,331,84.6,0
18/3/2025,Tuesday,SGH,1.7,326,81.9,0
18/3/2025,Tuesday,SKH,5.2,378,90.5,0
18/3/2025,Tuesday,TTSH,7.6,345,94.7,0
18/3/2025,Tuesday,WH,3.3,212,69.7,0
19/3/2025,Wednesday,AH,1.3,50,61.4,0
19/3/2025,Wednesday,CGH,7.1,356,85.8,0
19/3/2025,Wednesday,KTPH,2.4,206,81.5,0
19/3/2025,Wednesday,NTFGH,2.1,310,86,0
19/3/2025,Wednesday,NUH(A),3,280,83.9,0
19/3/2025,Wednesday,SGH,1.6,311,81.1,0
19/3/2025,Wednesday,SKH,5.5,339,87.6,0
19/3/2025,Wednesday,TTSH,6.7,322,93.6,0
19/3/2025,Wednesday,WH,2.6,169,66.6,0
20/3/2025,Thursday,AH,1.1,58,65.3,0
20/3/2025,Thursday,CGH,5.2,350,86.2,0
20/3/2025,Thursday,KTPH,2,195,77.5,0
20/3/2025,Thursday,NTFGH,2.5,316,81.8,0
20/3/2025,Thursday,NUH(A),4.3,259,83.3,0
20/3/2025,Thursday,SGH,1.7,278,79.9,0
20/3/2025,Thursday,SKH,4.6,342,87.8,0
20/3/2025,Thursday,TTSH,3.8,324,88.9,0
20/3/2025,Thursday,WH,2.6,199,67,0
21/3/2025,Friday,AH,0.8,63,53,0
21/3/2025,Friday,CGH,9.5,359,83.9,0
21/3/2025,Friday,KTPH,2,232,74.1,0
21/3/2025,Friday,NTFGH,1.5,322,77.3,0
21/3/2025,Friday,NUH(A),3.7,281,80.9,0
21/3/2025,Friday,SGH,1,302,76.9,0
21/3/2025,Friday,SKH,3.8,376,85.3,0
21/3/2025,Friday,TTSH,3.8,346,86.7,0
21/3/2025,Friday,WH,2.3,202,67,0
22/3/2025,Saturday,AH,1,61,53.7,0
22/3/2025,Saturday,CGH,2.2,330,85.2,0
22/3/2025,Saturday,KTPH,1.9,194,75.2,0
22/3/2025,Saturday,NTFGH,1.6,244,79.6,0
22/3/2025,Saturday,NUH(A),2.4,267,75.4,0
22/3/2025,Saturday,SGH,1,302,73.7,0
22/3/2025,Saturday,SKH,2.7,333,84.4,0
22/3/2025,Saturday,TTSH,3.4,342,88,0
22/3/2025,Saturday,WH,2.7,157,65.4,0
23/3/2025,Sunday,AH,1.6,59,54,0
23/3/2025,Sunday,CGH,2.4,279,85.6,0
23/3/2025,Sunday,KTPH,2.3,208,78.7,0
23/3/2025,Sunday,NTFGH,1.5,277,82.4,0
23/3/2025,Sunday,NUH(A),2.5,281,77.1,0
23/3/2025,Sunday,SGH,0.8,272,75.3,0
23/3/2025,Sunday,SKH,1.6,311,84.1,0
23/3/2025,Sunday,TTSH,3.6,342,92.5,0
23/3/2025,Sunday,WH,3,200,69.7,0
24/3/2025,Monday,AH,1.5,63,55.8,0
24/3/2025,Monday,CGH,6.2,416,87.4,0
24/3/2025,Monday,KTPH,2.8,276,84.2,0
24/3/2025,Monday,NTFGH,1.9,371,84.6,0
24/3/2025,Monday,NUH(A),3,363,81.3,0
24/3/2025,Monday,SGH,1.3,335,80.4,0
24/3/2025,Monday,SKH,2.4,403,86.8,0
24/3/2025,Monday,TTSH,4.4,450,93.1,0
24/3/2025,Monday,WH,3.1,248,72.3,0
25/3/2025,Tuesday,AH,1.5,62,58.9,0
25/3/2025,Tuesday,CGH,7.4,338,87.8,0
25/3/2025,Tuesday,KTPH,3.5,232,84,0
25/3/2025,Tuesday,NTFGH,1.9,347,81.9,0
25/3/2025,Tuesday,NUH(A),4.3,321,83.2,0
25/3/2025,Tuesday,SGH,2.4,321,82.6,0
25/3/2025,Tuesday,SKH,2.9,371,85.9,0
25/3/2025,Tuesday,TTSH,6.6,365,93.3,0
25/3/2025,Tuesday,WH,3.7,198,72.5,0
26/3/2025,Wednesday,AH,1.1,61,60.7,0
26/3/2025,Wednesday,CGH,8.8,360,84.7,0
26/3/2025,Wednesday,KTPH,2.1,241,80.5,0
26/3/2025,Wednesday,NTFGH,1.8,326,84.1,0
26/3/2025,Wednesday,NUH(A),4.7,318,82.8,0
26/3/2025,Wednesday,SGH,2.2,329,84.3,0
26/3/2025,Wednesday,SKH,1.7,326,82.3,0
26/3/2025,Wednesday,TTSH,5,369,92,0
26/3/2025,Wednesday,WH,2.5,203,69.1,0
27/3/2025,Thursday,AH,1,57,63.2,0
27/3/2025,Thursday,CGH,4.9,333,85.1,0
27/3/2025,Thursday,KTPH,2.3,249,80.5,0
27/3/2025,Thursday,NTFGH,1.7,321,83,0
27/3/2025,Thursday,NUH(A),4.5,296,81.7,0
27/3/2025,Thursday,SGH,1.5,335,80.9,0
27/3/2025,Thursday,SKH,1.4,353,82,0
27/3/2025,Thursday,TTSH,5.1,366,91.2,0
27/3/2025,Thursday,WH,2.9,221,67.2,0
28/3/2025,Friday,AH,1.1,54,57.5,0
28/3/2025,Friday,CGH,3.9,349,83.3,0
28/3/2025,Friday,KTPH,2.1,221,79.1,0
28/3/2025,Friday,NTFGH,1.9,306,80.3,0
28/3/2025,Friday,NUH(A),3.5,293,79.3,0
28/3/2025,Friday,SGH,1.4,304,78.9,0
28/3/2025,Friday,SKH,1.5,333,77.6,0
28/3/2025,Friday,TTSH,4.4,376,87.6,0
28/3/2025,Friday,WH,2.7,170,63.9,0
29/3/2025,Saturday,AH,1,64,55.1,0
29/3/2025,Saturday,CGH,1.2,327,81.1,0
29/3/2025,Saturday,KTPH,1.7,203,74.5,0
29/3/2025,Saturday,NTFGH,2.1,272,79.4,0
29/3/2025,Saturday,NUH(A),2.6,247,74,0
29/3/2025,Saturday,SGH,1.1,294,74.4,0
29/3/2025,Saturday,SKH,1.5,270,76.7,0
29/3/2025,Saturday,TTSH,3.7,310,86.9,0
29/3/2025,Saturday,WH,2.7,157,59.9,0
30/3/2025,Sunday,AH,1.3,67,54.7,0
30/3/2025,Sunday,CGH,1.1,339,82.1,0
30/3/2025,Sunday,KTPH,1.8,156,73.2,0
30/3/2025,Sunday,NTFGH,1.6,246,80.2,0
30/3/2025,Sunday,NUH(A),2.3,244,74.5,0
30/3/2025,Sunday,SGH,1.1,260,76.3,0
30/3/2025,Sunday,SKH,1.4,343,76.2,0
30/3/2025,Sunday,TTSH,3.7,333,90.1,0
30/3/2025,Sunday,WH,2.3,135,61.6,0
31/3/2025,Monday,AH,1.1,74,56.8,1
31/3/2025,Monday,CGH,1.5,348,84.4,1
31/3/2025,Monday,KTPH,1.6,225,76.4,1
31/3/2025,Monday,NTFGH,1.7,334,86.1,1
31/3/2025,Monday,NUH(A),2.5,263,77.2,1
31/3/2025,Monday,SGH,1.2,297,79.8,1
31/3/2025,Monday,SKH,1.5,334,82.9,1
31/3/2025,Monday,TTSH,3.9,347,94.4,1
31/3/2025,Monday,WH,2.7,185,65.3,1
1/4/2025,Tuesday,AH,1.5,112,61.4,0
1/4/2025,Tuesday,CGH,3.6,501,87.8,0
1/4/2025,Tuesday,KTPH,2.3,286,79.4,0
1/4/2025,Tuesday,NTFGH,3.2,418,89.4,0
1/4/2025,Tuesday,NUH(A),4.3,395,82.6,0
1/4/2025,Tuesday,SGH,4.3,416,88.7,0
1/4/2025,Tuesday,SKH,2.4,439,87.9,0
1/4/2025,Tuesday,TTSH,5.7,458,93,0
1/4/2025,Tuesday,WH,2.7,227,68.5,0
2/4/2025,Wednesday,AH,0.6,54,56.5,0
2/4/2025,Wednesday,CGH,9.2,382,88,0
2/4/2025,Wednesday,KTPH,3,241,79.9,0
2/4/2025,Wednesday,NTFGH,4.2,360,87.3,0
2/4/2025,Wednesday,NUH(A),6.2,314,84.6,0
2/4/2025,Wednesday,SGH,8.4,343,91.6,0
2/4/2025,Wednesday,SKH,3.1,364,88,0
2/4/2025,Wednesday,TTSH,7.1,395,94,0
2/4/2025,Wednesday,WH,2.8,219,70.6,0
3/4/2025,Thursday,AH,1.4,59,56.8,0
3/4/2025,Thursday,CGH,7.5,423,87.9,0
3/4/2025,Thursday,KTPH,2.4,247,83.2,0
3/4/2025,Thursday,NTFGH,2.8,318,87.3,0
3/4/2025,Thursday,NUH(A),5.3,297,85,0
3/4/2025,Thursday,SGH,8.4,317,91.7,0
3/4/2025,Thursday,SKH,2.3,362,86.2,0
3/4/2025,Thursday,TTSH,7.6,377,92.1,0
3/4/2025,Thursday,WH,3.2,184,67.6,0
4/4/2025,Friday,AH,1.5,41,50.9,0
4/4/2025,Friday,CGH,6.1,407,84.4,0
4/4/2025,Friday,KTPH,2.7,229,79.8,0
4/4/2025,Friday,NTFGH,1.9,303,83.2,0
4/4/2025,Friday,NUH(A),6.9,311,81.3,0
4/4/2025,Friday,SGH,4.1,342,88.6,0
4/4/2025,Friday,SKH,2.1,331,86.3,0
4/4/2025,Friday,TTSH,4,371,89.6,0
4/4/2025,Friday,WH,2.6,182,65.1,0
5/4/2025,Saturday,AH,1,67,54.4,0
5/4/2025,Saturday,CGH,2.7,362,83.5,0
5/4/2025,Saturday,KTPH,1.9,196,76.9,0
5/4/2025,Saturday,NTFGH,2,315,84.6,0
5/4/2025,Saturday,NUH(A),4.2,272,78,0
5/4/2025,Saturday,SGH,2,301,84.7,0
5/4/2025,Saturday,SKH,1.6,332,82.2,0
5/4/2025,Saturday,TTSH,4,342,89.6,0
5/4/2025,Saturday,WH,2.5,158,64.7,0
6/4/2025,Sunday,AH,1,52,56.1,0
6/4/2025,Sunday,CGH,4.6,339,86.1,0
6/4/2025,Sunday,KTPH,1.6,204,79.3,0
6/4/2025,Sunday,NTFGH,2.3,315,87.8,0
6/4/2025,Sunday,NUH(A),3,259,80.3,0
6/4/2025,Sunday,SGH,3.5,285,85.8,0
6/4/2025,Sunday,SKH,2,366,85.9,0
6/4/2025,Sunday,TTSH,4,360,94.1,0
6/4/2025,Sunday,WH,2.3,174,68.7,0
7/4/2025,Monday,AH,1.2,76,62.6,0
7/4/2025,Monday,CGH,4.1,431,85.9,0
7/4/2025,Monday,KTPH,3.4,284,83.5,0
7/4/2025,Monday,NTFGH,3,432,91.8,0
7/4/2025,Monday,NUH(A),4.6,359,85.6,0
7/4/2025,Monday,SGH,11,383,91.1,0
7/4/2025,Monday,SKH,2.8,414,87,0
7/4/2025,Monday,TTSH,7.3,427,94.8,0
7/4/2025,Monday,WH,2.9,262,71.8,0
8/4/2025,Tuesday,AH,1.2,75,57.9,0
8/4/2025,Tuesday,CGH,4.5,408,85.6,0
8/4/2025,Tuesday,KTPH,4.5,288,86.6,0
8/4/2025,Tuesday,NTFGH,5.4,330,90.3,0
8/4/2025,Tuesday,NUH(A),4.9,312,87.1,0
8/4/2025,Tuesday,SGH,4.7,354,90.6,0
8/4/2025,Tuesday,SKH,3.5,374,87.9,0
8/4/2025,Tuesday,TTSH,8.2,389,95.4,0
8/4/2025,Tuesday,WH,2.7,211,71.8,0
9/4/2025,Wednesday,AH,1.3,70,58.9,0
9/4/2025,Wednesday,CGH,2.8,404,87.3,0
9/4/2025,Wednesday,KTPH,2.5,267,84.9,0
9/4/2025,Wednesday,NTFGH,5,327,90.3,0
9/4/2025,Wednesday,NUH(A),5.9,349,86.1,0
9/4/2025,Wednesday,SGH,5.1,286,88.7,0
9/4/2025,Wednesday,SKH,3.4,401,89,0
9/4/2025,Wednesday,TTSH,7.9,375,95.6,0
9/4/2025,Wednesday,WH,3,220,69.5,0
10/4/2025,Thursday,AH,1.2,73,57.9,0
10/4/2025,Thursday,CGH,4.6,420,88,0
10/4/2025,Thursday,KTPH,3.2,265,85.6,0
10/4/2025,Thursday,NTFGH,3.6,327,88.5,0
10/4/2025,Thursday,NUH(A),5.6,335,87.1,0
10/4/2025,Thursday,SGH,4.8,306,87.2,0
10/4/2025,Thursday,SKH,2.7,372,90.5,0
10/4/2025,Thursday,TTSH,7.1,404,93.4,0
10/4/2025,Thursday,WH,2.6,186,67.1,0
11/4/2025,Friday,AH,1.4,58,61.1,0
11/4/2025,Friday,CGH,5.4,428,86.1,0
11/4/2025,Friday,KTPH,2.9,225,81.9,0
11/4/2025,Friday,NTFGH,2.1,316,85.7,0
11/4/2025,Friday,NUH(A),5.5,309,82.9,0
11/4/2025,Friday,SGH,2.4,323,84.1,0
11/4/2025,Friday,SKH,2.6,340,86.8,0
11/4/2025,Friday,TTSH,7.5,381,90.2,0
11/4/2025,Friday,WH,2.4,188,61.5,0
12/4/2025,Saturday,AH,1.3,51,59.6,0
12/4/2025,Saturday,CGH,3.5,341,86.7,0
12/4/2025,Saturday,KTPH,2.9,212,83.6,0
12/4/2025,Saturday,NTFGH,2.2,324,87.6,0
12/4/2025,Saturday,NUH(A),3.9,264,82.3,0
12/4/2025,Saturday,SGH,2.1,313,81.5,0
12/4/2025,Saturday,SKH,2.6,311,84.7,0
12/4/2025,Saturday,TTSH,5.2,343,92.6,0
12/4/2025,Saturday,WH,2.8,160,59.9,0
13/4/2025,Sunday,AH,1.3,50,62.1,0
13/4/2025,Sunday,CGH,6,310,88.3,0
13/4/2025,Sunday,KTPH,3.3,221,85.8,0
13/4/2025,Sunday,NTFGH,2.4,351,91.4,0
13/4/2025,Sunday,NUH(A),3.4,273,82.7,0
13/4/2025,Sunday,SGH,1.5,277,82.4,0
13/4/2025,Sunday,SKH,2.3,340,88.6,0
13/4/2025,Sunday,TTSH,5.1,323,95.7,0
13/4/2025,Sunday,WH,3,186,63.7,0
14/4/2025,Monday,AH,1.2,76,69.5,0
14/4/2025,Monday,CGH,7.4,488,89.7,0
14/4/2025,Monday,KTPH,3.9,270,90.3,0
14/4/2025,Monday,NTFGH,4.5,399,92.6,0
14/4/2025,Monday,NUH(A),3.3,369,87.1,0
14/4/2025,Monday,SGH,5,395,87.9,0
14/4/2025,Monday,SKH,3.9,423,91.6,0
14/4/2025,Monday,TTSH,8.1,448,94.2,0
14/4/2025,Monday,WH,2.7,238,69.5,0
15/4/2025,Tuesday,AH,1.5,81,71.6,0
15/4/2025,Tuesday,CGH,17.1,350,87.1,0
15/4/2025,Tuesday,KTPH,7.1,234,87.7,0
15/4/2025,Tuesday,NTFGH,6.7,356,92.4,0
15/4/2025,Tuesday,NUH(A),5.9,316,84.5,0
15/4/2025,Tuesday,SGH,5,325,89.5,0
15/4/2025,Tuesday,SKH,6.4,386,91.5,0
15/4/2025,Tuesday,TTSH,13.1,370,94.8,0
15/4/2025,Tuesday,WH,2.9,209,70,0
16/4/2025,Wednesday,AH,1.1,67,64.2,0
16/4/2025,Wednesday,CGH,7.1,396,86.7,0
16/4/2025,Wednesday,KTPH,5.1,254,87.6,0
16/4/2025,Wednesday,NTFGH,6.3,351,89.4,0
16/4/2025,Wednesday,NUH(A),4.1,271,84.4,0
16/4/2025,Wednesday,SGH,4.1,335,87.7,0
16/4/2025,Wednesday,SKH,5.1,384,92.4,0
16/4/2025,Wednesday,TTSH,7,409,92.4,0
16/4/2025,Wednesday,WH,2.8,225,67.6,0
17/4/2025,Thursday,AH,1,57,58.9,0
17/4/2025,Thursday,CGH,6.5,397,85.9,0
17/4/2025,Thursday,KTPH,2.3,235,85.2,0
17/4/2025,Thursday,NTFGH,2.9,370,86.4,0
17/4/2025,Thursday,NUH(A),5.3,287,81.6,0
17/4/2025,Thursday,SGH,2.6,316,84.6,0
17/4/2025,Thursday,SKH,6.3,352,86.8,0
17/4/2025,Thursday,TTSH,6.4,382,90.1,0
17/4/2025,Thursday,WH,2.9,193,65.5,0
18/4/2025,Friday,AH,0.4,46,52.6,1
18/4/2025,Friday,CGH,4.6,301,86.2,1
18/4/2025,Friday,KTPH,2.8,186,81.9,1
18/4/2025,Friday,NTFGH,2.7,307,89.4,1
18/4/2025,Friday,NUH(A),3.3,232,76.7,1
18/4/2025,Friday,SGH,1.5,281,81.1,1
18/4/2025,Friday,SKH,5.3,286,86.7,1
18/4/2025,Friday,TTSH,4.1,312,91,1
18/4/2025,Friday,WH,2.6,156,63,1
19/4/2025,Saturday,AH,1.8,67,57.5,0
19/4/2025,Saturday,CGH,2.6,340,87.6,0
19/4/2025,Saturday,KTPH,2.8,221,83.8,0
19/4/2025,Saturday,NTFGH,2.1,325,91.3,0
19/4/2025,Saturday,NUH(A),2.4,277,77.4,0
19/4/2025,Saturday,SGH,1.4,319,82,0
19/4/2025,Saturday,SKH,1.9,337,88,0
19/4/2025,Saturday,TTSH,3.5,352,93.7,0
19/4/2025,Saturday,WH,2.1,167,63.4,0
20/4/2025,Sunday,AH,1.5,65,59.3,0
20/4/2025,Sunday,CGH,6.9,334,88.8,0
20/4/2025,Sunday,KTPH,2.1,240,88.9,0
20/4/2025,Sunday,NTFGH,3.5,329,94.2,0
20/4/2025,Sunday,NUH(A),2.7,265,77.4,0
20/4/2025,Sunday,SGH,3.5,283,85.4,0
20/4/2025,Sunday,SKH,2.3,323,90.3,0
20/4/2025,Sunday,TTSH,3.9,326,96.6,0
20/4/2025,Sunday,WH,2.4,201,69.1,0
21/4/2025,Monday,AH,1.3,70,60.7,0
21/4/2025,Monday,CGH,13.4,479,88.3,0
21/4/2025,Monday,KTPH,3.9,296,88.9,0
21/4/2025,Monday,NTFGH,6.6,402,96.3,0
21/4/2025,Monday,NUH(A),3.9,379,84.3,0
21/4/2025,Monday,SGH,5.2,405,89.1,0
21/4/2025,Monday,SKH,5.2,465,90.3,0
21/4/2025,Monday,TTSH,8.2,422,97.5,0
21/4/2025,Monday,WH,3.8,267,76.5,0
22/4/2025,Tuesday,AH,1.3,71,66.3,0
22/4/2025,Tuesday,CGH,15.4,449,89,0
22/4/2025,Tuesday,KTPH,9.3,284,89.5,0
22/4/2025,Tuesday,NTFGH,8.7,366,94.8,0
22/4/2025,Tuesday,NUH(A),6.2,351,87.2,0
22/4/2025,Tuesday,SGH,6.9,346,90.8,0
22/4/2025,Tuesday,SKH,7,427,90.4,0
22/4/2025,Tuesday,TTSH,7.7,379,95.4,0
22/4/2025,Tuesday,WH,4.4,244,77.1,0
23/4/2025,Wednesday,AH,1.3,56,62.8,0
23/4/2025,Wednesday,CGH,13.3,385,88.2,0
23/4/2025,Wednesday,KTPH,6.6,284,89,0
23/4/2025,Wednesday,NTFGH,4.2,341,90.7,0
23/4/2025,Wednesday,NUH(A),3.9,320,83.4,0
23/4/2025,Wednesday,SGH,4,321,89.8,0
23/4/2025,Wednesday,SKH,6.1,389,89.6,0
23/4/2025,Wednesday,TTSH,4,379,93.1,0
23/4/2025,Wednesday,WH,3,226,73.7,0
24/4/2025,Thursday,AH,1.4,77,64.2,0
24/4/2025,Thursday,CGH,5.5,402,87.5,0
24/4/2025,Thursday,KTPH,5.5,251,90.2,0
24/4/2025,Thursday,NTFGH,3.2,346,88,0
24/4/2025,Thursday,NUH(A),4,300,83.8,0
24/4/2025,Thursday,SGH,2.8,320,89.4,0
24/4/2025,Thursday,SKH,5.5,366,86.3,0
24/4/2025,Thursday,TTSH,4.5,375,93.9,0
24/4/2025,Thursday,WH,2.6,234,70.4,0
25/4/2025,Friday,AH,0.9,42,61.1,0
25/4/2025,Friday,CGH,7,387,86.5,0
25/4/2025,Friday,KTPH,4.8,238,89,0
25/4/2025,Friday,NTFGH,2.7,340,88.1,0
25/4/2025,Friday,NUH(A),3.9,303,82.5,0
25/4/2025,Friday,SGH,2.5,322,86.8,0
25/4/2025,Friday,SKH,3.1,365,87.4,0
25/4/2025,Friday,TTSH,5,378,90.5,0
25/4/2025,Friday,WH,2.7,212,67.8,0
26/4/2025,Saturday,AH,0.6,53,63.2,0
26/4/2025,Saturday,CGH,6.9,353,87.8,0
26/4/2025,Saturday,KTPH,4,205,88.9,0
26/4/2025,Saturday,NTFGH,2.2,285,85.9,0
26/4/2025,Saturday,NUH(A),3.2,271,80.9,0
26/4/2025,Saturday,SGH,2.2,273,83.4,0
26/4/2025,Saturday,SKH,2.9,341,86,0
26/4/2025,Saturday,TTSH,3.8,367,90.2,0
26/4/2025,Saturday,WH,2.4,183,67,0
27/4/2025,Sunday,AH,1.7,66,62.4,0
27/4/2025,Sunday,CGH,7.5,303,87.9,0
27/4/2025,Sunday,KTPH,3.9,227,88.3,0
27/4/2025,Sunday,NTFGH,2,310,88.1,0
27/4/2025,Sunday,NUH(A),3.7,283,82.2,0
27/4/2025,Sunday,SGH,1.8,288,81.4,0
27/4/2025,Sunday,SKH,2.6,379,90.7,0
27/4/2025,Sunday,TTSH,3.6,323,92.8,0
27/4/2025,Sunday,WH,2.9,172,86,0
28/4/2025,Monday,AH,0.9,84,64.1,0
28/4/2025,Monday,CGH,20,496,89.1,0
28/4/2025,Monday,KTPH,5.4,261,90.8,0
28/4/2025,Monday,NTFGH,3.1,406,92.6,0
28/4/2025,Monday,NUH(A),5.8,378,85.8,0
28/4/2025,Monday,SGH,5.1,386,86.2,0
28/4/2025,Monday,SKH,6.7,416,92.8,0
28/4/2025,Monday,TTSH,4.9,323,93.2,0
28/4/2025,Monday,WH,2.9,283,83.8,0
29/4/2025,Tuesday,AH,1.6,76,64.8,0
29/4/2025,Tuesday,CGH,14.7,402,89.4,0
29/4/2025,Tuesday,KTPH,4.7,233,88.7,0
29/4/2025,Tuesday,NTFGH,3.2,337,92.9,0
29/4/2025,Tuesday,NUH(A),8.3,318,87.6,0
29/4/2025,Tuesday,SGH,5.9,343,87.7,0
29/4/2025,Tuesday,SKH,6.5,332,93.7,0
29/4/2025,Tuesday,TTSH,8.1,451,93.6,0
29/4/2025,Tuesday,WH,3.9,220,84,0
30/4/2025,Wednesday,AH,0.8,57,60.6,0
30/4/2025,Wednesday,CGH,10.6,370,87.3,0
30/4/2025,Wednesday,KTPH,3.4,237,87.1,0
30/4/2025,Wednesday,NTFGH,3,326,90.3,0
30/4/2025,Wednesday,NUH(A),5.6,281,86.7,0
30/4/2025,Wednesday,SGH,1.9,296,89.5,0
30/4/2025,Wednesday,SKH,6.8,346,93.9,0
30/4/2025,Wednesday,TTSH,5.1,391,93.1,0
30/4/2025,Wednesday,WH,3.6,214,83.2,0
1/5/2025,Thursday,AH,1.4,74,68.6,1
1/5/2025,Thursday,CGH,7.3,304,89.6,1
1/5/2025,Thursday,KTPH,2.3,207,87,1
1/5/2025,Thursday,NTFGH,1.8,262,91.7,1
1/5/2025,Thursday,NUH(A),7.1,237,85.6,1
1/5/2025,Thursday,SGH,1.4,276,88.6,1
1/5/2025,Thursday,SKH,4.5,338,93.6,1
1/5/2025,Thursday,TTSH,3.8,367,94.4,1
1/5/2025,Thursday,WH,2.9,184,83,1
2/5/2025,Friday,AH,1.4,69,66.9,0
2/5/2025,Friday,CGH,4.7,384,87.8,0
2/5/2025,Friday,KTPH,2.8,253,82.8,0
2/5/2025,Friday,NTFGH,2.1,346,88.8,0
2/5/2025,Friday,NUH(A),3.7,313,82.3,0
2/5/2025,Friday,SGH,2.5,358,86.1,0
2/5/2025,Friday,SKH,3.5,377,92.3,0
2/5/2025,Friday,TTSH,4.4,314,89.5,0
2/5/2025,Friday,WH,2.8,204,81.3,0
3/5/2025,Saturday,AH,1.2,58,66.6,1
3/5/2025,Saturday,CGH,4.5,309,87.8,1
3/5/2025,Saturday,KTPH,2.2,226,84.1,1
3/5/2025,Saturday,NTFGH,2,257,88.6,1
3/5/2025,Saturday,NUH(A),2.5,270,77.4,1
3/5/2025,Saturday,SGH,1.5,291,83.6,1
3/5/2025,Saturday,SKH,2.7,311,92.6,1
3/5/2025,Saturday,TTSH,4.1,417,90.2,1
3/5/2025,Saturday,WH,3.2,191,78.4,1
4/5/2025,Sunday,AH,1.3,68,62.4,0
4/5/2025,Sunday,CGH,4,379,87.9,0
4/5/2025,Sunday,KTPH,2.7,215,88.3,0
4/5/2025,Sunday,NTFGH,1.9,296,88.1,0
4/5/2025,Sunday,NUH(A),2.8,276,82.2,0
4/5/2025,Sunday,SGH,1,278,81.4,0
4/5/2025,Sunday,SKH,3,374,90.7,0
4/5/2025,Sunday,TTSH,4.5,327,92.8,0
4/5/2025,Sunday,WH,3.9,208,86,0
5/5/2025,Monday,AH,2.1,82,64.1,0
5/5/2025,Monday,CGH,10.5,456,89.1,0
5/5/2025,Monday,KTPH,5.4,300,90.8,0
5/5/2025,Monday,NTFGH,4.4,390,92.6,0
5/5/2025,Monday,NUH(A),5,387,85.8,0
5/5/2025,Monday,SGH,3.3,402,86.2,0
5/5/2025,Monday,SKH,6,437,92.8,0
5/5/2025,Monday,TTSH,5.1,415,93.2,0
5/5/2025,Monday,WH,3.3,227,83.8,0
6/5/2025,Tuesday,AH,1.3,82,64.8,0
6/5/2025,Tuesday,CGH,17.4,405,89.4,0
6/5/2025,Tuesday,KTPH,7,272,88.7,0
6/5/2025,Tuesday,NTFGH,4.5,376,92.9,0
6/5/2025,Tuesday,NUH(A),7.1,340,87.6,0
6/5/2025,Tuesday,SGH,2.7,317,87.7,0
6/5/2025,Tuesday,SKH,17.3,374,93.7,0
6/5/2025,Tuesday,TTSH,7.9,400,93.6,0
6/5/2025,Tuesday,WH,4.7,234,84,0
7/5/2025,Wednesday,AH,1,64,60.6,0
7/5/2025,Wednesday,CGH,16.9,406,87.3,0
7/5/2025,Wednesday,KTPH,5.9,263,87.1,0
7/5/2025,Wednesday,NTFGH,2.6,416,90.3,0
7/5/2025,Wednesday,NUH(A),6.2,327,86.7,0
7/5/2025,Wednesday,SGH,4.7,336,89.5,0
7/5/2025,Wednesday,SKH,16.9,372,93.9,0
7/5/2025,Wednesday,TTSH,9.1,399,93.1,0
7/5/2025,Wednesday,WH,4.5,222,83.2,0
8/5/2025,Thursday,AH,1.5,76,68.6,0
8/5/2025,Thursday,CGH,14.9,412,89.6,0
8/5/2025,Thursday,KTPH,5.7,237,87,0
8/5/2025,Thursday,NTFGH,4.1,354,91.7,0
8/5/2025,Thursday,NUH(A),4.2,294,85.6,0
8/5/2025,Thursday,SGH,2.4,332,88.6,0
8/5/2025,Thursday,SKH,11.5,345,93.6,0
8/5/2025,Thursday,TTSH,6.4,386,94.4,0
8/5/2025,Thursday,WH,4.8,227,83,0
9/5/2025,Friday,AH,0.8,83,66.9,0
9/5/2025,Friday,CGH,10.2,397,87.8,0
9/5/2025,Friday,KTPH,6.9,248,82.8,0
9/5/2025,Friday,NTFGH,3,343,88.8,0
9/5/2025,Friday,NUH(A),4.6,290,82.3,0
9/5/2025,Friday,SGH,3.5,344,86.1,0
9/5/2025,Friday,SKH,7,372,92.3,0
9/5/2025,Friday,TTSH,5.7,402,89.5,0
9/5/2025,Friday,WH,6.8,190,81.3,0
10/5/2025,Saturday,AH,1.5,63,66.6,0
10/5/2025,Saturday,CGH,7.8,342,87.8,0
10/5/2025,Saturday,KTPH,3,228,84.1,0
10/5/2025,Saturday,NTFGH,2.5,307,88.6,0
10/5/2025,Saturday,NUH(A),3.1,288,77.4,0
10/5/2025,Saturday,SGH,1.6,313,83.6,0
10/5/2025,Saturday,SKH,5.5,321,92.6,0
10/5/2025,Saturday,TTSH,4.8,351,90.2,0
10/5/2025,Saturday,WH,3.4,184,78.4,0
11/5/2025,Sunday,AH,1.1,64,65.9,0
11/5/2025,Sunday,CGH,13.6,332,88.4,0
11/5/2025,Sunday,KTPH,2.3,221,85.4,0
11/5/2025,Sunday,NTFGH,2.5,284,89,0
11/5/2025,Sunday,NUH(A),2.6,292,78.6,0
11/5/2025,Sunday,SGH,1.4,299,83.6,0
11/5/2025,Sunday,SKH,3,318,91.7,0
11/5/2025,Sunday,TTSH,3.6,323,91.4,0
11/5/2025,Sunday,WH,3,181,81.1,0
12/5/2025,Monday,AH,1.2,67,68.6,1
12/5/2025,Monday,CGH,10.1,383,89.2,1
12/5/2025,Monday,KTPH,3.5,252,86.4,1
12/5/2025,Monday,NTFGH,3.1,345,93.9,1
12/5/2025,Monday,NUH(A),3.9,305,82.1,1
12/5/2025,Monday,SGH,1.8,319,86,1
12/5/2025,Monday,SKH,5,376,92.2,1
12/5/2025,Monday,TTSH,4.6,397,94.9,1
12/5/2025,Monday,WH,3.7,211,87.2,1
13/5/2025,Tuesday,AH,1.3,82,78.7,0
13/5/2025,Tuesday,CGH,24.1,453,89.1,0
13/5/2025,Tuesday,KTPH,13.2,306,90,0
13/5/2025,Tuesday,NTFGH,3.9,422,93.8,0
13/5/2025,Tuesday,NUH(A),3.5,368,85.5,0
13/5/2025,Tuesday,SGH,5.4,405,90.6,0
13/5/2025,Tuesday,SKH,5.3,429,95.9,0
13/5/2025,Tuesday,TTSH,10.3,455,94.3,0
13/5/2025,Tuesday,WH,4.3,259,82.8,0
14/5/2025,Wednesday,AH,2.8,61,80.2,0
14/5/2025,Wednesday,CGH,19.9,377,89.1,0
14/5/2025,Wednesday,KTPH,15.9,241,86.9,0
14/5/2025,Wednesday,NTFGH,4.3,360,93.7,0
14/5/2025,Wednesday,NUH(A),4.6,290,82.9,0
14/5/2025,Wednesday,SGH,6.8,307,91.5,0
14/5/2025,Wednesday,SKH,14.6,379,95.1,0
14/5/2025,Wednesday,TTSH,9.8,400,93.9,0
14/5/2025,Wednesday,WH,4.6,217,81.9,0
15/5/2025,Thursday,AH,1.6,66,76.4,0
15/5/2025,Thursday,CGH,10.4,370,87,0
15/5/2025,Thursday,KTPH,3.8,230,85.3,0
15/5/2025,Thursday,NTFGH,4.4,332,93.2,0
15/5/2025,Thursday,NUH(A),3.3,333,83.5,0
15/5/2025,Thursday,SGH,6.4,302,91.9,0
15/5/2025,Thursday,SKH,7.5,351,94.5,0
15/5/2025,Thursday,TTSH,6.7,389,94.1,0
15/5/2025,Thursday,WH,4.9,208,84,0
16/5/2025,Friday,AH,1.1,50,71.8,0
16/5/2025,Friday,CGH,7.9,313,85.9,0
16/5/2025,Friday,KTPH,2.6,237,79.9,0
16/5/2025,Friday,NTFGH,3.4,358,89.9,0
16/5/2025,Friday,NUH(A),2.9,302,78.9,0
16/5/2025,Friday,SGH,3.5,330,85.8,0
16/5/2025,Friday,SKH,12.9,341,92.5,0
16/5/2025,Friday,TTSH,7.6,351,90.7,0
16/5/2025,Friday,WH,4.3,208,77.4,0
17/5/2025,Saturday,AH,1.5,74,69,0
17/5/2025,Saturday,CGH,3.3,316,85.7,0
17/5/2025,Saturday,KTPH,1.7,195,78.4,0
17/5/2025,Saturday,NTFGH,2,247,90.9,0
17/5/2025,Saturday,NUH(A),2.5,267,75.6,0
17/5/2025,Saturday,SGH,2.3,292,83.4,0
17/5/2025,Saturday,SKH,7.2,360,93.6,0
17/5/2025,Saturday,TTSH,4.3,354,90.8,0
17/5/2025,Saturday,WH,2.8,196,77.4,0
18/5/2025,Sunday,AH,1.4,61,71.8,0
18/5/2025,Sunday,CGH,2.4,337,86.5,0
18/5/2025,Sunday,KTPH,2,210,82.7,0
18/5/2025,Sunday,NTFGH,3.5,318,91.7,0
18/5/2025,Sunday,NUH(A),2.9,245,76.3,0
18/5/2025,Sunday,SGH,2.6,259,84.1,0
18/5/2025,Sunday,SKH,8.1,340,95.7,0
18/5/2025,Sunday,TTSH,4.6,334,96,0
18/5/2025,Sunday,WH,2.6,199,80.8,0
19/5/2025,Monday,AH,1.2,67,72.8,0
19/5/2025,Monday,CGH,5.9,456,88.2,0
19/5/2025,Monday,KTPH,2.3,260,84.3,0
19/5/2025,Monday,NTFGH,3.7,432,91.3,0
19/5/2025,Monday,NUH(A),2.9,376,82.3,0
19/5/2025,Monday,SGH,5.6,397,91.6,0
19/5/2025,Monday,SKH,13,453,95.5,0
19/5/2025,Monday,TTSH,9.7,442,95.3,0
19/5/2025,Monday,WH,3.7,269,83.3,0
20/5/2025,Tuesday,AH,1.1,59,74.6,0
20/5/2025,Tuesday,CGH,4.7,420,87.3,0
20/5/2025,Tuesday,KTPH,2.4,241,83.4,0
20/5/2025,Tuesday,NTFGH,9.5,391,93.3,0
20/5/2025,Tuesday,NUH(A),3.4,322,84.7,0
20/5/2025,Tuesday,SGH,3.6,349,89.6,0
20/5/2025,Tuesday,SKH,12.4,385,96.8,0
20/5/2025,Tuesday,TTSH,11.6,342,94.3,0
20/5/2025,Tuesday,WH,5.6,253,80.7,0
21/5/2025,Wednesday,AH,1.7,58,70,0
21/5/2025,Wednesday,CGH,7.5,376,88.5,0
21/5/2025,Wednesday,KTPH,2.6,232,81.8,0
21/5/2025,Wednesday,NTFGH,5.3,322,90.3,0
21/5/2025,Wednesday,NUH(A),2.9,300,82.5,0
21/5/2025,Wednesday,SGH,2.4,311,89.1,0
21/5/2025,Wednesday,SKH,13.1,365,95.6,0
21/5/2025,Wednesday,TTSH,10.2,394,90.9,0
21/5/2025,Wednesday,WH,4.9,243,82.2,0
22/5/2025,Thursday,AH,1.3,83,66.2,0
22/5/2025,Thursday,CGH,6.9,370,88,0
22/5/2025,Thursday,KTPH,2.4,243,82,0
22/5/2025,Thursday,NTFGH,2.8,352,89,0
22/5/2025,Thursday,NUH(A),4.4,289,84.6,0
22/5/2025,Thursday,SGH,15,304,88.2,0
22/5/2025,Thursday,SKH,7.1,389,93.5,0
22/5/2025,Thursday,TTSH,6.4,370,93.2,0
22/5/2025,Thursday,WH,4.3,239,84,0
23/5/2025,Friday,AH,1.2,61,63.8,0
23/5/2025,Friday,CGH,3.7,355,84.5,0
23/5/2025,Friday,KTPH,2.7,235,79,0
23/5/2025,Friday,NTFGH,4.7,327,86.4,0
23/5/2025,Friday,NUH(A),4.9,303,82.6,0
23/5/2025,Friday,SGH,2.8,326,87.9,0
23/5/2025,Friday,SKH,6.8,359,93.4,0
23/5/2025,Friday,TTSH,5,388,91.8,0
23/5/2025,Friday,WH,3.4,215,91.9,0
24/5/2025,Saturday,AH,1.6,62,65.2,0
24/5/2025,Saturday,CGH,1.1,329,85.6,0
24/5/2025,Saturday,KTPH,2.4,191,78.4,0
24/5/2025,Saturday,NTFGH,2.7,282,84.3,0
24/5/2025,Saturday,NUH(A),3.4,278,82.8,0
24/5/2025,Saturday,SGH,2.8,306,86,0
24/5/2025,Saturday,SKH,7.2,355,95.1,0
24/5/2025,Saturday,TTSH,5.3,340,94.4,0
24/5/2025,Saturday,WH,3,200,81.9,0
25/5/2025,Sunday,AH,1.3,93,68.6,0
25/5/2025,Sunday,CGH,3,349,85.6,0
25/5/2025,Sunday,KTPH,2.3,219,81.1,0
25/5/2025,Sunday,NTFGH,1.9,318,85.4,0
25/5/2025,Sunday,NUH(A),4.3,294,84.7,0
25/5/2025,Sunday,SGH,6.8,290,89.9,0
25/5/2025,Sunday,SKH,9.6,388,95.7,0
25/5/2025,Sunday,TTSH,5.3,346,97.2,0
25/5/2025,Sunday,WH,4.2,208,81.7,0
26/5/2025,Monday,AH,1.3,75,74.9,0
26/5/2025,Monday,CGH,5.3,466,86,0
26/5/2025,Monday,KTPH,3.3,264,82.2,0
26/5/2025,Monday,NTFGH,2.6,418,88.5,0
26/5/2025,Monday,NUH(A),6.2,399,88.2,0
26/5/2025,Monday,SGH,16.5,363,95,0
26/5/2025,Monday,SKH,16.1,450,99.2,0
26/5/2025,Monday,TTSH,10.2,475,97.3,0
26/5/2025,Monday,WH,4,271,80.6,0
27/5/2025,Tuesday,AH,1.4,65,75.6,0
27/5/2025,Tuesday,CGH,6.8,384,86.5,0
27/5/2025,Tuesday,KTPH,3.2,232,83.6,0
27/5/2025,Tuesday,NTFGH,2.9,366,86.7,0
27/5/2025,Tuesday,NUH(A),5.6,295,85.8,0
27/5/2025,Tuesday,SGH,6.8,304,93.7,0
27/5/2025,Tuesday,SKH,19,380,97,0
27/5/2025,Tuesday,TTSH,13.6,398,96.4,0
27/5/2025,Tuesday,WH,3.7,225,81.8,0
28/5/2025,Wednesday,AH,1.9,77,79.8,0
28/5/2025,Wednesday,CGH,4.4,374,87.2,0
28/5/2025,Wednesday,KTPH,3.3,244,83.9,0
28/5/2025,Wednesday,NTFGH,2.4,347,86,0
28/5/2025,Wednesday,NUH(A),7.3,315,85.5,0
28/5/2025,Wednesday,SGH,6.8,319,93.1,0
28/5/2025,Wednesday,SKH,14.3,350,93.7,0
28/5/2025,Wednesday,TTSH,10.9,399,94.9,0
28/5/2025,Wednesday,WH,4.3,249,81.8,0
29/5/2025,Thursday,AH,1.5,58,82.9,0
29/5/2025,Thursday,CGH,2.9,390,87,0
29/5/2025,Thursday,KTPH,2.5,214,80.2,0
29/5/2025,Thursday,NTFGH,2,326,84.9,0
29/5/2025,Thursday,NUH(A),6.4,270,86.9,0
29/5/2025,Thursday,SGH,3.5,310,90.2,0
29/5/2025,Thursday,SKH,8.1,353,93.4,0
29/5/2025,Thursday,TTSH,8.7,343,95.4,0
29/5/2025,Thursday,WH,4.2,207,79,0
30/5/2025,Friday,AH,1.3,59,79.1,0
30/5/2025,Friday,CGH,3.1,329,82.9,0
30/5/2025,Friday,KTPH,2.7,218,77,0
30/5/2025,Friday,NTFGH,1.6,306,81.1,0
30/5/2025,Friday,NUH(A),4.6,274,85,0
30/5/2025,Friday,SGH,3.9,325,87.8,0
30/5/2025,Friday,SKH,5.1,344,91.1,0
30/5/2025,Friday,TTSH,7,368,92.7,0
30/5/2025,Friday,WH,2.7,221,75.5,0
31/5/2025,Saturday,AH,0.8,50,70.7,0
31/5/2025,Saturday,CGH,1.3,332,83.3,0
31/5/2025,Saturday,KTPH,2.7,183,79.1,0
31/5/2025,Saturday,NTFGH,1.8,255,82.1,0
31/5/2025,Saturday,NUH(A),5.1,267,82.2,0
31/5/2025,Saturday,SGH,2.4,296,86.2,0
31/5/2025,Saturday,SKH,2.9,291,88,0
31/5/2025,Saturday,TTSH,6.2,310,93.9,0
31/5/2025,Saturday,WH,2.7,176,73,0
1/6/2025,Sunday,AH,1.4,67,73.9,0
1/6/2025,Sunday,CGH,1.9,338,85.9,0
1/6/2025,Sunday,KTPH,2.5,205,81.2,0
1/6/2025,Sunday,NTFGH,1.8,323,86.7,0
1/6/2025,Sunday,NUH(A),3.4,232,84.7,0
1/6/2025,Sunday,SGH,3.8,261,87,0
1/6/2025,Sunday,SKH,3.1,383,91.6,0
1/6/2025,Sunday,TTSH,6.6,353,96.6,0
1/6/2025,Sunday,WH,2.7,194,78.9,0
2/6/2025,Monday,AH,1,72,73.2,0
2/6/2025,Monday,CGH,6.4,477,86.8,0
2/6/2025,Monday,KTPH,2.5,246,84.1,0
2/6/2025,Monday,NTFGH,2.7,392,91.9,0
2/6/2025,Monday,NUH(A),6.5,356,87.9,0
2/6/2025,Monday,SGH,6.9,381,92,0
2/6/2025,Monday,SKH,5.4,423,92.6,0
2/6/2025,Monday,TTSH,10,417,96,0
2/6/2025,Monday,WH,3.3,254,82.7,0
3/6/2025,Tuesday,AH,1.4,61,73.5,0
3/6/2025,Tuesday,CGH,7.6,394,88.7,0
3/6/2025,Tuesday,KTPH,3.4,232,83.5,0
3/6/2025,Tuesday,NTFGH,3.6,358,91.2,0
3/6/2025,Tuesday,NUH(A),6.8,315,88.5,0
3/6/2025,Tuesday,SGH,16.5,339,94.7,0
3/6/2025,Tuesday,SKH,10,359,94,0
3/6/2025,Tuesday,TTSH,16.6,396,95.3,0
3/6/2025,Tuesday,WH,6,198,81.8,0
4/6/2025,Wednesday,AH,1.4,67,72.8,0
4/6/2025,Wednesday,CGH,6.9,384,86.7,0
4/6/2025,Wednesday,KTPH,3.7,231,80.9,0
4/6/2025,Wednesday,NTFGH,2.1,341,87.1,0
4/6/2025,Wednesday,NUH(A),5.4,295,87.4,0
4/6/2025,Wednesday,SGH,19.9,309,94.7,0
4/6/2025,Wednesday,SKH,9.9,355,92.9,0
4/6/2025,Wednesday,TTSH,12,373,95.5,0
4/6/2025,Wednesday,WH,4.1,199,79.9,0
5/6/2025,Thursday,AH,1.2,54,69.3,0
5/6/2025,Thursday,CGH,2,360,85.6,0
5/6/2025,Thursday,KTPH,3.1,210,80.7,0
5/6/2025,Thursday,NTFGH,3.4,306,84,0
5/6/2025,Thursday,NUH(A),5.4,292,87.5,0
5/6/2025,Thursday,SGH,9.1,323,93.6,0
5/6/2025,Thursday,SKH,9.2,367,93.1,0
5/6/2025,Thursday,TTSH,14.4,369,94.1,0
5/6/2025,Thursday,WH,3.3,239,76,0
6/6/2025,Friday,AH,1,44,63.8,0
6/6/2025,Friday,CGH,2.4,345,84,0
6/6/2025,Friday,KTPH,2.8,199,75.7,0
6/6/2025,Friday,NTFGH,1.8,305,79.3,0
6/6/2025,Friday,NUH(A),5.7,268,83.3,0
6/6/2025,Friday,SGH,4.7,277,87.6,0
6/6/2025,Friday,SKH,14.3,329,90.5,0
6/6/2025,Friday,TTSH,4.5,373,89,0
6/6/2025,Friday,WH,2.7,183,68.8,0
7/6/2025,Saturday,AH,1,64,63.1,1
7/6/2025,Saturday,CGH,1.3,304,84.4,1
7/6/2025,Saturday,KTPH,2,204,74.3,1
7/6/2025,Saturday,NTFGH,1.8,254,79,1
7/6/2025,Saturday,NUH(A),2.7,247,81.8,1
7/6/2025,Saturday,SGH,1.7,266,83.5,1
7/6/2025,Saturday,SKH,5.3,323,89.7,1
7/6/2025,Saturday,TTSH,4.1,330,90.5,1
7/6/2025,Saturday,WH,2.6,184,68.5,1
8/6/2025,Sunday,AH,0.8,64,64.8,0
8/6/2025,Sunday,CGH,1.8,316,86.8,0
8/6/2025,Sunday,KTPH,2.1,173,78.5,0
8/6/2025,Sunday,NTFGH,2.6,281,82.5,0
8/6/2025,Sunday,NUH(A),2.4,275,85,0
8/6/2025,Sunday,SGH,1.5,271,85.7,0
8/6/2025,Sunday,SKH,3.7,378,92.9,0
8/6/2025,Sunday,TTSH,4.3,319,95.9,0
8/6/2025,Sunday,WH,2.9,204,74.2,0
9/6/2025,Monday,AH,1.2,59,64.5,0
9/6/2025,Monday,CGH,4.2,428,87.5,0
9/6/2025,Monday,KTPH,2.6,265,82.8,0
9/6/2025,Monday,NTFGH,3.7,359,86.5,0
9/6/2025,Monday,NUH(A),5,350,86.5,0
9/6/2025,Monday,SGH,3.9,361,88.9,0
9/6/2025,Monday,SKH,8.5,367,94.4,0
9/6/2025,Monday,TTSH,6.2,420,96.4,0
9/6/2025,Monday,WH,3,279,78.8,0
10/6/2025,Tuesday,AH,0.9,61,62.4,0
10/6/2025,Tuesday,CGH,5.8,389,86.6,0
10/6/2025,Tuesday,KTPH,2.7,240,81.9,0
10/6/2025,Tuesday,NTFGH,2.8,363,87.6,0
10/6/2025,Tuesday,NUH(A),8.8,273,85.7,0
10/6/2025,Tuesday,SGH,4.8,326,90.3,0
10/6/2025,Tuesday,SKH,8.5,327,93.6,0
10/6/2025,Tuesday,TTSH,9.6,409,95.7,0
10/6/2025,Tuesday,WH,5.2,224,79.6,0
11/6/2025,Wednesday,AH,0.9,66,66.2,0
11/6/2025,Wednesday,CGH,4.7,388,86.3,0
11/6/2025,Wednesday,KTPH,2,210,78.2,0
11/6/2025,Wednesday,NTFGH,2.8,369,86.4,0
11/6/2025,Wednesday,NUH(A),7.7,304,85.4,0
11/6/2025,Wednesday,SGH,4,324,90,0
11/6/2025,Wednesday,SKH,8.3,351,93.2,0
11/6/2025,Wednesday,TTSH,8.7,383,96.3,0
11/6/2025,Wednesday,WH,6.4,206,78.9,0
12/6/2025,Thursday,AH,1.2,66,68.3,0
12/6/2025,Thursday,CGH,2.5,355,84.7,0
12/6/2025,Thursday,KTPH,2.9,213,80.7,0
12/6/2025,Thursday,NTFGH,2.7,335,85.1,0
12/6/2025,Thursday,NUH(A),6,316,84.5,0
12/6/2025,Thursday,SGH,3.4,341,89.7,0
12/6/2025,Thursday,SKH,5.7,363,93.9,0
12/6/2025,Thursday,TTSH,6.4,387,95.9,0
12/6/2025,Thursday,WH,3.6,235,90.5,0
13/6/2025,Friday,AH,1.4,55,67.6,0
13/6/2025,Friday,CGH,0.8,332,81.1,0
13/6/2025,Friday,KTPH,2,196,79.1,0
13/6/2025,Friday,NTFGH,1.9,330,83.6,0
13/6/2025,Friday,NUH(A),4.7,329,80.7,0
13/6/2025,Friday,SGH,4.2,337,85.7,0
13/6/2025,Friday,SKH,8.2,347,92.2,0
13/6/2025,Friday,TTSH,8.1,391,93.7,0
13/6/2025,Friday,WH,4,183,81.1,0
14/6/2025,Saturday,AH,1,54,63.4,0
14/6/2025,Saturday,CGH,0.8,306,81,0
14/6/2025,Saturday,KTPH,1.8,209,77.2,0
14/6/2025,Saturday,NTFGH,2,268,83.7,0
14/6/2025,Saturday,NUH(A),4.5,244,79.9,0
14/6/2025,Saturday,SGH,1.7,301,83.2,0
14/6/2025,Saturday,SKH,5.9,337,92.4,0
14/6/2025,Saturday,TTSH,5.9,347,95.3,0
14/6/2025,Saturday,WH,3.4,194,79.4,0
15/6/2025,Sunday,AH,1.5,48,67.2,0
15/6/2025,Sunday,CGH,1.1,348,84.2,0
15/6/2025,Sunday,KTPH,2.4,209,82.3,0
15/6/2025,Sunday,NTFGH,2.3,279,87.5,0
15/6/2025,Sunday,NUH(A),2.6,261,81.6,0
15/6/2025,Sunday,SGH,2.6,284,86,0
15/6/2025,Sunday,SKH,4.5,358,94.5,0
15/6/2025,Sunday,TTSH,6,290,97.6,0
15/6/2025,Sunday,WH,3.7,187,84.8,0
16/6/2025,Monday,AH,1.2,86,70,0
16/6/2025,Monday,CGH,3.2,416,85.6,0
16/6/2025,Monday,KTPH,3.3,286,86.6,0
16/6/2025,Monday,NTFGH,3.1,413,89.5,0
16/6/2025,Monday,NUH(A),6.5,351,85.8,0
16/6/2025,Monday,SGH,6.4,394,90.2,0
16/6/2025,Monday,SKH,10.5,439,91.8,0
16/6/2025,Monday,TTSH,7.5,444,96.8,0
16/6/2025,Monday,WH,7.4,240,86.2,0
17/6/2025,Tuesday,AH,1.1,61,63.8,0
17/6/2025,Tuesday,CGH,4.5,380,86.8,0
17/6/2025,Tuesday,KTPH,3.3,219,84,0
17/6/2025,Tuesday,NTFGH,3.3,352,88.8,0
17/6/2025,Tuesday,NUH(A),5.9,282,85.8,0
17/6/2025,Tuesday,SGH,6.3,338,91.6,0
17/6/2025,Tuesday,SKH,18.4,374,94.3,0
17/6/2025,Tuesday,TTSH,8.5,404,97,0
17/6/2025,Tuesday,WH,5.5,202,86.3,0
18/6/2025,Wednesday,AH,0.8,54,59.6,0
18/6/2025,Wednesday,CGH,3.7,369,86.1,0
18/6/2025,Wednesday,KTPH,2.6,210,78.6,0
18/6/2025,Wednesday,NTFGH,2,311,83.8,0
18/6/2025,Wednesday,NUH(A),6.6,345,85.6,0
18/6/2025,Wednesday,SGH,8.8,331,93.6,0
18/6/2025,Wednesday,SKH,20.8,358,92.5,0
18/6/2025,Wednesday,TTSH,9,358,98.4,0
18/6/2025,Wednesday,WH,2.7,224,79.5,0
19/6/2025,Thursday,AH,1.2,61,57.5,0
19/6/2025,Thursday,CGH,3,415,82.7,0
19/6/2025,Thursday,KTPH,2.2,203,75.4,0
19/6/2025,Thursday,NTFGH,1.7,316,78.8,0
19/6/2025,Thursday,NUH(A),7.8,277,86.2,0
19/6/2025,Thursday,SGH,6.2,336,91,0
19/6/2025,Thursday,SKH,7.1,351,91.6,0
19/6/2025,Thursday,TTSH,6.7,383,94.9,0
19/6/2025,Thursday,WH,3.1,221,75.7,0
20/6/2025,Friday,AH,1.2,50,52.6,0
20/6/2025,Friday,CGH,1.6,362,80.7,0
20/6/2025,Friday,KTPH,2.1,201,71.8,0
20/6/2025,Friday,NTFGH,1.6,302,78,0
20/6/2025,Friday,NUH(A),6,276,83.8,0
20/6/2025,Friday,SGH,3.5,301,87.4,0
20/6/2025,Friday,SKH,5.7,300,90.6,0
20/6/2025,Friday,TTSH,5.5,378,91.5,0
20/6/2025,Friday,WH,3,212,72.6,0
21/6/2025,Saturday,AH,1,58,51.9,0
21/6/2025,Saturday,CGH,0.8,285,80.6,0
21/6/2025,Saturday,KTPH,1.6,173,70.7,0
21/6/2025,Saturday,NTFGH,1.7,274,78.5,0
21/6/2025,Saturday,NUH(A),2.9,277,78.7,0
21/6/2025,Saturday,SGH,1.6,279,84.5,0
21/6/2025,Saturday,SKH,4,346,90.4,0
21/6/2025,Saturday,TTSH,3.8,342,93.5,0
21/6/2025,Saturday,WH,3,200,74.4,0
22/6/2025,Sunday,AH,0.7,62,53.3,0
22/6/2025,Sunday,CGH,1,303,83.4,0
22/6/2025,Sunday,KTPH,1.5,202,74.2,0
22/6/2025,Sunday,NTFGH,1.8,276,82.1,0
22/6/2025,Sunday,NUH(A),3,257,79.7,0
22/6/2025,Sunday,SGH,7.3,289,87.6,0
22/6/2025,Sunday,SKH,3.2,371,92.4,0
22/6/2025,Sunday,TTSH,4.2,317,96.4,0
22/6/2025,Sunday,WH,3.2,187,81.4,0
23/6/2025,Monday,AH,1,69,58.5,0
23/6/2025,Monday,CGH,1.5,431,85.5,0
23/6/2025,Monday,KTPH,2,261,79.5,0
23/6/2025,Monday,NTFGH,1.6,382,86.6,0
23/6/2025,Monday,NUH(A),4.9,342,83.9,0
23/6/2025,Monday,SGH,7.8,386,91.2,0
23/6/2025,Monday,SKH,9.9,386,92.2,0
23/6/2025,Monday,TTSH,8.2,444,95.9,0
23/6/2025,Monday,WH,3.1,210,82.4,0
24/6/2025,Tuesday,AH,1.2,58,63.1,0
24/6/2025,Tuesday,CGH,1.7,401,85.3,0
24/6/2025,Tuesday,KTPH,2.2,239,77.9,0
24/6/2025,Tuesday,NTFGH,2.5,370,87.5,0
24/6/2025,Tuesday,NUH(A),5.5,296,83.7,0
24/6/2025,Tuesday,SGH,9.7,349,94.6,0
24/6/2025,Tuesday,SKH,10.6,333,95,0
24/6/2025,Tuesday,TTSH,9,397,97.1,0
24/6/2025,Tuesday,WH,2.5,200,79.8,0
25/6/2025,Wednesday,AH,1.3,61,65.5,0
25/6/2025,Wednesday,CGH,2.7,391,85.3,0
25/6/2025,Wednesday,KTPH,2.8,200,72.3,0
25/6/2025,Wednesday,NTFGH,2.3,334,87.5,0
25/6/2025,Wednesday,NUH(A),6.1,285,84.6,0
25/6/2025,Wednesday,SGH,10.2,345,92.7,0
25/6/2025,Wednesday,SKH,8,356,94.9,0
25/6/2025,Wednesday,TTSH,7.9,387,95.7,0
25/6/2025,Wednesday,WH,3.2,210,80.2,0
26/6/2025,Thursday,AH,1.4,49,63.4,0
26/6/2025,Thursday,CGH,1.7,379,84.9,0
26/6/2025,Thursday,KTPH,2.1,213,71.2,0
26/6/2025,Thursday,NTFGH,1.9,317,85.5,0
26/6/2025,Thursday,NUH(A),4.5,325,85,0
26/6/2025,Thursday,SGH,7.7,333,92.6,0
26/6/2025,Thursday,SKH,9.9,368,92.6,0
26/6/2025,Thursday,TTSH,4.5,383,95.7,0
26/6/2025,Thursday,WH,2.5,218,74.6,0
27/6/2025,Friday,AH,1.1,73,63.1,0
27/6/2025,Friday,CGH,1.9,363,82.3,0
27/6/2025,Friday,KTPH,2.3,227,69.9,0
27/6/2025,Friday,NTFGH,2,335,81,0
27/6/2025,Friday,NUH(A),6,295,85.8,0
27/6/2025,Friday,SGH,5.8,342,89.2,0
27/6/2025,Friday,SKH,4.7,353,94.3,0
27/6/2025,Friday,TTSH,4.2,359,90,0
27/6/2025,Friday,WH,2.9,189,77.1,0
28/6/2025,Saturday,AH,1.4,62,59.6,0
28/6/2025,Saturday,CGH,0.9,320,80.5,0
28/6/2025,Saturday,KTPH,1.8,191,70.4,0
28/6/2025,Saturday,NTFGH,1.5,245,81.3,0
28/6/2025,Saturday,NUH(A),5.2,235,83,0
28/6/2025,Saturday,SGH,2.9,262,85,0
28/6/2025,Saturday,SKH,9.2,324,93.2,0
28/6/2025,Saturday,TTSH,3.9,352,91.1,0
28/6/2025,Saturday,WH,2.7,182,75.8,0
29/6/2025,Sunday,AH,1.2,73,63.4,0
29/6/2025,Sunday,CGH,1.2,339,83.8,0
29/6/2025,Sunday,KTPH,1.8,225,74.5,0
29/6/2025,Sunday,NTFGH,1.6,319,84.6,0
29/6/2025,Sunday,NUH(A),5.2,256,84.9,0
29/6/2025,Sunday,SGH,2,271,85.7,0
29/6/2025,Sunday,SKH,5.4,396,94.7,0
29/6/2025,Sunday,TTSH,3.9,319,93.8,0
29/6/2025,Sunday,WH,3,222,80.2,0
30/6/2025,Monday,AH,1.2,80,67.9,0
30/6/2025,Monday,CGH,3.7,442,87,0
30/6/2025,Monday,KTPH,2.5,235,77.3,0
30/6/2025,Monday,NTFGH,2.3,398,90.2,0
30/6/2025,Monday,NUH(A),6.4,375,87.5,0
30/6/2025,Monday,SGH,6.3,394,91.7,0
30/6/2025,Monday,SKH,6.9,403,96.4,0
30/6/2025,Monday,TTSH,5.5,440,95.7,0
30/6/2025,Monday,WH,3.1,241,83.4,0
1/7/2025,Tuesday,AH,1.7,68,69,0
1/7/2025,Tuesday,CGH,6.8,394,85.7,0
1/7/2025,Tuesday,KTPH,2.7,244,81.9,0
1/7/2025,Tuesday,NTFGH,2.2,354,84.6,0
1/7/2025,Tuesday,NUH(A),9.4,334,88.5,0
1/7/2025,Tuesday,SGH,7.6,304,92.6,0
1/7/2025,Tuesday,SKH,15.1,404,96.8,0
1/7/2025,Tuesday,TTSH,5.8,393,94.8,0
1/7/2025,Tuesday,WH,3.1,239,79.8,0
2/7/2025,Wednesday,AH,1.5,66,68.6,0
2/7/2025,Wednesday,CGH,5.7,389,86.9,0
2/7/2025,Wednesday,KTPH,2.1,213,78.8,0
2/7/2025,Wednesday,NTFGH,2.6,349,85.1,0
2/7/2025,Wednesday,NUH(A),8.4,290,88.2,0
2/7/2025,Wednesday,SGH,4.4,351,89.9,0
2/7/2025,Wednesday,SKH,13.3,386,96.7,0
2/7/2025,Wednesday,TTSH,5.4,372,94.3,0
2/7/2025,Wednesday,WH,3,217,77.6,0
3/7/2025,Thursday,AH,1.8,64,64.5,0
3/7/2025,Thursday,CGH,5.4,347,87.2,0
3/7/2025,Thursday,KTPH,2.5,259,76,0
3/7/2025,Thursday,NTFGH,2.1,318,86.1,0
3/7/2025,Thursday,NUH(A),6.3,316,85.9,0
3/7/2025,Thursday,SGH,3.1,327,89.9,0
3/7/2025,Thursday,SKH,13.1,393,95.3,0
3/7/2025,Thursday,TTSH,3.8,369,90.2,0
3/7/2025,Thursday,WH,3.1,200,75.9,0
4/7/2025,Friday,AH,1.7,66,62.7,0
4/7/2025,Friday,CGH,3.8,356,82,0
4/7/2025,Friday,KTPH,2.2,208,72.9,0
4/7/2025,Friday,NTFGH,1.7,338,81.3,0
4/7/2025,Friday,NUH(A),6.8,317,85.4,0
4/7/2025,Friday,SGH,2.4,299,85.1,0
4/7/2025,Friday,SKH,11.4,379,95.4,0
4/7/2025,Friday,TTSH,3.8,396,86.9,0
4/7/2025,Friday,WH,2.8,228,72.4,0
5/7/2025,Saturday,AH,1,67,58.5,0
5/7/2025,Saturday,CGH,1.2,343,80.5,0
5/7/2025,Saturday,KTPH,1.7,199,71.9,0
5/7/2025,Saturday,NTFGH,1.7,291,80.7,0
5/7/2025,Saturday,NUH(A),4.8,256,80.5,0
5/7/2025,Saturday,SGH,1.3,303,82.6,0
5/7/2025,Saturday,SKH,6.3,311,94.2,0
5/7/2025,Saturday,TTSH,3.5,307,88.2,0
5/7/2025,Saturday,WH,2.8,200,70.4,0
6/7/2025,Sunday,AH,1,76,61.3,0
6/7/2025,Sunday,CGH,0.9,326,84.5,0
6/7/2025,Sunday,KTPH,1.7,177,73.5,0
6/7/2025,Sunday,NTFGH,2.8,403,89,0
6/7/2025,Sunday,NUH(A),3,261,82,0
6/7/2025,Sunday,SGH,1.3,250,84.3,0
6/7/2025,Sunday,SKH,7.4,351,96.8,0
6/7/2025,Sunday,TTSH,3.5,348,93.5,0
6/7/2025,Sunday,WH,2.7,218,79,0
7/7/2025,Monday,AH,0.8,86,65.2,0
7/7/2025,Monday,CGH,3.2,459,87.1,0
7/7/2025,Monday,KTPH,2,270,76.7,0
7/7/2025,Monday,NTFGH,2.8,354,88.5,0
7/7/2025,Monday,NUH(A),4.1,362,85.3,0
7/7/2025,Monday,SGH,3.2,399,90.1,0
7/7/2025,Monday,SKH,5.5,462,98.2,0
7/7/2025,Monday,TTSH,5.2,434,92.6,0
7/7/2025,Monday,WH,3.6,233,81.8,0
8/7/2025,Tuesday,AH,1.2,64,64.1,0
8/7/2025,Tuesday,CGH,4.1,387,85.1,0
8/7/2025,Tuesday,KTPH,2.8,236,78.4,0
8/7/2025,Tuesday,NTFGH,2.6,344,87,0
8/7/2025,Tuesday,NUH(A),6.8,329,86.4,0
8/7/2025,Tuesday,SGH,5.6,351,90.6,0
8/7/2025,Tuesday,SKH,12.1,392,97.8,0
8/7/2025,Tuesday,TTSH,7.1,425,95,0
8/7/2025,Tuesday,WH,4,272,84.4,0
9/7/2025,Wednesday,AH,1.5,64,64.5,0
9/7/2025,Wednesday,CGH,3.8,365,83.7,0
9/7/2025,Wednesday,KTPH,2.5,210,75,0
9/7/2025,Wednesday,NTFGH,1.7,337,80.6,0
9/7/2025,Wednesday,NUH(A),3.9,300,86.7,0
9/7/2025,Wednesday,SGH,5.3,330,91.6,0
9/7/2025,Wednesday,SKH,16.9,344,97.8,0
9/7/2025,Wednesday,TTSH,4.2,382,93.4,0
9/7/2025,Wednesday,WH,5,205,85,0
10/7/2025,Thursday,AH,0.7,58,65.2,0
10/7/2025,Thursday,CGH,1.2,381,83.9,0
10/7/2025,Thursday,KTPH,2.2,227,74.8,0
10/7/2025,Thursday,NTFGH,1.6,317,79.4,0
10/7/2025,Thursday,NUH(A),6.5,300,86.2,0
10/7/2025,Thursday,SGH,6.1,329,90,0
10/7/2025,Thursday,SKH,16.7,388,96.4,0
10/7/2025,Thursday,TTSH,4.1,370,92.4,0
10/7/2025,Thursday,WH,3.2,186,80,0
11/7/2025,Friday,AH,1.4,70,63.1,0
11/7/2025,Friday,CGH,1.2,398,81.9,0
11/7/2025,Friday,KTPH,2.1,197,69.9,0
11/7/2025,Friday,NTFGH,1.5,262,78,0
11/7/2025,Friday,NUH(A),5.3,318,84.4,0
11/7/2025,Friday,SGH,2.8,321,85.8,0
11/7/2025,Friday,SKH,9.1,372,93.4,0
11/7/2025,Friday,TTSH,3.6,377,90.2,0
11/7/2025,Friday,WH,2.5,94,70,0
12/7/2025,Saturday,AH,1.5,57,58.5,0
12/7/2025,Saturday,CGH,0.7,337,83.7,0
12/7/2025,Saturday,KTPH,2.2,191,69.9,0
12/7/2025,Saturday,NTFGH,1.6,276,81.6,0
12/7/2025,Saturday,NUH(A),5.3,255,80.9,0
12/7/2025,Saturday,SGH,2,269,82.7,0
12/7/2025,Saturday,SKH,5,291,93.7,0
12/7/2025,Saturday,TTSH,4.3,327,91.3,0
12/7/2025,Saturday,WH,3,167,68.9,0
13/7/2025,Sunday,AH,1,80,63.8,0
13/7/2025,Sunday,CGH,1.1,296,85.2,0
13/7/2025,Sunday,KTPH,1.5,203,73.1,0
13/7/2025,Sunday,NTFGH,1.6,276,81.6,0
13/7/2025,Sunday,NUH(A),4,261,83.9,0
13/7/2025,Sunday,SGH,1.4,243,83.9,0
13/7/2025,Sunday,SKH,2.6,380,96.7,0
13/7/2025,Sunday,TTSH,4.8,345,95.3,0
13/7/2025,Sunday,WH,2.2,213,75.2,0
14/7/2025,Monday,AH,1.6,81,68.6,0
14/7/2025,Monday,CGH,3,424,87.8,0
14/7/2025,Monday,KTPH,1.9,261,77.5,0
14/7/2025,Monday,NTFGH,2.1,408,84.9,0
14/7/2025,Monday,NUH(A),4.6,362,85.8,0
14/7/2025,Monday,SGH,2.7,381,87.2,0
14/7/2025,Monday,SKH,3.9,434,97.2,0
14/7/2025,Monday,TTSH,6.8,436,95,0
14/7/2025,Monday,WH,3,237,79.3,0
15/7/2025,Tuesday,AH,1.3,57,72.8,0
15/7/2025,Tuesday,CGH,3.6,364,85.5,0
15/7/2025,Tuesday,KTPH,2.4,232,75.4,0
15/7/2025,Tuesday,NTFGH,2.4,362,86.7,0
15/7/2025,Tuesday,NUH(A),4.9,323,85.4,0
15/7/2025,Tuesday,SGH,2.6,344,89,0
15/7/2025,Tuesday,SKH,9.1,383,94.7,0
15/7/2025,Tuesday,TTSH,7.8,424,94.2,0
15/7/2025,Tuesday,WH,3.3,218,79.4,0
16/7/2025,Wednesday,AH,1.1,62,70,0
16/7/2025,Wednesday,CGH,2.7,413,85.2,0
16/7/2025,Wednesday,KTPH,1.9,210,72.7,0
16/7/2025,Wednesday,NTFGH,3.1,341,89.1,0
16/7/2025,Wednesday,NUH(A),4.5,313,84,0
16/7/2025,Wednesday,SGH,3.8,327,89.4,0
16/7/2025,Wednesday,SKH,6.6,355,94.3,0
16/7/2025,Wednesday,TTSH,7,404,95,0
16/7/2025,Wednesday,WH,3.8,233,78.7,0
17/7/2025,Thursday,AH,1,56,70.4,0
17/7/2025,Thursday,CGH,2.3,366,81,0
17/7/2025,Thursday,KTPH,2.1,221,72.6,0
17/7/2025,Thursday,NTFGH,2.1,320,87.6,0
17/7/2025,Thursday,NUH(A),3.6,334,84.5,0
17/7/2025,Thursday,SGH,5.5,298,89.3,0
17/7/2025,Thursday,SKH,4.9,348,93.6,0
17/7/2025,Thursday,TTSH,4.9,374,91.8,0
17/7/2025,Thursday,WH,3.2,229,78.5,0
18/7/2025,Friday,AH,1.2,77,71.1,0
18/7/2025,Friday,CGH,1.5,348,78.5,0
18/7/2025,Friday,KTPH,2.3,231,70.6,0
18/7/2025,Friday,NTFGH,2,329,85.2,0
18/7/2025,Friday,NUH(A),5.6,288,82.6,0
18/7/2025,Friday,SGH,2.2,303,84.8,0
18/7/2025,Friday,SKH,2.7,385,92.6,0
18/7/2025,Friday,TTSH,4.2,376,89,0
18/7/2025,Friday,WH,3.5,226,74.6,0
19/7/2025,Saturday,AH,0.7,63,76.3,0
19/7/2025,Saturday,CGH,0.8,375,79.6,0
19/7/2025,Saturday,KTPH,2.5,197,73.4,0
19/7/2025,Saturday,NTFGH,1.8,279,87,0
19/7/2025,Saturday,NUH(A),5.4,287,79.4,0
19/7/2025,Saturday,SGH,1.5,310,81.3,0
19/7/2025,Saturday,SKH,2.9,345,92.6,0
19/7/2025,Saturday,TTSH,3.3,344,89.7,0
19/7/2025,Saturday,WH,2.8,174,74,0
20/7/2025,Sunday,AH,1.4,52,78.7,0
20/7/2025,Sunday,CGH,1.2,329,83.8,0
20/7/2025,Sunday,KTPH,2.2,196,77.5,0
20/7/2025,Sunday,NTFGH,2.1,284,90,0
20/7/2025,Sunday,NUH(A),4.2,259,82.4,0
20/7/2025,Sunday,SGH,2.2,277,82.9,0
20/7/2025,Sunday,SKH,3.2,353,94.2,0
20/7/2025,Sunday,TTSH,3.3,301,92.2,0
20/7/2025,Sunday,WH,2.3,186,77.5,0
21/7/2025,Monday,AH,1.3,66,80.1,0
21/7/2025,Monday,CGH,1.8,412,85.7,0
21/7/2025,Monday,KTPH,2.1,303,81.8,0
21/7/2025,Monday,NTFGH,3.8,409,90.8,0
21/7/2025,Monday,NUH(A),6.6,320,86.7,0
21/7/2025,Monday,SGH,6,365,88.7,0
21/7/2025,Monday,SKH,8.3,427,95.3,0
21/7/2025,Monday,TTSH,5.3,452,92.2,0
21/7/2025,Monday,WH,3.2,291,83.3,0
22/7/2025,Tuesday,AH,2,66,76,0
22/7/2025,Tuesday,CGH,2,395,86.1,0
22/7/2025,Tuesday,KTPH,2.3,231,80,0
22/7/2025,Tuesday,NTFGH,3.4,334,86.4,0
22/7/2025,Tuesday,NUH(A),5.9,328,88,0
22/7/2025,Tuesday,SGH,7.6,324,90.5,0
22/7/2025,Tuesday,SKH,13.7,369,94.7,0
22/7/2025,Tuesday,TTSH,6.4,379,90.9,0
22/7/2025,Tuesday,WH,5.3,237,84.8,0
23/7/2025,Wednesday,AH,0.9,66,73.5,0
23/7/2025,Wednesday,CGH,2.7,364,84.9,0
23/7/2025,Wednesday,KTPH,2.5,222,76.9,0
23/7/2025,Wednesday,NTFGH,2.2,347,86.5,0
23/7/2025,Wednesday,NUH(A),7.1,304,86.2,0
23/7/2025,Wednesday,SGH,3.7,298,88.3,0
23/7/2025,Wednesday,SKH,15.4,362,91.2,0
23/7/2025,Wednesday,TTSH,5.4,406,90.9,0
23/7/2025,Wednesday,WH,4.6,241,84.9,0
24/7/2025,Thursday,AH,1.4,65,71.1,0
24/7/2025,Thursday,CGH,2.5,388,84.7,0
24/7/2025,Thursday,KTPH,2.6,213,73.5,0
24/7/2025,Thursday,NTFGH,2.4,351,86.4,0
24/7/2025,Thursday,NUH(A),5.8,297,84.1,0
24/7/2025,Thursday,SGH,3.1,345,88.1,0
24/7/2025,Thursday,SKH,8.8,379,92.7,0
24/7/2025,Thursday,TTSH,5.4,358,91.5,0
24/7/2025,Thursday,WH,4.9,209,85.8,0
25/7/2025,Friday,AH,3.7,52,66.2,0
25/7/2025,Friday,CGH,1.2,387,80.6,0
25/7/2025,Friday,KTPH,3.3,215,70.7,0
25/7/2025,Friday,NTFGH,2.2,314,86.6,0
25/7/2025,Friday,NUH(A),4.2,274,83.8,0
25/7/2025,Friday,SGH,3.3,336,85.4,0
25/7/2025,Friday,SKH,5.3,367,91,0
25/7/2025,Friday,TTSH,6.5,367,89.7,0
25/7/2025,Friday,WH,3.8,218,79.2,0
26/7/2025,Saturday,AH,1.1,47,64.1,0
26/7/2025,Saturday,CGH,0.8,301,79.2,0
26/7/2025,Saturday,KTPH,2.2,208,71.2,0
26/7/2025,Saturday,NTFGH,1.7,276,86.2,0
26/7/2025,Saturday,NUH(A),3.6,238,76.5,0
26/7/2025,Saturday,SGH,1.6,277,82.3,0
26/7/2025,Saturday,SKH,2.3,331,89.3,0
26/7/2025,Saturday,TTSH,4.3,353,89.4,0
26/7/2025,Saturday,WH,2.5,162,72.4,0
27/7/2025,Sunday,AH,1.1,60,66.9,0
27/7/2025,Sunday,CGH,1.2,293,82.6,0
27/7/2025,Sunday,KTPH,1.6,203,75.7,0
27/7/2025,Sunday,NTFGH,1.9,294,89,0
27/7/2025,Sunday,NUH(A),2.7,256,78.9,0
27/7/2025,Sunday,SGH,1.2,253,82.8,0
27/7/2025,Sunday,SKH,2.2,377,92.7,0
27/7/2025,Sunday,TTSH,4.1,318,92.9,0
27/7/2025,Sunday,WH,2.5,211,76.3,0
28/7/2025,Monday,AH,1.3,81,70.4,0
28/7/2025,Monday,CGH,2,399,84.9,0
28/7/2025,Monday,KTPH,2.5,269,77.6,0
28/7/2025,Monday,NTFGH,2.4,383,92,0
28/7/2025,Monday,NUH(A),4,351,84.3,0
28/7/2025,Monday,SGH,2.6,324,85.6,0
28/7/2025,Monday,SKH,5.1,446,93.3,0
28/7/2025,Monday,TTSH,5.4,464,93.2,0
28/7/2025,Monday,WH,3.6,263,78.5,0
29/7/2025,Tuesday,AH,1.2,58,67.6,0
29/7/2025,Tuesday,CGH,2.7,397,85.6,0
29/7/2025,Tuesday,KTPH,2.9,214,77.3,0
29/7/2025,Tuesday,NTFGH,2.2,367,90.5,0
29/7/2025,Tuesday,NUH(A),3.7,296,86.3,0
29/7/2025,Tuesday,SGH,3.4,352,86.1,0
29/7/2025,Tuesday,SKH,11.8,370,90.4,0
29/7/2025,Tuesday,TTSH,7.5,411,93.4,0
29/7/2025,Tuesday,WH,3.2,246,81.7,0
30/7/2025,Wednesday,AH,1.4,75,69.3,0
30/7/2025,Wednesday,CGH,1.4,387,88,0
30/7/2025,Wednesday,KTPH,2,232,76.5,0
30/7/2025,Wednesday,NTFGH,2,308,88.6,0
30/7/2025,Wednesday,NUH(A),3.8,302,83.5,0
30/7/2025,Wednesday,SGH,3.6,329,86.1,0
30/7/2025,Wednesday,SKH,6.4,369,93,0
30/7/2025,Wednesday,TTSH,6,364,94.5,0
30/7/2025,Wednesday,WH,4.2,232,84.2,0
31/7/2025,Thursday,AH,1.3,43,64.8,0
31/7/2025,Thursday,CGH,2.5,386,86.5,0
31/7/2025,Thursday,KTPH,2.3,225,77.9,0
31/7/2025,Thursday,NTFGH,1.9,328,85.6,0
31/7/2025,Thursday,NUH(A),3.5,288,81.8,0
31/7/2025,Thursday,SGH,2.8,297,88,0
31/7/2025,Thursday,SKH,5.5,363,93,0
31/7/2025,Thursday,TTSH,6.6,377,93.5,0
31/7/2025,Thursday,WH,4.8,228,80.9,0
1/8/2025,Friday,AH,1.3,57,64.1,0
1/8/2025,Friday,CGH,2.1,406,83.6,0
1/8/2025,Friday,KTPH,2.5,205,71.7,0
1/8/2025,Friday,NTFGH,2.2,336,87.5,0
1/8/2025,Friday,NUH(A),3.1,263,78.2,0
1/8/2025,Friday,SGH,2.6,309,86.6,0
1/8/2025,Friday,SKH,3.7,383,87.7,0
1/8/2025,Friday,TTSH,5.2,374,89.6,0
1/8/2025,Friday,WH,3,211,78.1,0
2/8/2025,Saturday,AH,1.2,60,65.9,0
2/8/2025,Saturday,CGH,0.9,314,83.8,0
2/8/2025,Saturday,KTPH,1.8,191,72.9,0
2/8/2025,Saturday,NTFGH,2.1,300,87.8,0
2/8/2025,Saturday,NUH(A),3.6,229,73.3,0
2/8/2025,Saturday,SGH,1.5,291,80.5,0
2/8/2025,Saturday,SKH,3.2,309,85.4,0
2/8/2025,Saturday,TTSH,4.5,302,90.4,0
2/8/2025,Saturday,WH,3.8,196,79.6,0
3/8/2025,Sunday,AH,1.3,74,69,0
3/8/2025,Sunday,CGH,1.1,325,82.6,0
3/8/2025,Sunday,KTPH,1.8,219,76.8,0
3/8/2025,Sunday,NTFGH,3.7,299,90.7,0
3/8/2025,Sunday,NUH(A),2.3,269,78.2,0
3/8/2025,Sunday,SGH,2.2,268,83,0
3/8/2025,Sunday,SKH,2.8,367,88.2,0
3/8/2025,Sunday,TTSH,4.6,357,94,0
3/8/2025,Sunday,WH,3.1,197,79.9,0
4/8/2025,Monday,AH,2,73,72.8,0
4/8/2025,Monday,CGH,5.2,470,84.9,0
4/8/2025,Monday,KTPH,2.2,262,79.1,0
4/8/2025,Monday,NTFGH,3.3,368,91.4,0
4/8/2025,Monday,NUH(A),4.2,360,82.5,0
4/8/2025,Monday,SGH,3.2,352,87.5,0
4/8/2025,Monday,SKH,4.4,431,91,0
4/8/2025,Monday,TTSH,6.1,417,95.2,0
4/8/2025,Monday,WH,3.2,238,82.7,0
5/8/2025,Tuesday,AH,1.4,59,72.1,0
5/8/2025,Tuesday,CGH,10.4,370,85.6,0
5/8/2025,Tuesday,KTPH,2.6,255,82.5,0
5/8/2025,Tuesday,NTFGH,2.3,334,89.3,0
5/8/2025,Tuesday,NUH(A),6.5,333,85.5,0
5/8/2025,Tuesday,SGH,3.3,334,87.7,0
5/8/2025,Tuesday,SKH,5.5,372,90.4,0
5/8/2025,Tuesday,TTSH,6.2,375,94.7,0
5/8/2025,Tuesday,WH,5.4,236,84,0
6/8/2025,Wednesday,AH,1.2,61,70.4,0
6/8/2025,Wednesday,CGH,4.4,378,88,0
6/8/2025,Wednesday,KTPH,2.5,220,80.1,0
6/8/2025,Wednesday,NTFGH,2.4,350,87.1,0
6/8/2025,Wednesday,NUH(A),4.9,317,84,0
6/8/2025,Wednesday,SGH,2.3,323,88.7,0
6/8/2025,Wednesday,SKH,4.3,347,89.8,0
6/8/2025,Wednesday,TTSH,5,386,94.3,0
6/8/2025,Wednesday,WH,2.9,238,81.9,0
7/8/2025,Thursday,AH,1,47,73.2,0
7/8/2025,Thursday,CGH,4.5,351,86.5,0
7/8/2025,Thursday,KTPH,2.1,236,78.9,0
7/8/2025,Thursday,NTFGH,2.3,340,85.1,0
7/8/2025,Thursday,NUH(A),5.6,306,84.9,0
7/8/2025,Thursday,SGH,2.2,324,87.7,0
7/8/2025,Thursday,SKH,3.2,358,88.3,0
7/8/2025,Thursday,TTSH,4.9,405,95.7,0
7/8/2025,Thursday,WH,2.8,217,82.1,0
8/8/2025,Friday,AH,1.5,50,59.9,0
8/8/2025,Friday,CGH,3,362,83.6,0
8/8/2025,Friday,KTPH,3.1,183,72.3,0
8/8/2025,Friday,NTFGH,1.9,311,80,0
8/8/2025,Friday,NUH(A),4.1,298,81.4,0
8/8/2025,Friday,SGH,2.2,324,83.7,0
8/8/2025,Friday,SKH,2.8,343,84.9,0
8/8/2025,Friday,TTSH,4.8,367,91.5,0
8/8/2025,Friday,WH,2.9,191,75.1,0
9/8/2025,Saturday,AH,0.7,49,56.8,1
9/8/2025,Saturday,CGH,1.8,281,83.8,1
9/8/2025,Saturday,KTPH,2.2,191,70.8,1
9/8/2025,Saturday,NTFGH,1.7,256,79.3,1
9/8/2025,Saturday,NUH(A),3.2,242,78.4,1
9/8/2025,Saturday,SGH,1.8,256,80.7,1
9/8/2025,Saturday,SKH,1.7,290,84.2,1
9/8/2025,Saturday,TTSH,4.1,319,92.6,1
9/8/2025,Saturday,WH,2.6,157,72,1
10/8/2025,Sunday,AH,1.1,55,57.5,0
10/8/2025,Sunday,CGH,1.7,338,87.3,0
10/8/2025,Sunday,KTPH,1.9,199,74.2,0
10/8/2025,Sunday,NTFGH,1.9,292,84.1,0
10/8/2025,Sunday,NUH(A),2.5,262,80.5,0
10/8/2025,Sunday,SGH,1,268,82.4,0
10/8/2025,Sunday,SKH,1.7,350,85.9,0
10/8/2025,Sunday,TTSH,3.4,315,95.8,0
10/8/2025,Sunday,WH,2.5,192,77.1,0
11/8/2025,Monday,AH,1.8,74,59.6,0
11/8/2025,Monday,CGH,12.4,401,88.3,0
11/8/2025,Monday,KTPH,2.5,253,78,0
11/8/2025,Monday,NTFGH,2.2,396,90.4,0
11/8/2025,Monday,NUH(A),5.1,359,85.2,0
11/8/2025,Monday,SGH,1.8,360,85.3,0
11/8/2025,Monday,SKH,2.9,432,88.3,0
11/8/2025,Monday,TTSH,6.7,423,98.9,0
11/8/2025,Monday,WH,2.9,252,74.8,0
12/8/2025,Tuesday,AH,1.1,51,58.2,0
12/8/2025,Tuesday,CGH,12.9,381,87.5,0
12/8/2025,Tuesday,KTPH,2.8,254,77.5,0
12/8/2025,Tuesday,NTFGH,2.7,359,89.1,0
12/8/2025,Tuesday,NUH(A),7.4,328,86.2,0
12/8/2025,Tuesday,SGH,1.8,317,87.5,0
12/8/2025,Tuesday,SKH,3.2,388,88.5,0
12/8/2025,Tuesday,TTSH,7.2,384,98,0
12/8/2025,Tuesday,WH,2.9,236,76.4,0
13/8/2025,Wednesday,AH,1.3,47,62.4,0
13/8/2025,Wednesday,CGH,8.6,362,87.3,0
13/8/2025,Wednesday,KTPH,2.1,224,76.3,0
13/8/2025,Wednesday,NTFGH,2.2,338,86,0
13/8/2025,Wednesday,NUH(A),5,312,85.8,0
13/8/2025,Wednesday,SGH,2.3,339,85.3,0
13/8/2025,Wednesday,SKH,2.8,354,88.5,0
13/8/2025,Wednesday,TTSH,8.3,381,99.3,0
13/8/2025,Wednesday,WH,2.5,219,76,0
14/8/2025,Thursday,AH,1.3,50,60.6,0
14/8/2025,Thursday,CGH,2.4,385,85.9,0
14/8/2025,Thursday,KTPH,2.2,215,76.5,0
14/8/2025,Thursday,NTFGH,2,350,85,0
14/8/2025,Thursday,NUH(A),5,338,85.9,0
14/8/2025,Thursday,SGH,3,309,85,0
14/8/2025,Thursday,SKH,4.4,348,87.9,0
14/8/2025,Thursday,TTSH,7,397,94.1,0
14/8/2025,Thursday,WH,2.7,249,77.1,0
15/8/2025,Friday,AH,1.5,61,58.5,0
15/8/2025,Friday,CGH,2.7,383,84.6,0
15/8/2025,Friday,KTPH,2.5,237,73.3,0
15/8/2025,Friday,NTFGH,1.7,359,84.1,0
15/8/2025,Friday,NUH(A),5.9,296,82.4,0
15/8/2025,Friday,SGH,2.8,318,82.9,0
15/8/2025,Friday,SKH,3.8,370,87.7,0
15/8/2025,Friday,TTSH,5.4,341,87.5,0
15/8/2025,Friday,WH,2.2,192,72.4,0
16/8/2025,Saturday,AH,0.9,44,53.7,0
16/8/2025,Saturday,CGH,2.5,305,84,0
16/8/2025,Saturday,KTPH,2.5,186,70,0
16/8/2025,Saturday,NTFGH,1.7,264,80.3,0
16/8/2025,Saturday,NUH(A),2.9,279,80.5,0
16/8/2025,Saturday,SGH,1.9,297,81.5,0
16/8/2025,Saturday,SKH,2.8,309,89,0
16/8/2025,Saturday,TTSH,3.7,340,88.8,0
16/8/2025,Saturday,WH,2.5,169,69,0
17/8/2025,Sunday,AH,1.4,60,59.2,0
17/8/2025,Sunday,CGH,1.6,317,85.2,0
17/8/2025,Sunday,KTPH,2.2,174,74.2,0
17/8/2025,Sunday,NTFGH,1.8,306,85.9,0
17/8/2025,Sunday,NUH(A),2.9,282,83.5,0
17/8/2025,Sunday,SGH,2.5,276,83.6,0
17/8/2025,Sunday,SKH,1.7,329,89.3,0
17/8/2025,Sunday,TTSH,4,338,92,0
17/8/2025,Sunday,WH,2.5,203,73.6,0
18/8/2025,Monday,AH,1.3,85,64.8,0
18/8/2025,Monday,CGH,5,438,86.8,0
18/8/2025,Monday,KTPH,2.5,319,81.7,0
18/8/2025,Monday,NTFGH,2.4,403,91.5,0
18/8/2025,Monday,NUH(A),4.4,371,85,0
18/8/2025,Monday,SGH,5.2,389,87.7,0
18/8/2025,Monday,SKH,5.2,435,90.3,0
18/8/2025,Monday,TTSH,5.7,421,94.8,0
18/8/2025,Monday,WH,3,300,77.8,0
19/8/2025,Tuesday,AH,1.1,62,67.2,0
19/8/2025,Tuesday,CGH,8.6,377,86.9,0
19/8/2025,Tuesday,KTPH,3,245,77.4,0
19/8/2025,Tuesday,NTFGH,2.7,359,90.4,0
19/8/2025,Tuesday,NUH(A),4.7,319,85.5,0
19/8/2025,Tuesday,SGH,3.2,337,90.5,0
19/8/2025,Tuesday,SKH,5.6,367,89.1,0
19/8/2025,Tuesday,TTSH,7.5,378,95.5,0
19/8/2025,Tuesday,WH,3.3,241,77.7,0
20/8/2025,Wednesday,AH,1.9,51,65.2,0
20/8/2025,Wednesday,CGH,5.9,389,85.3,0
20/8/2025,Wednesday,KTPH,3.3,252,79.7,0
20/8/2025,Wednesday,NTFGH,1.8,382,91,0
20/8/2025,Wednesday,NUH(A),5.9,308,84.2,0
20/8/2025,Wednesday,SGH,4.7,338,91.7,0
20/8/2025,Wednesday,SKH,4.5,380,89.3,0
20/8/2025,Wednesday,TTSH,6.9,407,93.4,0
20/8/2025,Wednesday,WH,4.1,213,79,0
21/8/2025,Thursday,AH,1.3,55,67.2,0
21/8/2025,Thursday,CGH,4.1,367,83.2,0
21/8/2025,Thursday,KTPH,2.3,219,78.4,0
21/8/2025,Thursday,NTFGH,2.7,358,90.5,0
21/8/2025,Thursday,NUH(A),4.1,318,85.5,0
21/8/2025,Thursday,SGH,5.9,316,90.8,0
21/8/2025,Thursday,SKH,4.9,375,91,0
21/8/2025,Thursday,TTSH,7.3,387,93.4,0
21/8/2025,Thursday,WH,3.8,242,75.8,0
22/8/2025,Friday,AH,1.3,47,60.3,0
22/8/2025,Friday,CGH,1.8,347,81.4,0
22/8/2025,Friday,KTPH,2.5,223,74.3,0
22/8/2025,Friday,NTFGH,2.3,327,88.3,0
22/8/2025,Friday,NUH(A),4.2,299,82.8,0
22/8/2025,Friday,SGH,6.1,352,88.8,0
22/8/2025,Friday,SKH,4.8,359,89.6,0
22/8/2025,Friday,TTSH,5,379,91,0
22/8/2025,Friday,WH,3.4,196,71.6,0
23/8/2025,Saturday,AH,1.2,58,57.5,0
23/8/2025,Saturday,CGH,1,306,83.1,0
23/8/2025,Saturday,KTPH,1.7,186,73.1,0
23/8/2025,Saturday,NTFGH,1.6,267,84.7,0
23/8/2025,Saturday,NUH(A),3.4,306,80.8,0
23/8/2025,Saturday,SGH,4.4,267,85.4,0
23/8/2025,Saturday,SKH,3.4,341,88.9,0
23/8/2025,Saturday,TTSH,4.5,317,91.9,0
23/8/2025,Saturday,WH,2.4,196,69.9,0
24/8/2025,Sunday,AH,0.9,63,62.4,0
24/8/2025,Sunday,CGH,1.5,319,84.2,0
24/8/2025,Sunday,KTPH,2.1,214,75,0
24/8/2025,Sunday,NTFGH,1.7,348,89.7,0
24/8/2025,Sunday,NUH(A),3.1,257,83,0
24/8/2025,Sunday,SGH,4.4,261,86,0
24/8/2025,Sunday,SKH,2.3,363,92.4,0
24/8/2025,Sunday,TTSH,4.4,304,94.8,0
24/8/2025,Sunday,WH,2.9,201,74.6,0
25/8/2025,Monday,AH,1.2,70,63.8,0
25/8/2025,Monday,CGH,4.7,441,85.7,0
25/8/2025,Monday,KTPH,2.4,289,81.6,0
25/8/2025,Monday,NTFGH,2.6,388,94.2,0
25/8/2025,Monday,NUH(A),3.9,399,84.7,0
25/8/2025,Monday,SGH,9.1,377,91.2,0
25/8/2025,Monday,SKH,8.6,439,94.1,0
25/8/2025,Monday,TTSH,6.1,443,94.1,0
25/8/2025,Monday,WH,3.2,315,77.9,0
26/8/2025,Tuesday,AH,1,69,64.5,0
26/8/2025,Tuesday,CGH,10.4,389,85.3,0
26/8/2025,Tuesday,KTPH,2.8,232,81.8,0
26/8/2025,Tuesday,NTFGH,4.9,371,91.3,0
26/8/2025,Tuesday,NUH(A),4.8,342,84.7,0
26/8/2025,Tuesday,SGH,7.9,328,91.2,0
26/8/2025,Tuesday,SKH,9.7,361,93.8,0
26/8/2025,Tuesday,TTSH,7.2,385,95.1,0
26/8/2025,Tuesday,WH,3.7,259,82.2,0
27/8/2025,Wednesday,AH,0.9,56,65.5,0
27/8/2025,Wednesday,CGH,4.9,352,86.1,0
27/8/2025,Wednesday,KTPH,2.2,228,79.5,0
27/8/2025,Wednesday,NTFGH,3,344,88.9,0
27/8/2025,Wednesday,NUH(A),4.7,323,84.1,0
27/8/2025,Wednesday,SGH,10.1,339,93,0
27/8/2025,Wednesday,SKH,13.1,347,93.4,0
27/8/2025,Wednesday,TTSH,6.7,361,94,0
27/8/2025,Wednesday,WH,4.3,226,79.2,0
28/8/2025,Thursday,AH,1.6,72,62.4,0
28/8/2025,Thursday,CGH,2.9,371,84.9,0
28/8/2025,Thursday,KTPH,2,210,75.6,0
28/8/2025,Thursday,NTFGH,3.6,333,88.5,0
28/8/2025,Thursday,NUH(A),5.7,268,86.4,0
28/8/2025,Thursday,SGH,8.5,319,90.8,0
28/8/2025,Thursday,SKH,6.7,370,90.9,0
28/8/2025,Thursday,TTSH,5.1,385,91.4,0
28/8/2025,Thursday,WH,4.1,261,78,0
29/8/2025,Friday,AH,1.3,45,57.8,0
29/8/2025,Friday,CGH,2.8,360,84.1,0
29/8/2025,Friday,KTPH,2,241,74.4,0
29/8/2025,Friday,NTFGH,2.4,337,82.6,0
29/8/2025,Friday,NUH(A),4.5,313,84.8,0
29/8/2025,Friday,SGH,4,322,87.7,0
29/8/2025,Friday,SKH,7.9,356,89.6,0
29/8/2025,Friday,TTSH,6.7,393,91.4,0
29/8/2025,Friday,WH,3.2,231,76.5,0
30/8/2025,Saturday,AH,1.6,68,58.5,0
30/8/2025,Saturday,CGH,3.2,314,83.3,0
30/8/2025,Saturday,KTPH,2.3,202,76.5,0
30/8/2025,Saturday,NTFGH,1.7,287,84.3,0
30/8/2025,Saturday,NUH(A),3.1,248,78,0
30/8/2025,Saturday,SGH,2.6,302,84.5,0
30/8/2025,Saturday,SKH,3.5,339,88.5,0
30/8/2025,Saturday,TTSH,5.4,337,92.6,0
30/8/2025,Saturday,WH,2.9,182,74.5,0
31/8/2025,Sunday,AH,1.8,82,64.8,0
31/8/2025,Sunday,CGH,4.2,379,85.4,0
31/8/2025,Sunday,KTPH,2,232,81.5,0
31/8/2025,Sunday,NTFGH,1.8,357,87.5,0
31/8/2025,Sunday,NUH(A),2,268,78.2,0
31/8/2025,Sunday,SGH,2.6,283,85.7,0
31/8/2025,Sunday,SKH,2.3,376,91.2,0
31/8/2025,Sunday,TTSH,4.6,373,96.1,0
31/8/2025,Sunday,WH,2.6,227,74.9,0
1/9/2025,Monday,AH,0.7,73,67.6,0
1/9/2025,Monday,CGH,10.1,435,85.8,0
1/9/2025,Monday,KTPH,2.7,305,84.6,0
1/9/2025,Monday,NTFGH,4.4,403,91.7,0
1/9/2025,Monday,NUH(A),3.5,367,82.2,0
1/9/2025,Monday,SGH,8.8,387,91,0
1/9/2025,Monday,SKH,4.3,425,94.1,0
1/9/2025,Monday,TTSH,9.9,418,95.4,0
1/9/2025,Monday,WH,3.1,312,79.5,0
2/9/2025,Tuesday,AH,1,68,64.8,0
2/9/2025,Tuesday,CGH,8.4,377,85.3,0
2/9/2025,Tuesday,KTPH,3,232,82.3,0
2/9/2025,Tuesday,NTFGH,2.2,360,90.4,0
2/9/2025,Tuesday,NUH(A),4.4,270,82,0
2/9/2025,Tuesday,SGH,5.5,345,90.5,0
2/9/2025,Tuesday,SKH,5.6,383,93.9,0
2/9/2025,Tuesday,TTSH,8.2,374,96.6,0
2/9/2025,Tuesday,WH,3.2,251,81.9,0
3/9/2025,Wednesday,AH,1.1,66,61.7,0
3/9/2025,Wednesday,CGH,7.7,386,85,0
3/9/2025,Wednesday,KTPH,2.8,260,78.5,0
3/9/2025,Wednesday,NTFGH,1.9,384,88.6,0
3/9/2025,Wednesday,NUH(A),3.2,316,80.1,0
3/9/2025,Wednesday,SGH,3.4,302,89,0
3/9/2025,Wednesday,SKH,5.4,362,93.4,0
3/9/2025,Wednesday,TTSH,6.3,402,94.9,0
3/9/2025,Wednesday,WH,3.9,248,81.4,0
4/9/2025,Thursday,AH,1.4,67,63.1,0
4/9/2025,Thursday,CGH,8.7,370,85.5,0
4/9/2025,Thursday,KTPH,2,219,76.8,0
4/9/2025,Thursday,NTFGH,1.8,317,88.4,0
4/9/2025,Thursday,NUH(A),3.9,308,81.3,0
4/9/2025,Thursday,SGH,3.7,310,87.3,0
4/9/2025,Thursday,SKH,6,357,93.4,0
4/9/2025,Thursday,TTSH,5.7,388,94,0
4/9/2025,Thursday,WH,3.4,219,79.9,0
5/9/2025,Friday,AH,1.4,50,58.2,0
5/9/2025,Friday,CGH,3.8,351,83.3,0
5/9/2025,Friday,KTPH,2.2,194,71.3,0
5/9/2025,Friday,NTFGH,1.8,277,86.6,0
5/9/2025,Friday,NUH(A),3.4,300,78.7,0
5/9/2025,Friday,SGH,3.1,296,81.9,0
5/9/2025,Friday,SKH,4.4,346,91.2,0
5/9/2025,Friday,TTSH,5.1,358,91.5,0
5/9/2025,Friday,WH,3.5,218,76.6,0
6/9/2025,Saturday,AH,1.2,59,57.1,0
6/9/2025,Saturday,CGH,2.6,332,83.3,0
6/9/2025,Saturday,KTPH,1.8,195,69.7,0
6/9/2025,Saturday,NTFGH,1.8,299,85.5,0
6/9/2025,Saturday,NUH(A),4,268,77.8,0
6/9/2025,Saturday,SGH,1.1,309,79.3,0
6/9/2025,Saturday,SKH,3.3,311,89,0
6/9/2025,Saturday,TTSH,4.3,351,91.6,0
6/9/2025,Saturday,WH,3.2,169,77.5,0
7/9/2025,Sunday,AH,1.2,67,58.2,0
7/9/2025,Sunday,CGH,2.4,293,81.5,0
7/9/2025,Sunday,KTPH,1.7,186,70.4,0
7/9/2025,Sunday,NTFGH,2.8,394,92.2,0
7/9/2025,Sunday,NUH(A),2.9,285,79.6,0
7/9/2025,Sunday,SGH,1.4,285,82.2,0
7/9/2025,Sunday,SKH,4.9,323,90.5,0
7/9/2025,Sunday,TTSH,4.7,349,95,0
7/9/2025,Sunday,WH,2.9,202,81.3,0
8/9/2025,Monday,AH,1.6,72,61.3,0
8/9/2025,Monday,CGH,5.8,410,84.2,0
8/9/2025,Monday,KTPH,1.9,268,73.8,0
8/9/2025,Monday,NTFGH,2.8,337,91,0
8/9/2025,Monday,NUH(A),3.7,351,83.5,0
8/9/2025,Monday,SGH,4.2,395,85.9,0
8/9/2025,Monday,SKH,5.8,398,90.9,0
8/9/2025,Monday,TTSH,6,461,95,0
8/9/2025,Monday,WH,3.3,256,80.3,0
9/9/2025,Tuesday,AH,1.2,53,61.7,0
9/9/2025,Tuesday,CGH,7.2,349,84,0
9/9/2025,Tuesday,KTPH,2.3,195,78.8,0
9/9/2025,Tuesday,NTFGH,2.3,378,90.2,0
9/9/2025,Tuesday,NUH(A),4.6,347,86.1,0
9/9/2025,Tuesday,SGH,5,361,88.3,0
9/9/2025,Tuesday,SKH,9.2,362,90.1,0
9/9/2025,Tuesday,TTSH,8.7,369,95.7,0
9/9/2025,Tuesday,WH,4.5,238,81.9,0
10/9/2025,Wednesday,AH,1.4,54,58.2,0
10/9/2025,Wednesday,CGH,5.7,371,83,0
10/9/2025,Wednesday,KTPH,2.4,222,77,0
10/9/2025,Wednesday,NTFGH,2.2,342,89,0
10/9/2025,Wednesday,NUH(A),5,302,86.5,0
10/9/2025,Wednesday,SGH,4.4,324,90,0
10/9/2025,Wednesday,SKH,4.3,376,92.7,0
10/9/2025,Wednesday,TTSH,6.1,390,92.9,0
10/9/2025,Wednesday,WH,4,249,82.7,0
11/9/2025,Thursday,AH,1.2,58,54.4,0
11/9/2025,Thursday,CGH,2.2,359,82.3,0
11/9/2025,Thursday,KTPH,2.2,202,76.6,0
11/9/2025,Thursday,NTFGH,1.8,304,85.6,0
11/9/2025,Thursday,NUH(A),4.4,330,86.8,0
11/9/2025,Thursday,SGH,6.6,357,89.2,0
11/9/2025,Thursday,SKH,5.4,375,91,0
11/9/2025,Thursday,TTSH,4.7,370,93,0
11/9/2025,Thursday,WH,3.1,239,78.8,0
12/9/2025,Friday,AH,0.9,71,53.7,0
12/9/2025,Friday,CGH,0.9,371,78.3,0
12/9/2025,Friday,KTPH,2.3,201,68.7,0
12/9/2025,Friday,NTFGH,1.9,299,86.5,0
12/9/2025,Friday,NUH(A),4.2,304,85.3,0
12/9/2025,Friday,SGH,4.2,323,87.8,0
12/9/2025,Friday,SKH,3.8,344,91.4,0
12/9/2025,Friday,TTSH,4.5,390,90.5,0
12/9/2025,Friday,WH,2.9,237,75.2,0
13/9/2025,Saturday,AH,0.9,54,49.8,0
13/9/2025,Saturday,CGH,0.6,336,78,0
13/9/2025,Saturday,KTPH,2,195,67.4,0
13/9/2025,Saturday,NTFGH,2.1,333,92.1,0
13/9/2025,Saturday,NUH(A),2.9,263,82.1,0
13/9/2025,Saturday,SGH,2.7,312,85.6,0
13/9/2025,Saturday,SKH,3.8,300,88.8,0
13/9/2025,Saturday,TTSH,4.4,359,95.9,0
13/9/2025,Saturday,WH,2.1,215,73.2,0
14/9/2025,Sunday,AH,1.3,65,53.7,0
14/9/2025,Sunday,CGH,0.9,351,82.2,0
14/9/2025,Sunday,KTPH,2.2,220,73.3,0
14/9/2025,Sunday,NTFGH,2.1,333,92.1,0
14/9/2025,Sunday,NUH(A),4.7,283,82.9,0
14/9/2025,Sunday,SGH,2.8,277,88.4,0
14/9/2025,Sunday,SKH,2.9,394,89.2,0
14/9/2025,Sunday,TTSH,5.2,324,97.6,0
14/9/2025,Sunday,WH,2.7,232,79,0
15/9/2025,Monday,AH,1.1,83,59.6,0
15/9/2025,Monday,CGH,3.1,421,84.5,0
15/9/2025,Monday,KTPH,3,268,78.9,0
15/9/2025,Monday,NTFGH,2.9,388,91.4,0
15/9/2025,Monday,NUH(A),7,399,88.7,0
15/9/2025,Monday,SGH,5.5,368,93.3,0
15/9/2025,Monday,SKH,5.5,419,90,0
15/9/2025,Monday,TTSH,6.8,466,95.2,0
15/9/2025,Monday,WH,5.3,289,86.5,0
16/9/2025,Tuesday,AH,1.6,77,70.9,0
16/9/2025,Tuesday,CGH,5.1,408,85.1,0
16/9/2025,Tuesday,KTPH,2.6,264,77.6,0
16/9/2025,Tuesday,NTFGH,2.9,401,93.2,0
16/9/2025,Tuesday,NUH(A),7.4,349,87.7,0
16/9/2025,Tuesday,SGH,9.1,379,93.3,0
16/9/2025,Tuesday,SKH,9.4,402,93.5,0
16/9/2025,Tuesday,TTSH,7.2,392,93.5,0
16/9/2025,Tuesday,WH,3.6,279,82.8,0
17/9/2025,Wednesday,AH,1.8,64,69.8,0
17/9/2025,Wednesday,CGH,5.5,377,85.1,0
17/9/2025,Wednesday,KTPH,2.5,240,77.3,0
17/9/2025,Wednesday,NTFGH,2.7,351,92.6,0
17/9/2025,Wednesday,NUH(A),8.7,320,89.9,0
17/9/2025,Wednesday,SGH,6.9,366,94.2,0
17/9/2025,Wednesday,SKH,10,356,92.8,0
17/9/2025,Wednesday,TTSH,6.3,377,93,0
17/9/2025,Wednesday,WH,3.3,247,83.4,0
18/9/2025,Thursday,AH,1.3,68,68.1,0
18/9/2025,Thursday,CGH,3.5,395,85.9,0
18/9/2025,Thursday,KTPH,3,243,76,0
18/9/2025,Thursday,NTFGH,2.8,391,90.6,0
18/9/2025,Thursday,NUH(A),7.4,308,88.7,0
18/9/2025,Thursday,SGH,4.5,339,92.2,0
18/9/2025,Thursday,SKH,4.7,377,92,0
18/9/2025,Thursday,TTSH,5.2,395,92.5,0
18/9/2025,Thursday,WH,5.1,282,81.9,0
19/9/2025,Friday,AH,1.3,55,64,0
19/9/2025,Friday,CGH,3.5,373,84.6,0
19/9/2025,Friday,KTPH,2.7,268,75.4,0
19/9/2025,Friday,NTFGH,2.6,358,90.3,0
19/9/2025,Friday,NUH(A),4.3,336,84,0
19/9/2025,Friday,SGH,5.1,337,86.1,0
19/9/2025,Friday,SKH,4.7,380,90.5,0
19/9/2025,Friday,TTSH,4.3,387,88.6,0
19/9/2025,Friday,WH,5,220,80.2,0
20/9/2025,Saturday,AH,1.2,61,58.9,0
20/9/2025,Saturday,CGH,2.7,355,83.8,0
20/9/2025,Saturday,KTPH,2.7,209,75.9,0
20/9/2025,Saturday,NTFGH,1.9,316,89.8,0
20/9/2025,Saturday,NUH(A),4.5,296,81.9,0
20/9/2025,Saturday,SGH,2,296,81.5,0
20/9/2025,Saturday,SKH,4.8,318,92.7,0
20/9/2025,Saturday,TTSH,4.2,368,91.7,0
20/9/2025,Saturday,WH,2.7,209,77.1,0
21/9/2025,Sunday,AH,1.5,90,65.3,0
21/9/2025,Sunday,CGH,2.9,334,86.9,0
21/9/2025,Sunday,KTPH,2.5,261,78.8,0
21/9/2025,Sunday,NTFGH,2.3,342,92.6,0
21/9/2025,Sunday,NUH(A),3.8,305,82.3,0
21/9/2025,Sunday,SGH,1.9,297,83.7,0
21/9/2025,Sunday,SKH,2.2,380,94.5,0
21/9/2025,Sunday,TTSH,4.7,340,94.1,0
21/9/2025,Sunday,WH,2.5,242,79.4,0
22/9/2025,Monday,AH,1.7,91,77.1,0
22/9/2025,Monday,CGH,5.5,456,88.9,0
22/9/2025,Monday,KTPH,3.9,281,81,0
22/9/2025,Monday,NTFGH,4,446,95.8,0
22/9/2025,Monday,NUH(A),6.1,374,89.1,0
22/9/2025,Monday,SGH,7.2,409,90.2,0
22/9/2025,Monday,SKH,11.5,437,92.2,0
22/9/2025,Monday,TTSH,5.9,465,93.8,0
22/9/2025,Monday,WH,4.6,327,82.6,0
23/9/2025,Tuesday,AH,1.6,82,76.8,0
23/9/2025,Tuesday,CGH,10.4,400,87.7,0
23/9/2025,Tuesday,KTPH,6.2,233,81.3,0
23/9/2025,Tuesday,NTFGH,5.3,382,95.8,0
23/9/2025,Tuesday,NUH(A),8.4,348,92.1,0
23/9/2025,Tuesday,SGH,6.5,336,91.1,0
23/9/2025,Tuesday,SKH,6.9,438,94.3,0
23/9/2025,Tuesday,TTSH,7.7,380,95,0
23/9/2025,Tuesday,WH,6.2,292,84.7,0
24/9/2025,Wednesday,AH,1.2,82,75.8,0
24/9/2025,Wednesday,CGH,8.1,386,86.1,0
24/9/2025,Wednesday,KTPH,5.2,244,79.4,0
24/9/2025,Wednesday,NTFGH,3.5,402,94.6,0
24/9/2025,Wednesday,NUH(A),9.6,344,89.8,0
24/9/2025,Wednesday,SGH,4.3,346,90.9,0
24/9/2025,Wednesday,SKH,10.5,367,96.1,0
24/9/2025,Wednesday,TTSH,7.7,405,95.4,0
24/9/2025,Wednesday,WH,4.9,266,83.2,0
25/9/2025,Thursday,AH,1.1,62,71.7,0
25/9/2025,Thursday,CGH,4.4,384,88.1,0
25/9/2025,Thursday,KTPH,2.7,241,76.9,0
25/9/2025,Thursday,NTFGH,2.9,353,93.7,0
25/9/2025,Thursday,NUH(A),7.4,314,88.7,0
25/9/2025,Thursday,SGH,3.9,324,88.1,0
25/9/2025,Thursday,SKH,15.5,378,94.2,0
25/9/2025,Thursday,TTSH,7.2,399,95.5,0
25/9/2025,Thursday,WH,4.2,287,83.8,0
26/9/2025,Friday,AH,1.1,64,67.3,0
26/9/2025,Friday,CGH,4,409,86.5,0
26/9/2025,Friday,KTPH,2.8,244,76.7,0
26/9/2025,Friday,NTFGH,2.3,345,92.7,0
26/9/2025,Friday,NUH(A),5.2,328,84.8,0
26/9/2025,Friday,SGH,3.9,314,85.6,0
26/9/2025,Friday,SKH,6.9,356,92.1,0
26/9/2025,Friday,TTSH,6.5,370,93.4,0
26/9/2025,Friday,WH,2.7,226,73.9,0
27/9/2025,Saturday,AH,1.8,53,67.7,0
27/9/2025,Saturday,CGH,7.3,347,85.8,0
27/9/2025,Saturday,KTPH,2,179,75.5,0
27/9/2025,Saturday,NTFGH,2.7,328,91.5,0
27/9/2025,Saturday,NUH(A),4.3,295,83.2,0
27/9/2025,Saturday,SGH,2.1,299,82.7,0
27/9/2025,Saturday,SKH,4.4,359,92.8,0
27/9/2025,Saturday,TTSH,4.7,337,95.2,0
27/9/2025,Saturday,WH,2.9,260,75.5,0
28/9/2025,Sunday,AH,1.4,74,71,0
28/9/2025,Sunday,CGH,5.7,328,87.5,0
28/9/2025,Sunday,KTPH,2.5,231,80.3,0
28/9/2025,Sunday,NTFGH,3.2,351,94.4,0
28/9/2025,Sunday,NUH(A),3.1,296,82.4,0
28/9/2025,Sunday,SGH,9,291,85.8,0
28/9/2025,Sunday,SKH,4.7,325,93.8,0
28/9/2025,Sunday,TTSH,5.8,332,96.4,0
28/9/2025,Sunday,WH,3.1,242,81,0
29/9/2025,Monday,AH,1.2,91,74.4,0
29/9/2025,Monday,CGH,17.1,462,88.5,0
29/9/2025,Monday,KTPH,3,277,81.5,0
29/9/2025,Monday,NTFGH,4.2,390,96.2,0
29/9/2025,Monday,NUH(A),4.1,384,87.8,0
29/9/2025,Monday,SGH,8.3,364,90,0
29/9/2025,Monday,SKH,5.7,427,94.2,0
29/9/2025,Monday,TTSH,7.9,453,95.9,0
29/9/2025,Monday,WH,3.7,302,85.4,0
30/9/2025,Tuesday,AH,1.8,74,76.1,0
30/9/2025,Tuesday,CGH,12.9,401,88.6,0
30/9/2025,Tuesday,KTPH,4,232,81.3,0
30/9/2025,Tuesday,NTFGH,5.5,367,94.7,0
30/9/2025,Tuesday,NUH(A),5.8,329,86.5,0
30/9/2025,Tuesday,SGH,8.2,313,89,0
30/9/2025,Tuesday,SKH,14.9,401,93.5,0
30/9/2025,Tuesday,TTSH,8.2,431,93.9,0
30/9/2025,Tuesday,WH,2.7,247,81.7,0
1/10/2025,Wednesday,AH,1.3,70,77.1,0
1/10/2025,Wednesday,CGH,12.9,357,86.8,0
1/10/2025,Wednesday,KTPH,2.4,234,82.2,0
1/10/2025,Wednesday,NTFGH,2.8,376,90.9,0
1/10/2025,Wednesday,NUH(A),3.7,330,84.6,0
1/10/2025,Wednesday,SGH,8.9,313,89.1,0
1/10/2025,Wednesday,SKH,7,381,96.1,0
1/10/2025,Wednesday,TTSH,6.7,383,94.4,0
1/10/2025,Wednesday,WH,2.8,213,79.9,0
2/10/2025,Thursday,AH,1.2,50,72.4,0
2/10/2025,Thursday,CGH,5.6,338,87.2,0
2/10/2025,Thursday,KTPH,2.5,245,81.5,0
2/10/2025,Thursday,NTFGH,1.9,361,88.5,0
2/10/2025,Thursday,NUH(A),4.1,295,85,0
2/10/2025,Thursday,SGH,5.3,299,88.6,0
2/10/2025,Thursday,SKH,11.8,352,96,0
2/10/2025,Thursday,TTSH,4.8,344,92.6,0
2/10/2025,Thursday,WH,2.6,272,76.4,0
3/10/2025,Friday,AH,1.5,59,72.1,0
3/10/2025,Friday,CGH,4,384,84.9,0
3/10/2025,Friday,KTPH,2,230,77.1,0
3/10/2025,Friday,NTFGH,1.8,326,84.2,0
3/10/2025,Friday,NUH(A),4.8,285,81.6,0
3/10/2025,Friday,SGH,3.8,340,85.6,0
3/10/2025,Friday,SKH,7.5,352,92.4,0
3/10/2025,Friday,TTSH,4.1,392,85.8,0
3/10/2025,Friday,WH,2.8,230,75.9,0
4/10/2025,Saturday,AH,1.3,73,68,0
4/10/2025,Saturday,CGH,1.9,353,85.8,0
4/10/2025,Saturday,KTPH,2.6,202,75.1,0
4/10/2025,Saturday,NTFGH,2.1,335,87.4,0
4/10/2025,Saturday,NUH(A),3.3,275,78.7,0
4/10/2025,Saturday,SGH,2.6,289,81.8,0
4/10/2025,Saturday,SKH,2.9,333,89.3,0
4/10/2025,Saturday,TTSH,3.6,313,86.3,0
4/10/2025,Saturday,WH,2.4,207,73.7,0
5/10/2025,Sunday,AH,1.1,65,70,0
5/10/2025,Sunday,CGH,4.4,354,86.3,0
5/10/2025,Sunday,KTPH,2.1,218,80.4,0
5/10/2025,Sunday,NTFGH,2.2,335,92.9,0
5/10/2025,Sunday,NUH(A),2.6,253,79.9,0
5/10/2025,Sunday,SGH,3.1,309,83.1,0
5/10/2025,Sunday,SKH,2.9,360,91.3,0
5/10/2025,Sunday,TTSH,4.3,387,91,0
5/10/2025,Sunday,WH,2.3,248,77,0
6/10/2025,Monday,AH,1.2,87,73.3,0
6/10/2025,Monday,CGH,16.9,420,87.3,0
6/10/2025,Monday,KTPH,3.4,320,83.6,0
6/10/2025,Monday,NTFGH,4.2,409,92.4,0
6/10/2025,Monday,NUH(A),5.1,391,83.7,0
6/10/2025,Monday,SGH,10.9,363,88.3,0
6/10/2025,Monday,SKH,5.2,427,90.9,0
6/10/2025,Monday,TTSH,4.6,411,93.3,0
6/10/2025,Monday,WH,3.8,285,79.1,0
7/10/2025,Tuesday,AH,1.6,75,74.7,0
7/10/2025,Tuesday,CGH,13.1,388,87.5,0
7/10/2025,Tuesday,KTPH,4,268,85,0
7/10/2025,Tuesday,NTFGH,2.9,374,92.6,0
7/10/2025,Tuesday,NUH(A),7.1,324,86.9,0
7/10/2025,Tuesday,SGH,5.9,346,88.5,0
7/10/2025,Tuesday,SKH,9.8,399,89.8,0
7/10/2025,Tuesday,TTSH,7,365,91.3,0
7/10/2025,Tuesday,WH,3.5,253,79.4,0
8/10/2025,Wednesday,AH,1.4,75,72.7,0
8/10/2025,Wednesday,CGH,10.8,371,87,0
8/10/2025,Wednesday,KTPH,4.5,248,83,0
8/10/2025,Wednesday,NTFGH,2.4,369,91.7,0
8/10/2025,Wednesday,NUH(A),6.4,335,85.9,0
8/10/2025,Wednesday,SGH,8.1,329,89.6,0
8/10/2025,Wednesday,SKH,5.9,353,91.6,0
8/10/2025,Wednesday,TTSH,5.1,371,91.7,0
8/10/2025,Wednesday,WH,2.4,286,80,0
9/10/2025,Thursday,AH,1.2,59,72.3,0
9/10/2025,Thursday,CGH,4,396,87,0
9/10/2025,Thursday,KTPH,2.5,260,82.7,0
9/10/2025,Thursday,NTFGH,1.9,374,90.5,0
9/10/2025,Thursday,NUH(A),5.9,321,88.9,0
9/10/2025,Thursday,SGH,8.3,344,90.5,0
9/10/2025,Thursday,SKH,9.4,342,90.6,0
9/10/2025,Thursday,TTSH,4,373,90.1,0
9/10/2025,Thursday,WH,2.5,266,78.9,0
10/10/2025,Friday,AH,1.5,68,72,0
10/10/2025,Friday,CGH,4,401,86,0
10/10/2025,Friday,KTPH,2.7,221,80.1,0
10/10/2025,Friday,NTFGH,2.6,344,85.4,0
10/10/2025,Friday,NUH(A),6.6,315,87.7,0
10/10/2025,Friday,SGH,10.1,371,87.4,0
10/10/2025,Friday,SKH,6.1,362,92.4,0
10/10/2025,Friday,TTSH,4.7,369,86.1,0
10/10/2025,Friday,WH,2.5,246,73,0
11/10/2025,Saturday,AH,1.1,55,71.7,0
11/10/2025,Saturday,CGH,5.4,361,86.3,0
11/10/2025,Saturday,KTPH,2,181,77.5,0
11/10/2025,Saturday,NTFGH,2.3,299,86,0
11/10/2025,Saturday,NUH(A),5,288,85.2,0
11/10/2025,Saturday,SGH,5.6,324,86.6,0
11/10/2025,Saturday,SKH,4.8,315,90.1,0
11/10/2025,Saturday,TTSH,3.8,344,87,0
11/10/2025,Saturday,WH,2.3,215,70.5,0
12/10/2025,Sunday,AH,1.2,73,70.3,0
12/10/2025,Sunday,CGH,3.7,318,86.8,0
12/10/2025,Sunday,KTPH,1.8,241,80.5,0
12/10/2025,Sunday,NTFGH,2.2,330,91.3,0
12/10/2025,Sunday,NUH(A),4.5,265,86.5,0
12/10/2025,Sunday,SGH,3.5,275,88.8,0
12/10/2025,Sunday,SKH,3.5,342,92.2,0
12/10/2025,Sunday,TTSH,4,343,91.9,0
12/10/2025,Sunday,WH,2.1,265,75.2,0
13/10/2025,Monday,AH,1.7,74,73,0
13/10/2025,Monday,CGH,18.2,461,86.7,0
13/10/2025,Monday,KTPH,4.4,293,82.7,0
13/10/2025,Monday,NTFGH,3.9,406,93.3,0
13/10/2025,Monday,NUH(A),8.7,354,88.7,0
13/10/2025,Monday,SGH,19.5,405,91.7,0
13/10/2025,Monday,SKH,4.3,420,92.4,0
13/10/2025,Monday,TTSH,4.6,447,93.4,0
13/10/2025,Monday,WH,3,315,78.3,0
14/10/2025,Tuesday,AH,1.4,81,75.3,0
14/10/2025,Tuesday,CGH,19.1,374,87.4,0
14/10/2025,Tuesday,KTPH,2.7,221,82.6,0
14/10/2025,Tuesday,NTFGH,3.7,361,92.2,0
14/10/2025,Tuesday,NUH(A),9,338,90.4,0
14/10/2025,Tuesday,SGH,13.1,340,92.8,0
14/10/2025,Tuesday,SKH,7,366,90.5,0
14/10/2025,Tuesday,TTSH,4.8,393,92.3,0
14/10/2025,Tuesday,WH,2.8,290,79.1,0
15/10/2025,Wednesday,AH,1.6,64,75,0
15/10/2025,Wednesday,CGH,16.4,395,85.5,0
15/10/2025,Wednesday,KTPH,2.7,247,80.7,0
15/10/2025,Wednesday,NTFGH,2.6,370,91.2,0
15/10/2025,Wednesday,NUH(A),7.8,306,89.1,0
15/10/2025,Wednesday,SGH,15.4,339,92.3,0
15/10/2025,Wednesday,SKH,4.4,368,91.1,0
15/10/2025,Wednesday,TTSH,4.6,393,91.3,0
15/10/2025,Wednesday,WH,3.1,257,81.1,0
16/10/2025,Thursday,AH,2.1,72,71,0
16/10/2025,Thursday,CGH,12.8,440,84.7,0
16/10/2025,Thursday,KTPH,4.3,244,83.2,0
16/10/2025,Thursday,NTFGH,2.6,371,90.2,0
16/10/2025,Thursday,NUH(A),5.2,288,85.7,0
16/10/2025,Thursday,SGH,10.2,308,90.6,0
16/10/2025,Thursday,SKH,3.5,346,89.5,0
16/10/2025,Thursday,TTSH,4.3,368,89.7,0
16/10/2025,Thursday,WH,3.4,243,78,0
17/10/2025,Friday,AH,0.8,53,66,0
17/10/2025,Friday,CGH,8.2,396,84,0
17/10/2025,Friday,KTPH,3.1,244,79.4,0
17/10/2025,Friday,NTFGH,2.5,337,86.5,0
17/10/2025,Friday,NUH(A),4.8,310,82,0
17/10/2025,Friday,SGH,8.4,322,88.8,0
17/10/2025,Friday,SKH,2.3,335,86.8,0
17/10/2025,Friday,TTSH,4.2,373,84.8,0
17/10/2025,Friday,WH,2.9,247,73.2,0
18/10/2025,Saturday,AH,1.1,51,62.3,0
18/10/2025,Saturday,CGH,3.9,317,86.2,0
18/10/2025,Saturday,KTPH,3,233,79.5,0
18/10/2025,Saturday,NTFGH,2.2,278,84.7,0
18/10/2025,Saturday,NUH(A),2.4,256,77.5,0
18/10/2025,Saturday,SGH,3.6,295,84.9,0
18/10/2025,Saturday,SKH,1.7,294,83.5,0
18/10/2025,Saturday,TTSH,3.7,338,84.8,0
18/10/2025,Saturday,WH,2.6,208,75.1,0
19/10/2025,Sunday,AH,2,70,64,0
19/10/2025,Sunday,CGH,6.1,326,86.4,0
19/10/2025,Sunday,KTPH,1.8,188,79.3,0
19/10/2025,Sunday,NTFGH,1.6,264,90.7,0
19/10/2025,Sunday,NUH(A),2.5,262,75.3,0
19/10/2025,Sunday,SGH,1.8,298,83.6,0
19/10/2025,Sunday,SKH,2,364,84.3,0
19/10/2025,Sunday,TTSH,3.1,339,87.2,0
19/10/2025,Sunday,WH,2.5,225,79.2,0
20/10/2025,Monday,AH,1.1,81,65,1
20/10/2025,Monday,CGH,6.2,381,87.7,1
20/10/2025,Monday,KTPH,2.7,260,83.4,1
20/10/2025,Monday,NTFGH,1.6,310,88.1,1
20/10/2025,Monday,NUH(A),2.4,296,81.2,1
20/10/2025,Monday,SGH,2.9,327,86,1
20/10/2025,Monday,SKH,2,371,90,1
20/10/2025,Monday,TTSH,3.5,348,91.4,1
20/10/2025,Monday,WH,2.7,244,78.6,1
21/10/2025,Tuesday,AH,1.8,88,68.3,0
21/10/2025,Tuesday,CGH,13.3,494,88.7,0
21/10/2025,Tuesday,KTPH,4.2,297,86.5,0
21/10/2025,Tuesday,NTFGH,2.7,426,91.7,0
21/10/2025,Tuesday,NUH(A),6.2,376,85.2,0
21/10/2025,Tuesday,SGH,10.8,356,90.3,0
21/10/2025,Tuesday,SKH,3.1,426,91.4,0
21/10/2025,Tuesday,TTSH,5,447,92.9,0
21/10/2025,Tuesday,WH,3.4,290,77.4,0
22/10/2025,Wednesday,AH,1.1,67,61,0
22/10/2025,Wednesday,CGH,20.7,384,87.1,0
22/10/2025,Wednesday,KTPH,3,264,85.4,0
22/10/2025,Wednesday,NTFGH,3.4,376,89.4,0
22/10/2025,Wednesday,NUH(A),5.7,332,87.2,0
22/10/2025,Wednesday,SGH,8.1,297,87.2,0
22/10/2025,Wednesday,SKH,7.3,365,92.1,0
22/10/2025,Wednesday,TTSH,5.3,381,93.8,0
22/10/2025,Wednesday,WH,3.9,282,81.2,0
23/10/2025,Thursday,AH,1.3,69,63.3,0
23/10/2025,Thursday,CGH,15.1,375,86.6,0
23/10/2025,Thursday,KTPH,2.4,246,84.3,0
23/10/2025,Thursday,NTFGH,2.9,363,91,0
23/10/2025,Thursday,NUH(A),5.4,329,86.7,0
23/10/2025,Thursday,SGH,8.5,343,89.3,0
23/10/2025,Thursday,SKH,12.3,360,92.2,0
23/10/2025,Thursday,TTSH,5.1,381,91.9,0
23/10/2025,Thursday,WH,3.6,263,81.5,0
24/10/2025,Friday,AH,2,52,58.7,0
24/10/2025,Friday,CGH,9.3,384,84.7,0
24/10/2025,Friday,KTPH,2.3,260,79.5,0
24/10/2025,Friday,NTFGH,2.7,319,87,0
24/10/2025,Friday,NUH(A),5.1,282,82.1,0
24/10/2025,Friday,SGH,18.1,356,89,0
24/10/2025,Friday,SKH,5.5,359,90.7,0
24/10/2025,Friday,TTSH,4.5,397,87.4,0
24/10/2025,Friday,WH,2.7,240,78.1,0
25/10/2025,Saturday,AH,1.4,69,55.3,0
25/10/2025,Saturday,CGH,5.7,322,86.2,0
25/10/2025,Saturday,KTPH,2.3,198,79.2,0
25/10/2025,Saturday,NTFGH,2.4,317,86.2,0
25/10/2025,Saturday,NUH(A),3.8,283,80,0
25/10/2025,Saturday,SGH,20.8,284,86.3,0
25/10/2025,Saturday,SKH,4,316,90.3,0
25/10/2025,Saturday,TTSH,3.7,303,90.1,0
25/10/2025,Saturday,WH,3,203,77.6,0
26/10/2025,Sunday,AH,0.8,74,60.3,0
26/10/2025,Sunday,CGH,3.9,365,88.3,0
26/10/2025,Sunday,KTPH,2.1,227,80.8,0
26/10/2025,Sunday,NTFGH,2.7,308,89.3,0
26/10/2025,Sunday,NUH(A),3.5,263,82.6,0
26/10/2025,Sunday,SGH,20.3,292,87.7,0
26/10/2025,Sunday,SKH,3.1,365,92.2,0
26/10/2025,Sunday,TTSH,4,329,92.8,0
26/10/2025,Sunday,WH,2.8,253,84.1,0
27/10/2025,Monday,AH,1.4,75,63.3,0
27/10/2025,Monday,CGH,11.7,436,88.7,0
27/10/2025,Monday,KTPH,4.7,289,82.5,0
27/10/2025,Monday,NTFGH,4.7,395,93.9,0
27/10/2025,Monday,NUH(A),5.1,371,82.3,0
27/10/2025,Monday,SGH,12.7,376,90.6,0
27/10/2025,Monday,SKH,4.8,425,94.1,0
27/10/2025,Monday,TTSH,6.2,456,93,0
27/10/2025,Monday,WH,3.9,275,86.7,0
28/10/2025,Tuesday,AH,1.3,55,58.3,0
28/10/2025,Tuesday,CGH,13.9,421,88.5,0
28/10/2025,Tuesday,KTPH,4.3,263,83.2,0
28/10/2025,Tuesday,NTFGH,5.2,397,94.4,0
28/10/2025,Tuesday,NUH(A),5.1,314,87.6,0
28/10/2025,Tuesday,SGH,12.2,337,91.3,0
28/10/2025,Tuesday,SKH,11.5,384,92.3,0
28/10/2025,Tuesday,TTSH,7.9,422,92.8,0
28/10/2025,Tuesday,WH,3.8,260,83.7,0
29/10/2025,Wednesday,AH,1,54,58.7,0
29/10/2025,Wednesday,CGH,12.1,395,86.7,0
29/10/2025,Wednesday,KTPH,3.4,251,81.9,0
29/10/2025,Wednesday,NTFGH,5.5,356,94.6,0
29/10/2025,Wednesday,NUH(A),7.4,306,88.1,0
29/10/2025,Wednesday,SGH,9.2,326,90.1,0
29/10/2025,Wednesday,SKH,5.9,360,91.8,0
29/10/2025,Wednesday,TTSH,5.8,394,93.1,0
29/10/2025,Wednesday,WH,3.6,236,84.4,0
30/10/2025,Thursday,AH,1.4,70,61.7,0
30/10/2025,Thursday,CGH,8.3,421,88.6,0
30/10/2025,Thursday,KTPH,2.3,242,79,0
30/10/2025,Thursday,NTFGH,4.6,358,94.2,0
30/10/2025,Thursday,NUH(A),6.2,327,86.5,0
30/10/2025,Thursday,SGH,6.4,341,89.5,0
30/10/2025,Thursday,SKH,6.5,347,89,0
30/10/2025,Thursday,TTSH,4.8,404,90.9,0
30/10/2025,Thursday,WH,3.8,259,80.3,0
31/10/2025,Friday,AH,1.1,55,59.7,0
31/10/2025,Friday,CGH,10.2,396,87.5,0
31/10/2025,Friday,KTPH,2.3,246,74.7,0
31/10/2025,Friday,NTFGH,4.2,359,91.8,0
31/10/2025,Friday,NUH(A),4,314,84.2,0
31/10/2025,Friday,SGH,3.4,319,85.9,0
31/10/2025,Friday,SKH,4.8,298,89.3,0
31/10/2025,Friday,TTSH,5.1,393,90.9,0
31/10/2025,Friday,WH,3,213,76.2,0
1/11/2025,Saturday,AH,1.4,68,60,0
1/11/2025,Saturday,CGH,15,336,87.1,0
1/11/2025,Saturday,KTPH,2.3,215,80.3,0
1/11/2025,Saturday,NTFGH,2.8,290,90.5,0
1/11/2025,Saturday,NUH(A),3.5,277,83.1,0
1/11/2025,Saturday,SGH,5.4,344,83.2,0
1/11/2025,Saturday,SKH,2.5,344,88.1,0
1/11/2025,Saturday,TTSH,5.1,353,91.6,0
1/11/2025,Saturday,WH,2.7,214,75,0
2/11/2025,Sunday,AH,1.3,56,63.7,0
2/11/2025,Sunday,CGH,8.3,332,88.3,0
2/11/2025,Sunday,KTPH,2.4,211,84.1,0
2/11/2025,Sunday,NTFGH,2.3,326,93.4,0
2/11/2025,Sunday,NUH(A),3.7,276,84.2,0
2/11/2025,Sunday,SGH,4.2,280,86.5,0
2/11/2025,Sunday,SKH,1.7,343,91.9,0
2/11/2025,Sunday,TTSH,5.4,334,94,0
2/11/2025,Sunday,WH,2.9,213,79,0
3/11/2025,Monday,AH,1.2,76,69,0
3/11/2025,Monday,CGH,18.9,464,89.7,0
3/11/2025,Monday,KTPH,3.9,292,86.8,0
3/11/2025,Monday,NTFGH,3.9,398,94.8,0
3/11/2025,Monday,NUH(A),4.1,342,86.4,0
3/11/2025,Monday,SGH,15.4,332,90.6,0
3/11/2025,Monday,SKH,4.1,427,93.2,0
3/11/2025,Monday,TTSH,8.5,442,91.8,0
3/11/2025,Monday,WH,3.7,316,82.5,0
4/11/2025,Tuesday,AH,1.2,78,66.7,0
4/11/2025,Tuesday,CGH,16.6,391,90.5,0
4/11/2025,Tuesday,KTPH,6.4,237,87.1,0
4/11/2025,Tuesday,NTFGH,5,347,95.5,0
4/11/2025,Tuesday,NUH(A),5.4,339,86.3,0
4/11/2025,Tuesday,SGH,7.4,353,91.3,0
4/11/2025,Tuesday,SKH,9.7,379,92.8,0
4/11/2025,Tuesday,TTSH,8.2,375,91.6,0
4/11/2025,Tuesday,WH,4.3,249,83.4,0
5/11/2025,Wednesday,AH,1,71,64.7,0
5/11/2025,Wednesday,CGH,16.9,396,87.5,0
5/11/2025,Wednesday,KTPH,4.9,237,84.7,0
5/11/2025,Wednesday,NTFGH,3.1,330,92.2,0
5/11/2025,Wednesday,NUH(A),5.5,335,86.2,0
5/11/2025,Wednesday,SGH,8.2,330,89.8,0
5/11/2025,Wednesday,SKH,7.8,337,91.4,0
5/11/2025,Wednesday,TTSH,6.3,351,90.5,0
5/11/2025,Wednesday,WH,4.5,273,82.3,0
6/11/2025,Thursday,AH,1,71,61.3,0
6/11/2025,Thursday,CGH,17.3,401,86.3,0
6/11/2025,Thursday,KTPH,3.1,252,84,0
6/11/2025,Thursday,NTFGH,2.2,338,89.5,0
6/11/2025,Thursday,NUH(A),3.7,312,84.9,0
6/11/2025,Thursday,SGH,7.3,294,88.8,0
6/11/2025,Thursday,SKH,8.4,304,87.6,0
6/11/2025,Thursday,TTSH,5.7,382,90.8,0
6/11/2025,Thursday,WH,3.7,238,82.7,0
7/11/2025,Friday,AH,1.2,67,57.3,0
7/11/2025,Friday,CGH,6.8,380,87.3,0
7/11/2025,Friday,KTPH,2.8,227,79.7,0
7/11/2025,Friday,NTFGH,2.6,332,86.7,0
7/11/2025,Friday,NUH(A),5.2,303,83.1,0
7/11/2025,Friday,SGH,3.8,316,85.7,0
7/11/2025,Friday,SKH,5.9,337,87.8,0
7/11/2025,Friday,TTSH,4.7,340,88.3,0
7/11/2025,Friday,WH,3.3,211,78,0
8/11/2025,Saturday,AH,1.1,54,57,0
8/11/2025,Saturday,CGH,5.4,335,86,0
8/11/2025,Saturday,KTPH,2.6,211,77.7,0
8/11/2025,Saturday,NTFGH,2.5,311,86,0
8/11/2025,Saturday,NUH(A),3.9,272,80.6,0
8/11/2025,Saturday,SGH,4,316,85.2,0
8/11/2025,Saturday,SKH,3.3,308,88.6,0
8/11/2025,Saturday,TTSH,4.1,340,88.8,0
8/11/2025,Saturday,WH,2.8,218,77.8,0
9/11/2025,Sunday,AH,1.4,97,64,0
9/11/2025,Sunday,CGH,4.6,330,86.8,0
9/11/2025,Sunday,KTPH,2.8,226,81.1,0
9/11/2025,Sunday,NTFGH,1.7,305,90,0
9/11/2025,Sunday,NUH(A),5.9,321,88.9,0
9/11/2025,Sunday,SGH,3.4,284,85,0
9/11/2025,Sunday,SKH,3.5,379,90.2,0
9/11/2025,Sunday,TTSH,4.2,333,91.7,0
9/11/2025,Sunday,WH,2.8,240,79.7,0
10/11/2025,Monday,AH,1,62,66.3,0
10/11/2025,Monday,CGH,6.3,460,88.9,0
10/11/2025,Monday,KTPH,2.8,304,86.4,0
10/11/2025,Monday,NTFGH,2.9,425,91.7,0
10/11/2025,Monday,NUH(A),6.6,315,87.7,0
10/11/2025,Monday,SGH,10.5,365,89.9,0
10/11/2025,Monday,SKH,8,427,92.6,0
10/11/2025,Monday,TTSH,4.3,424,92.1,0
10/11/2025,Monday,WH,3.7,311,81.3,0
11/11/2025,Tuesday,AH,1.1,64,65.3,0
11/11/2025,Tuesday,CGH,8.7,423,90.1,0
11/11/2025,Tuesday,KTPH,3.8,258,84.3,0
11/11/2025,Tuesday,NTFGH,4,336,92.2,0
11/11/2025,Tuesday,NUH(A),5,288,85.2,0
11/11/2025,Tuesday,SGH,9.9,365,91.5,0
11/11/2025,Tuesday,SKH,8.2,374,91.9,0
11/11/2025,Tuesday,TTSH,4.2,379,89.7,0
11/11/2025,Tuesday,WH,3.9,250,83.2,0
12/11/2025,Wednesday,AH,1.6,62,60.3,0
12/11/2025,Wednesday,CGH,9.2,414,88.4,0
12/11/2025,Wednesday,KTPH,3,231,80.2,0
12/11/2025,Wednesday,NTFGH,3.1,334,90.5,0
12/11/2025,Wednesday,NUH(A),4.5,265,86.5,0
12/11/2025,Wednesday,SGH,6.9,330,91.5,0
12/11/2025,Wednesday,SKH,4.1,345,90.9,0
12/11/2025,Wednesday,TTSH,3.7,365,88.7,0
12/11/2025,Wednesday,WH,4.2,233,82.1,0
13/11/2025,Thursday,AH,1.5,59,61.3,0
13/11/2025,Thursday,CGH,7.5,405,87.9,0
13/11/2025,Thursday,KTPH,2.3,205,73.1,0
13/11/2025,Thursday,NTFGH,2.9,337,89.1,0
13/11/2025,Thursday,NUH(A),8.7,354,88.7,0
13/11/2025,Thursday,SGH,7.1,325,89.5,0
13/11/2025,Thursday,SKH,2.5,365,87,0
13/11/2025,Thursday,TTSH,4.2,372,87.5,0
13/11/2025,Thursday,WH,2.9,236,79.4,0
14/11/2025,Friday,AH,1.3,60,60.3,0
14/11/2025,Friday,CGH,5.7,368,84.6,0
14/11/2025,Friday,KTPH,1.9,242,70.6,0
14/11/2025,Friday,NTFGH,2.2,317,86.4,0
14/11/2025,Friday,NUH(A),9,338,90.4,0
14/11/2025,Friday,SGH,6.3,348,88.4,0
14/11/2025,Friday,SKH,2.1,304,86,0
14/11/2025,Friday,TTSH,3.5,378,84,0
14/11/2025,Friday,WH,2.5,218,71.9,0
15/11/2025,Saturday,AH,1.2,67,61.7,0
15/11/2025,Saturday,CGH,4.6,356,87,0
15/11/2025,Saturday,KTPH,2.2,235,70.8,0
15/11/2025,Saturday,NTFGH,1.8,318,87.9,0
15/11/2025,Saturday,NUH(A),7.8,306,89.1,0
15/11/2025,Saturday,SGH,3.2,281,85.7,0
15/11/2025,Saturday,SKH,1.6,315,86.5,0
15/11/2025,Saturday,TTSH,3.4,344,85.7,0
15/11/2025,Saturday,WH,2.4,210,67.3,0
16/11/2025,Sunday,AH,1,78,62.3,0
16/11/2025,Sunday,CGH,4.2,302,87.1,0
16/11/2025,Sunday,KTPH,2.4,226,74.5,0
16/11/2025,Sunday,NTFGH,2.2,282,91.8,0
16/11/2025,Sunday,NUH(A),2.8,248,78.2,0
16/11/2025,Sunday,SGH,4.1,254,86.7,0
16/11/2025,Sunday,SKH,4.1,254,86.7,0
16/11/2025,Sunday,TTSH,3.4,296,89.6,0
16/11/2025,Sunday,WH,2.4,222,71.4,0
17/11/2025,Monday,AH,1.9,73,69.3,0
17/11/2025,Monday,CGH,10.4,461,87.9,0
17/11/2025,Monday,KTPH,2.7,276,79.6,0
17/11/2025,Monday,NTFGH,3,406,92.3,0
17/11/2025,Monday,NUH(A),3.8,342,84.8,0
17/11/2025,Monday,SGH,9.9,381,90.7,0
17/11/2025,Monday,SKH,9.9,381,90.7,0
17/11/2025,Monday,TTSH,4.3,412,91.4,0
17/11/2025,Monday,WH,3.1,285,74.7,0
18/11/2025,Tuesday,AH,1.1,55,72,0
18/11/2025,Tuesday,CGH,16.3,379,88.7,0
18/11/2025,Tuesday,KTPH,3.1,228,79.8,0
18/11/2025,Tuesday,NTFGH,3.3,344,97.1,0
18/11/2025,Tuesday,NUH(A),4,317,83.1,0
18/11/2025,Tuesday,SGH,16.6,295,90.1,0
18/11/2025,Tuesday,SKH,16.6,295,90.1,0
18/11/2025,Tuesday,TTSH,4.2,369,89.6,0
18/11/2025,Tuesday,WH,2.7,250,77.4,0
19/11/2025,Wednesday,AH,1.8,53,66.7,0
19/11/2025,Wednesday,CGH,10.9,405,89.6,0
19/11/2025,Wednesday,KTPH,2.1,228,77.7,0
19/11/2025,Wednesday,NTFGH,2.7,368,89.4,0
19/11/2025,Wednesday,NUH(A),4.4,297,82.9,0
19/11/2025,Wednesday,SGH,14.9,350,90.5,0
19/11/2025,Wednesday,SKH,14.9,350,90.5,0
19/11/2025,Wednesday,TTSH,3.6,348,89.2,0
19/11/2025,Wednesday,WH,2.9,242,74.8,0
20/11/2025,Thursday,AH,1.7,75,64,0
20/11/2025,Thursday,CGH,10.6,401,88.9,0
20/11/2025,Thursday,KTPH,1.8,233,76.9,0
20/11/2025,Thursday,NTFGH,2,342,86.1,0
20/11/2025,Thursday,NUH(A),4.8,313,85.3,0
20/11/2025,Thursday,SGH,11.9,324,90.4,0
20/11/2025,Thursday,SKH,11.9,324,90.4,0
20/11/2025,Thursday,TTSH,3.7,382,85.6,0
20/11/2025,Thursday,WH,3.2,265,76.7,0
21/11/2025,Friday,AH,1.1,62,59.7,0
21/11/2025,Friday,CGH,5.9,371,87.3,0
21/11/2025,Friday,KTPH,2.6,226,73,0
21/11/2025,Friday,NTFGH,2.2,344,83.3,0
21/11/2025,Friday,NUH(A),5.2,288,83.3,0
21/11/2025,Friday,SGH,8,320,88.7,0
21/11/2025,Friday,SKH,8,320,88.7,0
21/11/2025,Friday,TTSH,3.8,362,83.1,0
21/11/2025,Friday,WH,2.5,212,72.1,0
22/11/2025,Saturday,AH,1.2,55,61.3,0
22/11/2025,Saturday,CGH,6.7,379,86.2,0
22/11/2025,Saturday,KTPH,2.5,217,76,0
22/11/2025,Saturday,NTFGH,1.8,262,84.1,0
22/11/2025,Saturday,NUH(A),3.5,264,80.3,0
22/11/2025,Saturday,SGH,3.3,260,84.6,0
22/11/2025,Saturday,SKH,3.3,260,84.6,0
22/11/2025,Saturday,TTSH,3.5,364,85,0
22/11/2025,Saturday,WH,2.7,207,72.9,0
23/11/2025,Sunday,AH,0.9,58,65.7,0
23/11/2025,Sunday,CGH,5.7,314,88,0
23/11/2025,Sunday,KTPH,2.5,219,78.1,0
23/11/2025,Sunday,NTFGH,2,322,87,0
23/11/2025,Sunday,NUH(A),2.9,259,82.9,0
23/11/2025,Sunday,SGH,4.7,284,85.3,0
23/11/2025,Sunday,SKH,2.1,375,89,0
23/11/2025,Sunday,TTSH,3.2,330,89,0
23/11/2025,Sunday,WH,2.1,225,77.2,0
24/11/2025,Monday,AH,1.7,91,69.7,0
24/11/2025,Monday,CGH,13,449,87.6,0
24/11/2025,Monday,KTPH,3.3,287,83.8,0
24/11/2025,Monday,NTFGH,2.6,410,89.3,0
24/11/2025,Monday,NUH(A),4.5,349,85,0
24/11/2025,Monday,SGH,8.9,363,87.9,0
24/11/2025,Monday,SKH,4.8,391,88.9,0
24/11/2025,Monday,TTSH,4.1,422,90.2,0
24/11/2025,Monday,WH,2.3,278,79.5,0
25/11/2025,Tuesday,AH,1.6,76,67.7,0
25/11/2025,Tuesday,CGH,17.5,371,87.8,0
25/11/2025,Tuesday,KTPH,2.8,211,79.8,0
25/11/2025,Tuesday,NTFGH,2.7,320,91.4,0
25/11/2025,Tuesday,NUH(A),5.2,334,86.2,0
25/11/2025,Tuesday,SGH,11.4,319,90.2,0
25/11/2025,Tuesday,SKH,3.7,344,88.3,0
25/11/2025,Tuesday,TTSH,4.7,410,88.5,0
25/11/2025,Tuesday,WH,2.4,266,77.6,0
26/11/2025,Wednesday,AH,1.2,67,66,0
26/11/2025,Wednesday,CGH,7.5,415,87.5,0
26/11/2025,Wednesday,KTPH,2.2,257,77.8,0
26/11/2025,Wednesday,NTFGH,3,353,89.7,0
26/11/2025,Wednesday,NUH(A),6.3,303,83.9,0
26/11/2025,Wednesday,SGH,9.9,304,91,0
26/11/2025,Wednesday,SKH,2.7,341,87.1,0
26/11/2025,Wednesday,TTSH,4.5,362,90.4,0
26/11/2025,Wednesday,WH,3,251,76.3,0
27/11/2025,Thursday,AH,1.2,68,65.7,0
27/11/2025,Thursday,CGH,5.2,384,87.3,0
27/11/2025,Thursday,KTPH,2.1,203,76.9,0
27/11/2025,Thursday,NTFGH,3.6,342,87.5,0
27/11/2025,Thursday,NUH(A),4.3,330,84.1,0
27/11/2025,Thursday,SGH,7,343,90,0
27/11/2025,Thursday,SKH,2.7,337,87.8,0
27/11/2025,Thursday,TTSH,3.9,394,87.9,0
27/11/2025,Thursday,WH,2.4,226,76.4,0
28/11/2025,Friday,AH,1.2,45,63.3,0
28/11/2025,Friday,CGH,3.2,364,84,0
28/11/2025,Friday,KTPH,1.9,208,73,0
28/11/2025,Friday,NTFGH,2.4,286,84.3,0
28/11/2025,Friday,NUH(A),3.9,260,81.8,0
28/11/2025,Friday,SGH,5.9,301,87.1,0
28/11/2025,Friday,SKH,2.1,314,87.5,0
28/11/2025,Friday,TTSH,3.5,372,84.9,0
28/11/2025,Friday,WH,2.7,224,74.1,0
29/11/2025,Saturday,AH,1.2,72,62.7,0
29/11/2025,Saturday,CGH,1.6,356,83.6,0
29/11/2025,Saturday,KTPH,2.3,208,73.6,0
29/11/2025,Saturday,NTFGH,1.6,317,85.4,0
29/11/2025,Saturday,NUH(A),4,258,78,0
29/11/2025,Saturday,SGH,2.2,269,82.9,0
29/11/2025,Saturday,SKH,1.7,334,85.2,0
29/11/2025,Saturday,TTSH,3.1,338,85.6,0
29/11/2025,Saturday,WH,2.4,200,73.5,0
30/11/2025,Sunday,AH,1.2,81,67,0
30/11/2025,Sunday,CGH,4.6,345,87.2,0
30/11/2025,Sunday,KTPH,2.1,217,77.8,0
30/11/2025,Sunday,NTFGH,2.3,319,88.9,0
30/11/2025,Sunday,NUH(A),3,255,80.8,0
30/11/2025,Sunday,SGH,3.1,287,84.2,0
30/11/2025,Sunday,SKH,2.1,331,88,0
30/11/2025,Sunday,TTSH,3.7,322,92.2,0
30/11/2025,Sunday,WH,0.6,242,78.7,0
1/12/2025,Monday,AH,2.2,92,66.7,0
1/12/2025,Monday,CGH,8.1,449,88.1,0
1/12/2025,Monday,KTPH,2.2,269,82.6,0
1/12/2025,Monday,NTFGH,2.8,418,91.4,0
1/12/2025,Monday,NUH(A),5.6,352,87.3,0
1/12/2025,Monday,SGH,8.3,267,88.4,0
1/12/2025,Monday,SKH,3,398,90.4,0
1/12/2025,Monday,TTSH,4.8,414,92.6,0
1/12/2025,Monday,WH,0.5,291,83.1,0
2/12/2025,Tuesday,AH,1.7,64,62.3,0
2/12/2025,Tuesday,CGH,13.6,409,90.2,0
2/12/2025,Tuesday,KTPH,3.3,238,85,0
2/12/2025,Tuesday,NTFGH,3.1,368,92.2,0
2/12/2025,Tuesday,NUH(A),12.1,289,89.5,0
2/12/2025,Tuesday,SGH,4.5,303,90,0
2/12/2025,Tuesday,SKH,8.2,353,91.6,0
2/12/2025,Tuesday,TTSH,4.5,361,91.4,0
2/12/2025,Tuesday,WH,0.2,215,81.1,0
3/12/2025,Wednesday,AH,0.7,55,60.7,0
3/12/2025,Wednesday,CGH,16.1,398,88,0
3/12/2025,Wednesday,KTPH,3.1,232,81.2,0
3/12/2025,Wednesday,NTFGH,3.3,354,92.3,0
3/12/2025,Wednesday,NUH(A),12.9,294,87.5,0
3/12/2025,Wednesday,SGH,8.2,301,88.8,0
3/12/2025,Wednesday,SKH,5.4,340,90.3,0
3/12/2025,Wednesday,TTSH,5,379,88.7,0
3/12/2025,Wednesday,WH,0.6,237,78.8,0
4/12/2025,Thursday,AH,1.1,79,59,0
4/12/2025,Thursday,CGH,13.4,395,87.4,0
4/12/2025,Thursday,KTPH,2,242,76.3,0
4/12/2025,Thursday,NTFGH,3.4,325,90,0
4/12/2025,Thursday,NUH(A),8.3,290,85.9,0
4/12/2025,Thursday,SGH,4.3,325,87.4,0
4/12/2025,Thursday,SKH,4,330,88.6,0
4/12/2025,Thursday,TTSH,3.4,322,88.6,0
4/12/2025,Thursday,WH,0.3,218,79.9,0
5/12/2025,Friday,AH,1.3,65,60,0
5/12/2025,Friday,CGH,7.9,378,85.7,0
5/12/2025,Friday,KTPH,2.5,206,72.5,0
5/12/2025,Friday,NTFGH,2.8,341,85.6,0
5/12/2025,Friday,NUH(A),5.3,307,83.1,0
5/12/2025,Friday,SGH,3,329,83.3,0
5/12/2025,Friday,SKH,3.5,324,86.9,0
5/12/2025,Friday,TTSH,3.5,376,85.5,0
5/12/2025,Friday,WH,0.4,214,75.5,0
6/12/2025,Saturday,AH,1.5,55,58.7,0
6/12/2025,Saturday,CGH,2.1,346,86.7,0
6/12/2025,Saturday,KTPH,1.9,207,74,0
6/12/2025,Saturday,NTFGH,2.2,269,89,0
6/12/2025,Saturday,NUH(A),4.7,270,80.2,0
6/12/2025,Saturday,SGH,1.7,269,79.6,0
6/12/2025,Saturday,SKH,1.8,340,84,0
6/12/2025,Saturday,TTSH,3.3,326,83.7,0
6/12/2025,Saturday,WH,0.4,219,73.4,0
7/12/2025,Sunday,AH,1.2,68,61,0
7/12/2025,Sunday,CGH,1.6,356,88.9,0
7/12/2025,Sunday,KTPH,2.6,192,77.1,0
7/12/2025,Sunday,NTFGH,2.4,300,92.4,0
7/12/2025,Sunday,NUH(A),3.5,274,83.5,0
7/12/2025,Sunday,SGH,2.5,291,81.8,0
7/12/2025,Sunday,SKH,1.8,350,88.2,0
7/12/2025,Sunday,TTSH,3.1,352,90.8,0
7/12/2025,Sunday,WH,0.3,229,77.2,0
8/12/2025,Monday,AH,1.6,80,63.3,0
8/12/2025,Monday,CGH,10.1,446,88.8,0
8/12/2025,Monday,KTPH,2.4,276,82,0
8/12/2025,Monday,NTFGH,3.6,369,94.3,0
8/12/2025,Monday,NUH(A),5.9,367,87.3,0
8/12/2025,Monday,SGH,5.7,367,86.3,0
8/12/2025,Monday,SKH,3.1,406,89.5,0
8/12/2025,Monday,TTSH,4.1,433,91.2,0
8/12/2025,Monday,WH,0.6,264,83,0
9/12/2025,Tuesday,AH,1.7,54,61,0
9/12/2025,Tuesday,CGH,13.2,406,89,0
9/12/2025,Tuesday,KTPH,2.7,248,80.7,0
9/12/2025,Tuesday,NTFGH,3.2,365,92.1,0
9/12/2025,Tuesday,NUH(A),9.4,284,88.6,0
9/12/2025,Tuesday,SGH,4.6,330,86.3,0
9/12/2025,Tuesday,SKH,3.7,389,91.5,0
9/12/2025,Tuesday,TTSH,4.6,401,91.7,0
9/12/2025,Tuesday,WH,0.5,272,79.6,0
10/12/2025,Wednesday,AH,1.1,61,62,0
10/12/2025,Wednesday,CGH,13.2,381,87.8,0
10/12/2025,Wednesday,KTPH,2.3,221,81,0
10/12/2025,Wednesday,NTFGH,2.3,381,89.4,0
10/12/2025,Wednesday,NUH(A),8.2,313,89,0
10/12/2025,Wednesday,SGH,6.8,342,87.1,0
10/12/2025,Wednesday,SKH,4.1,355,89.8,0
10/12/2025,Wednesday,TTSH,4.3,358,89.1,0
10/12/2025,Wednesday,WH,1.1,225,79.1,0
11/12/2025,Thursday,AH,2,74,57.7,0
11/12/2025,Thursday,CGH,10.7,393,88,0
11/12/2025,Thursday,KTPH,1.9,219,80.2,0
11/12/2025,Thursday,NTFGH,2.1,333,87,0
11/12/2025,Thursday,NUH(A),5.3,294,86.7,0
11/12/2025,Thursday,SGH,5,321,85.9,0
11/12/2025,Thursday,SKH,4.2,349,89.2,0
11/12/2025,Thursday,TTSH,4.3,427,86.7,0
11/12/2025,Thursday,WH,0.5,217,78.7,0
12/12/2025,Friday,AH,1.2,51,58.7,0
12/12/2025,Friday,CGH,7.7,380,86.3,0
12/12/2025,Friday,KTPH,2.3,227,76.3,0
12/12/2025,Friday,NTFGH,1.9,306,82.6,0
12/12/2025,Friday,NUH(A),4.1,266,83.5,0
12/12/2025,Friday,SGH,3.4,312,83.5,0
12/12/2025,Friday,SKH,2.1,301,86.1,0
12/12/2025,Friday,TTSH,4.7,388,84.9,0
12/12/2025,Friday,WH,0.7,215,73.7,0
13/12/2025,Saturday,AH,1,57,58.7,0
13/12/2025,Saturday,CGH,4.4,306,87.5,0
13/12/2025,Saturday,KTPH,2.1,180,76.1,0
13/12/2025,Saturday,NTFGH,1.5,254,81.1,0
13/12/2025,Saturday,NUH(A),2.9,261,80,0
13/12/2025,Saturday,SGH,2.2,291,80.6,0
13/12/2025,Saturday,SKH,1.8,335,85.2,0
13/12/2025,Saturday,TTSH,2.9,300,85.8,0
13/12/2025,Saturday,WH,0.4,188,76.7,0
14/12/2025,Sunday,AH,0.7,63,62,0
14/12/2025,Sunday,CGH,10.2,338,87.2,0
14/12/2025,Sunday,KTPH,2.5,214,79.1,0
14/12/2025,Sunday,NTFGH,1.7,318,86.6,0
14/12/2025,Sunday,NUH(A),3.2,286,82.5,0
14/12/2025,Sunday,SGH,1.7,298,81.8,0
14/12/2025,Sunday,SKH,2.9,325,88.2,0
14/12/2025,Sunday,TTSH,3.3,319,90.9,0
14/12/2025,Sunday,WH,0.2,243,80.6,0
15/12/2025,Monday,AH,1.5,62,63,0
15/12/2025,Monday,CGH,11.9,412,88.2,0
15/12/2025,Monday,KTPH,2.8,263,80.2,0
15/12/2025,Monday,NTFGH,2.4,420,89.4,0
15/12/2025,Monday,NUH(A),5.8,345,87.5,0
15/12/2025,Monday,SGH,6.1,405,88.4,0
15/12/2025,Monday,SKH,3,421,88.8,0
15/12/2025,Monday,TTSH,4.1,401,90.4,0
15/12/2025,Monday,WH,0.6,295,82.9,0
16/12/2025,Tuesday,AH,1.3,56,64,0
16/12/2025,Tuesday,CGH,11.3,439,87.8,0
16/12/2025,Tuesday,KTPH,4,245,81.3,0
16/12/2025,Tuesday,NTFGH,2.9,320,92.4,0
16/12/2025,Tuesday,NUH(A),8.5,299,87,0
16/12/2025,Tuesday,SGH,3.7,293,87.3,0
16/12/2025,Tuesday,SKH,5.2,360,89.5,0
16/12/2025,Tuesday,TTSH,4.2,366,88.5,0
16/12/2025,Tuesday,WH,0.4,275,82.6,0
17/12/2025,Wednesday,AH,1.3,58,63.3,0
17/12/2025,Wednesday,CGH,14.2,397,89.9,0
17/12/2025,Wednesday,KTPH,2.8,210,78.7,0
17/12/2025,Wednesday,NTFGH,3.4,349,94.8,0
17/12/2025,Wednesday,NUH(A),7.4,301,85.5,0
17/12/2025,Wednesday,SGH,4,326,87.3,0
17/12/2025,Wednesday,SKH,6.6,330,89.4,0
17/12/2025,Wednesday,TTSH,3.4,363,86.1,0
17/12/2025,Wednesday,WH,0.8,243,81.9,0
18/12/2025,Thursday,AH,0.9,63,62.3,0
18/12/2025,Thursday,CGH,13.6,407,89,0
18/12/2025,Thursday,KTPH,2.8,223,77.4,0
18/12/2025,Thursday,NTFGH,2.2,325,87.9,0
18/12/2025,Thursday,NUH(A),7.6,295,84.2,0
18/12/2025,Thursday,SGH,4,284,88.1,0
18/12/2025,Thursday,SKH,4.8,378,90.4,0
18/12/2025,Thursday,TTSH,3.3,384,85.6,0
18/12/2025,Thursday,WH,0.4,239,77.2,0
19/12/2025,Friday,AH,1.3,47,58,0
19/12/2025,Friday,CGH,8.5,402,87.7,0
19/12/2025,Friday,KTPH,2.8,209,77.1,0
19/12/2025,Friday,NTFGH,1.9,325,82.3,0
19/12/2025,Friday,NUH(A),5.5,279,83.1,0
19/12/2025,Friday,SGH,2.2,318,81.8,0
19/12/2025,Friday,SKH,2.4,349,86.5,0
19/12/2025,Friday,TTSH,3.4,370,82.7,0
19/12/2025,Friday,WH,0.5,200,69.8,0
20/12/2025,Saturday,AH,1.5,48,58,0
20/12/2025,Saturday,CGH,14.6,350,86.8,0
20/12/2025,Saturday,KTPH,2.6,188,76.1,0
20/12/2025,Saturday,NTFGH,1.9,293,81.7,0
20/12/2025,Saturday,NUH(A),3.3,243,77.9,0
20/12/2025,Saturday,SGH,2.5,293,79.5,0
20/12/2025,Saturday,SKH,2.2,309,87,0
20/12/2025,Saturday,TTSH,3.4,367,86.2,0
20/12/2025,Saturday,WH,0,191,70.1,0
21/12/2025,Sunday,AH,1.2,68,60.7,0
21/12/2025,Sunday,CGH,9,352,88.5,0
21/12/2025,Sunday,KTPH,2.1,214,79.9,0
21/12/2025,Sunday,NTFGH,2.1,326,85.2,0
21/12/2025,Sunday,NUH(A),2.8,265,82.1,0
21/12/2025,Sunday,SGH,1.9,288,80.6,0
21/12/2025,Sunday,SKH,2.6,342,89.6,0
21/12/2025,Sunday,TTSH,3.4,301,89.6,0
21/12/2025,Sunday,WH,0.6,220,74.2,0
22/12/2025,Monday,AH,1.7,79,65.7,0
22/12/2025,Monday,CGH,21.5,509,89.4,0
22/12/2025,Monday,KTPH,3.3,289,84.6,0
22/12/2025,Monday,NTFGH,2.9,395,90.9,0
22/12/2025,Monday,NUH(A),4.6,347,86,0
22/12/2025,Monday,SGH,6.4,403,85.8,0
22/12/2025,Monday,SKH,5.2,403,91.9,0
22/12/2025,Monday,TTSH,4.8,430,90.9,0
22/12/2025,Monday,WH,0,321,79,0
23/12/2025,Tuesday,AH,1.7,66,60.7,0
23/12/2025,Tuesday,CGH,16.4,404,87.6,0
23/12/2025,Tuesday,KTPH,3.4,217,81.3,0
23/12/2025,Tuesday,NTFGH,3.9,348,91.7,0
23/12/2025,Tuesday,NUH(A),5.3,302,86.5,0
23/12/2025,Tuesday,SGH,4.8,307,85.7,0
23/12/2025,Tuesday,SKH,12.6,368,88.3,0
23/12/2025,Tuesday,TTSH,4.5,440,89.2,0
23/12/2025,Tuesday,WH,1,248,78.7,0
24/12/2025,Wednesday,AH,1.7,74,60,0
24/12/2025,Wednesday,CGH,8.1,387,86.9,0
24/12/2025,Wednesday,KTPH,2.6,229,77.4,0
24/12/2025,Wednesday,NTFGH,2.2,326,86.1,0
24/12/2025,Wednesday,NUH(A),5.3,297,83,0
24/12/2025,Wednesday,SGH,2,337,81.7,0
24/12/2025,Wednesday,SKH,11.3,338,89.6,0
24/12/2025,Wednesday,TTSH,3.6,338,86.4,0
24/12/2025,Wednesday,WH,0.3,231,78.4,0
25/12/2025,Thursday,AH,1.2,61,54.3,1
25/12/2025,Thursday,CGH,3.5,302,87.6,1
25/12/2025,Thursday,KTPH,2.4,190,79.6,1
25/12/2025,Thursday,NTFGH,1.9,278,86.5,1
25/12/2025,Thursday,NUH(A),4.2,245,85.5,1
25/12/2025,Thursday,SGH,2.4,318,82,1
25/12/2025,Thursday,SKH,3.5,349,90.1,1
25/12/2025,Thursday,TTSH,2.8,319,88.5,1
25/12/2025,Thursday,WH,0.4,230,80.3,1
26/12/2025,Friday,AH,1.3,75,53,0
26/12/2025,Friday,CGH,5.3,415,88,0
26/12/2025,Friday,KTPH,2.2,263,76.6,0
26/12/2025,Friday,NTFGH,2.4,336,87.4,0
26/12/2025,Friday,NUH(A),5.1,328,84,0
26/12/2025,Friday,SGH,7.1,333,85.1,0
26/12/2025,Friday,SKH,6.1,406,92.3,0
26/12/2025,Friday,TTSH,4.9,429,88.8,0
26/12/2025,Friday,WH,0.7,254,81.9,0
27/12/2025,Saturday,AH,1.1,61,55.7,0
27/12/2025,Saturday,CGH,5.7,326,87.4,0
27/12/2025,Saturday,KTPH,2.1,212,79.3,0
27/12/2025,Saturday,NTFGH,1.9,307,90,0
27/12/2025,Saturday,NUH(A),4.5,259,81.4,0
27/12/2025,Saturday,SGH,3.6,298,82.7,0
27/12/2025,Saturday,SKH,10.3,312,91.7,0
27/12/2025,Saturday,TTSH,3.8,326,91.7,0
27/12/2025,Saturday,WH,0.4,221,84.5,0
28/12/2025,Sunday,AH,1.4,55,55.7,0
28/12/2025,Sunday,CGH,6,366,88.7,0
28/12/2025,Sunday,KTPH,2.7,239,82.9,0
28/12/2025,Sunday,NTFGH,1.7,316,93.4,0
28/12/2025,Sunday,NUH(A),3.4,271,84.4,0
28/12/2025,Sunday,SGH,10.6,304,86.6,0
28/12/2025,Sunday,SKH,18.2,346,93.4,0
28/12/2025,Sunday,TTSH,4.1,365,94.8,0
28/12/2025,Sunday,WH,0.6,198,85,0
29/12/2025,Monday,AH,1.5,86,57.3,0
29/12/2025,Monday,CGH,14.6,448,88.6,0
29/12/2025,Monday,KTPH,6.3,268,83.2,0
29/12/2025,Monday,NTFGH,3.1,366,92.1,0
29/12/2025,Monday,NUH(A),7.4,388,88,0
29/12/2025,Monday,SGH,8.6,356,88.9,0
29/12/2025,Monday,SKH,14.9,403,95.4,0
29/12/2025,Monday,TTSH,6.9,447,94.8,0
29/12/2025,Monday,WH,0,283,86,0
30/12/2025,Tuesday,AH,1.6,74,54.7,0
30/12/2025,Tuesday,CGH,14,420,87.1,0
30/12/2025,Tuesday,KTPH,3.3,230,80.4,0
30/12/2025,Tuesday,NTFGH,2.6,344,90.7,0
30/12/2025,Tuesday,NUH(A),9.1,324,86.5,0
30/12/2025,Tuesday,SGH,4.3,303,84.1,0
30/12/2025,Tuesday,SKH,8.5,401,92.8,0
30/12/2025,Tuesday,TTSH,5.6,452,91,0
30/12/2025,Tuesday,WH,0.8,240,83.7,0
31/12/2025,Wednesday,AH,1.5,73,52.7,0
31/12/2025,Wednesday,CGH,4.6,327,86,0
31/12/2025,Wednesday,KTPH,2.6,200,77.4,0
31/12/2025,Wednesday,NTFGH,1.8,337,89.9,0
31/12/2025,Wednesday,NUH(A),5.4,270,83.7,0
31/12/2025,Wednesday,SGH,1.5,342,77.9,0
31/12/2025,Wednesday,SKH,4.5,339,91.2,0
31/12/2025,Wednesday,TTSH,4.2,318,85.4,0
31/12/2025,Wednesday,WH,0.4,198,75.3,0
1/1/2026,Thursday,AH,0.9,65,49.7,1
1/1/2026,Thursday,CGH,1.9,334,87.6,1
1/1/2026,Thursday,KTPH,1.9,199,79.7,1
1/1/2026,Thursday,NTFGH,1.9,269,91.3,1
1/1/2026,Thursday,NUH(A),3,235,82.6,1
1/1/2026,Thursday,SGH,1.2,313,78.2,1
1/1/2026,Thursday,SKH,3,353,92.2,1
1/1/2026,Thursday,TTSH,3.3,334,88.8,1
1/1/2026,Thursday,WH,0.5,229,79.5,1
2/1/2026,Friday,AH,1.3,83,50.7,0
2/1/2026,Friday,CGH,7.9,423,87.3,0
2/1/2026,Friday,KTPH,2.3,276,80.5,0
2/1/2026,Friday,NTFGH,2.6,339,91.4,0
2/1/2026,Friday,NUH(A),3.4,331,83.4,0
2/1/2026,Friday,SGH,4.9,374,82,0
2/1/2026,Friday,SKH,5.4,398,92.6,0
2/1/2026,Friday,TTSH,4.2,413,88.6,0
2/1/2026,Friday,WH,0.2,267,83.3,0
3/1/2026,Saturday,AH,1.4,79,58.3,0
3/1/2026,Saturday,CGH,7.2,359,88.2,0
3/1/2026,Saturday,KTPH,2.1,224,85.3,0
3/1/2026,Saturday,NTFGH,1.8,286,90.3,0
3/1/2026,Saturday,NUH(A),3.9,293,82.7,0
3/1/2026,Saturday,SGH,2.4,294,80.7,0
3/1/2026,Saturday,SKH,5.5,373,92.2,0
3/1/2026,Saturday,TTSH,3.8,351,89.9,0
3/1/2026,Saturday,WH,0.2,231,82.8,0
4/1/2026,Sunday,AH,1,87,63.7,0
4/1/2026,Sunday,CGH,13.9,364,89.9,0
4/1/2026,Sunday,KTPH,3.4,222,85.2,0
4/1/2026,Sunday,NTFGH,1.5,300,92.3,0
4/1/2026,Sunday,NUH(A),3.7,276,86.8,0
4/1/2026,Sunday,SGH,2.5,295,81.6,0
4/1/2026,Sunday,SKH,6,344,92.6,0
4/1/2026,Sunday,TTSH,4.1,342,92.7,0
4/1/2026,Sunday,WH,0.2,242,84.7,0
5/1/2026,Monday,AH,2.1,88,71,0
5/1/2026,Monday,CGH,19.2,461,90.2,0
5/1/2026,Monday,KTPH,5.8,316,84.8,0
5/1/2026,Monday,NTFGH,3.2,390,93.7,0
5/1/2026,Monday,NUH(A),7.2,403,91,0
5/1/2026,Monday,SGH,9.4,395,90.1,0
5/1/2026,Monday,SKH,8.8,457,94.7,0
5/1/2026,Monday,TTSH,5,512,93,0
5/1/2026,Monday,WH,0.2,315,89.4,0
6/1/2026,Tuesday,AH,1.3,88,78,0
6/1/2026,Tuesday,CGH,18.7,406,89.1,0
6/1/2026,Tuesday,KTPH,6.3,261,85.6,0
6/1/2026,Tuesday,NTFGH,4.2,367,92.4,0
6/1/2026,Tuesday,NUH(A),13,336,91.4,0
6/1/2026,Tuesday,SGH,17.4,355,93.2,0
6/1/2026,Tuesday,SKH,18.6,354,96.1,0
6/1/2026,Tuesday,TTSH,6.8,411,93.2,0
6/1/2026,Tuesday,WH,0.7,242,89.1,0
7/1/2026,Wednesday,AH,1.4,81,78,0
7/1/2026,Wednesday,CGH,9.1,416,88.4,0
7/1/2026,Wednesday,KTPH,4.3,263,81.6,0
7/1/2026,Wednesday,NTFGH,3.8,357,88.6,0
7/1/2026,Wednesday,NUH(A),9,286,88.3,0
7/1/2026,Wednesday,SGH,13,336,92.2,0
7/1/2026,Wednesday,SKH,14.7,388,96.4,0
7/1/2026,Wednesday,TTSH,4.5,349,93,0
7/1/2026,Wednesday,WH,0.7,277,88.7,0
8/1/2026,Thursday,AH,1.4,70,76.3,0
8/1/2026,Thursday,CGH,9.5,368,86.3,0
8/1/2026,Thursday,KTPH,2.8,250,81.6,0
8/1/2026,Thursday,NTFGH,2.7,325,89.5,0
8/1/2026,Thursday,NUH(A),7.3,304,89.3,0
8/1/2026,Thursday,SGH,11.9,337,89.7,0
8/1/2026,Thursday,SKH,9.4,390,96.6,0
8/1/2026,Thursday,TTSH,3.9,391,91.1,0
8/1/2026,Thursday,WH,0.7,262,85.8,0
9/1/2026,Friday,AH,1.4,70,70.7,0
9/1/2026,Friday,CGH,4,399,84.3,0
9/1/2026,Friday,KTPH,3.5,226,79.6,0
9/1/2026,Friday,NTFGH,1.8,314,84.6,0
9/1/2026,Friday,NUH(A),5.3,310,87.6,0
9/1/2026,Friday,SGH,5.3,324,86.5,0
9/1/2026,Friday,SKH,5,329,93.8,0
9/1/2026,Friday,TTSH,4.2,386,88.4,0
9/1/2026,Friday,WH,0.6,216,82.7,0
10/1/2026,Saturday,AH,1.2,75,69.7,0
10/1/2026,Saturday,CGH,2.6,330,84.2,0
10/1/2026,Saturday,KTPH,2,200,77.3,0
10/1/2026,Saturday,NTFGH,1.6,314,82.9,0
10/1/2026,Saturday,NUH(A),3.7,271,86.2,0
10/1/2026,Saturday,SGH,2.6,285,81.7,0
10/1/2026,Saturday,SKH,3.8,340,94.3,0
10/1/2026,Saturday,TTSH,3.6,312,88.5,0
10/1/2026,Saturday,WH,0.5,204,82.4,0
