Date,north,south,east,west,central,PSI_Max,PSI_Avg
2014-04-01,60,58,59,67,59,67,60.6
2014-04-02,58,56,57,64,58,64,58.6
2014-04-03,57,54,54,63,57,63,57.0
2014-04-04,62,63,63,59,64,64,62.2
2014-04-05,67,66,68,62,68,68,66.2
2014-04-06,58,59,59,54,59,59,57.8
2014-04-07,53,53,54,54,52,54,53.2
2014-04-08,60,57,55,59,57,60,57.6
2014-04-09,62,56,60,60,59,62,59.4
2014-04-10,62,57,61,60,60,62,60.0
2014-04-11,65,61,62,62,61,65,62.2
2014-04-12,63,60,62,61,61,63,61.4
2014-04-13,61,59,58,61,60,61,59.8
2014-04-14,63,59,55,65,60,65,60.4
2014-04-15,69,67,70,66,67,70,67.8
2014-04-16,69,66,68,63,66,69,66.4
2014-04-17,74,67,71,69,71,74,70.4
2014-04-18,73,67,72,69,71,73,70.4
2014-04-19,73,62,64,64,65,73,65.6
2014-04-20,71,61,64,64,65,71,65.0
2014-04-21,65,64,65,59,62,65,63.0
2014-04-22,65,63,67,58,60,67,62.6
2014-04-23,65,63,67,62,63,67,64.0
2014-04-24,62,61,59,61,60,62,60.6
2014-04-25,67,62,68,68,66,68,66.2
2014-04-26,72,67,69,74,71,74,70.6
2014-04-27,69,64,62,71,68,71,66.8
2014-04-28,64,63,64,69,67,69,65.4
2014-04-29,64,62,63,63,63,64,63.0
2014-04-30,73,68,73,66,68,73,69.6
2014-05-01,72,64,66,69,66,72,67.4
2014-05-02,59,54,53,55,59,59,56.0
2014-05-03,57,51,47,56,53,57,52.8
2014-05-04,60,46,54,58,56,60,54.8
2014-05-05,57,53,54,61,56,61,56.2
2014-05-06,56,52,51,59,54,59,54.4
2014-05-07,55,54,53,58,52,58,54.4
2014-05-08,57,54,55,53,56,57,55.0
2014-05-09,74,68,66,71,73,74,70.4
2014-05-10,67,63,62,70,65,70,65.4
2014-05-11,58,54,58,60,58,60,57.6
2014-05-12,63,56,60,62,60,63,60.2
2014-05-13,66,61,61,60,62,66,62.0
2014-05-14,67,62,63,58,65,67,63.0
2014-05-15,60,53,57,53,58,60,56.2
2014-05-16,57,52,46,55,53,57,52.6
2014-05-17,54,52,48,55,53,55,52.4
2014-05-18,53,43,38,40,50,53,44.8
2014-05-19,54,49,51,52,52,54,51.6
2014-05-20,52,46,46,53,51,53,49.6
2014-05-21,67,63,65,58,64,67,63.4
2014-05-22,70,63,65,69,68,70,67.0
2014-05-23,61,54,55,62,59,62,58.2
2014-05-24,61,58,55,59,57,61,58.0
2014-05-25,57,55,52,56,54,57,54.8
2014-05-26,54,42,40,53,39,54,45.6
2014-05-27,67,62,63,56,60,67,61.6
2014-05-28,65,61,61,52,59,65,59.6
2014-05-29,60,56,59,60,58,60,58.6
2014-05-30,62,57,60,61,61,62,60.2
2014-05-31,59,57,57,53,59,59,57.0
2014-06-01,45,36,40,44,43,45,41.6
2014-06-02,54,51,47,58,51,58,52.2
2014-06-03,54,52,49,58,52,58,53.0
2014-06-04,55,52,45,56,52,56,52.0
2014-06-05,55,49,48,54,52,55,51.6
2014-06-06,55,51,51,44,52,55,50.6
2014-06-07,63,56,58,56,56,63,57.8
2014-06-08,57,50,52,54,53,57,53.2
2014-06-09,53,51,45,54,45,54,49.6
2014-06-10,62,53,53,65,55,65,57.6
2014-06-11,61,52,52,62,56,62,56.6
2014-06-12,52,47,51,53,52,53,51.0
2014-06-13,55,55,55,58,55,58,55.6
2014-06-14,54,53,54,56,53,56,54.0
2014-06-15,46,50,47,54,47,54,48.8
2014-06-16,53,53,54,54,52,54,53.2
2014-06-17,52,51,53,53,52,53,52.2
2014-06-18,48,49,45,53,50,53,49.0
2014-06-19,53,52,49,52,51,53,51.4
2014-06-20,53,51,51,54,52,54,52.2
2014-06-21,55,53,53,56,54,56,54.2
2014-06-22,62,59,62,61,62,62,61.2
2014-06-23,63,59,62,61,62,63,61.4
2014-06-24,64,61,65,65,64,65,63.8
2014-06-25,61,58,60,65,60,65,60.8
2014-06-26,50,52,46,55,46,55,49.8
2014-06-27,55,53,53,54,52,55,53.4
2014-06-28,59,56,53,58,56,59,56.4
2014-06-29,59,55,53,58,56,59,56.2
2014-06-30,61,55,57,56,58,61,57.4
2014-07-01,54,52,52,56,54,56,53.6
2014-07-02,59,53,54,60,56,60,56.4
2014-07-03,64,60,60,63,59,64,61.2
2014-07-04,64,60,60,63,60,64,61.4
2014-07-05,61,59,59,64,61,64,60.8
2014-07-06,62,59,54,59,58,62,58.4
2014-07-07,55,55,52,56,52,56,54.0
2014-07-08,56,54,53,56,54,56,54.6
2014-07-09,56,54,53,56,55,56,54.8
2014-07-10,54,47,51,57,49,57,51.6
2014-07-11,56,55,52,59,53,59,55.0
2014-07-12,57,55,56,58,55,58,56.2
2014-07-13,57,54,56,51,55,57,54.6
2014-07-14,55,53,52,54,52,55,53.2
2014-07-15,56,56,56,58,54,58,56.0
2014-07-16,57,54,55,58,54,58,55.6
2014-07-17,63,56,57,64,57,64,59.4
2014-07-18,62,55,56,59,57,62,57.8
2014-07-19,57,55,53,57,55,57,55.4
2014-07-20,56,53,52,55,52,56,53.6
2014-07-21,52,50,50,54,51,54,51.4
2014-07-22,48,49,49,53,49,53,49.6
2014-07-23,53,54,54,57,54,57,54.4
2014-07-24,59,56,57,60,55,60,57.4
2014-07-25,61,58,60,62,57,62,59.6
2014-07-26,61,58,58,61,56,61,58.8
2014-07-27,58,54,56,59,55,59,56.4
2014-07-28,55,52,53,56,55,56,54.2
2014-07-29,52,52,53,57,55,57,53.8
2014-07-30,57,57,53,58,57,58,56.4
2014-07-31,56,56,55,58,55,58,56.0
2014-08-01,45,42,43,48,43,48,44.2
2014-08-02,56,54,53,56,55,56,54.8
2014-08-03,59,57,57,59,57,59,57.8
2014-08-04,58,56,57,59,57,59,57.4
2014-08-05,56,57,56,59,56,59,56.8
2014-08-06,45,48,45,53,43,53,46.8
2014-08-07,46,49,45,52,42,52,46.8
2014-08-08,40,39,43,49,46,49,43.4
2014-08-09,41,40,40,44,47,47,42.4
2014-08-10,37,29,29,39,29,39,32.6
2014-08-11,43,41,31,41,35,43,38.2
2014-08-12,48,44,39,52,44,52,45.4
2014-08-13,55,52,49,53,52,55,52.2
2014-08-14,54,52,48,53,52,54,51.8
2014-08-15,54,53,53,52,53,54,53.0
2014-08-16,65,58,57,65,65,65,62.0
2014-08-17,62,56,55,64,63,64,60.0
2014-08-18,58,54,55,60,55,60,56.4
2014-08-19,59,57,57,61,58,61,58.4
2014-08-20,62,57,58,65,59,65,60.2
2014-08-21,62,59,59,65,60,65,61.0
2014-08-22,63,60,59,65,61,65,61.6
2014-08-23,55,52,50,60,52,60,53.8
2014-08-24,59,57,54,56,56,59,56.4
2014-08-25,59,60,59,61,59,61,59.6
2014-08-26,64,61,60,63,63,64,62.2
2014-08-27,62,60,59,61,62,62,60.8
2014-08-28,59,55,54,55,56,59,55.8
2014-08-29,56,55,53,58,54,58,55.2
2014-08-30,62,57,57,62,56,62,58.8
2014-08-31,62,55,54,61,55,62,57.4
2014-09-01,62,61,60,65,59,65,61.4
2014-09-02,63,61,61,65,62,65,62.4
2014-09-03,68,66,65,68,67,68,66.8
2014-09-04,75,72,69,73,71,75,72.0
2014-09-05,73,71,69,75,71,75,71.8
2014-09-06,64,62,63,61,63,64,62.6
2014-09-07,58,51,53,56,53,58,54.2
2014-09-08,65,66,65,65,65,66,65.2
2014-09-09,65,66,64,65,66,66,65.2
2014-09-10,65,64,65,63,63,65,64.0
2014-09-11,63,64,61,64,63,64,63.0
2014-09-12,69,66,63,70,68,70,67.2
2014-09-13,66,66,68,70,67,70,67.4
2014-09-14,67,67,68,78,66,78,69.2
2014-09-15,80,87,86,107,81,107,88.2
2014-09-16,76,84,82,97,80,97,83.8
2014-09-17,68,69,68,73,66,73,68.8
2014-09-18,99,103,99,99,97,103,99.4
2014-09-19,102,105,101,98,98,105,100.8
2014-09-20,86,88,84,89,83,89,86.0
2014-09-21,68,68,70,64,67,70,67.4
2014-09-22,92,85,89,88,89,92,88.6
2014-09-23,78,69,72,77,74,78,74.0
2014-09-24,70,70,69,73,68,73,70.0
2014-09-25,69,69,67,70,67,70,68.4
2014-09-26,69,65,65,71,66,71,67.2
2014-09-27,67,67,66,78,66,78,68.8
2014-09-28,74,71,71,81,72,81,73.8
2014-09-29,74,71,71,80,73,80,73.8
2014-09-30,75,74,72,79,71,79,74.2
2014-10-01,83,79,76,89,77,89,80.8
2014-10-02,75,76,73,81,72,81,75.4
2014-10-03,74,76,73,79,72,79,74.8
2014-10-04,71,75,71,76,69,76,72.4
2014-10-05,65,64,67,64,63,67,64.6
2014-10-06,91,107,99,102,96,107,99.0
2014-10-07,107,124,116,125,113,125,117.0
2014-10-08,81,85,81,91,80,91,83.6
2014-10-09,80,85,81,92,80,92,83.6
2014-10-10,64,63,63,70,60,70,64.0
2014-10-11,82,93,89,93,85,93,88.4
2014-10-12,92,105,102,103,96,105,99.6
2014-10-13,81,93,86,91,83,93,86.8
2014-10-14,69,69,67,80,68,80,70.6
2014-10-15,71,78,71,82,74,82,75.2
2014-10-16,70,76,71,83,73,83,74.6
2014-10-17,62,65,62,70,61,70,64.0
2014-10-18,71,76,76,70,73,76,73.2
2014-10-19,88,102,96,102,88,102,95.2
2014-10-20,89,95,91,106,85,106,93.2
2014-10-21,80,78,80,95,75,95,81.6
2014-10-22,70,72,70,75,68,75,71.0
2014-10-23,75,78,77,80,78,80,77.6
2014-10-24,76,77,78,79,78,79,77.6
2014-10-25,76,74,71,79,70,79,74.0
2014-10-26,70,67,68,78,64,78,69.4
2014-10-27,64,58,63,65,57,65,61.4
2014-10-28,65,71,73,66,68,73,68.6
2014-10-29,69,76,74,86,75,86,76.0
2014-10-30,71,67,72,79,67,79,71.2
2014-10-31,68,75,74,76,69,76,72.4
2014-11-01,71,72,67,66,69,72,69.0
2014-11-02,85,91,89,90,87,91,88.4
2014-11-03,108,115,105,120,106,120,110.8
2014-11-04,91,91,82,95,83,95,88.4
2014-11-05,71,77,74,79,72,79,74.6
2014-11-06,68,69,72,74,68,74,70.2
2014-11-07,67,66,66,66,63,67,65.6
2014-11-08,56,62,61,58,57,62,58.8
2014-11-09,54,59,57,54,54,59,55.6
2014-11-10,62,65,66,70,62,70,65.0
2014-11-11,66,63,65,69,61,69,64.8
2014-11-12,63,77,67,70,70,77,69.4
2014-11-13,66,75,66,69,68,75,68.8
2014-11-14,55,54,53,52,52,55,53.2
2014-11-15,49,36,49,29,36,49,39.8
2014-11-16,42,38,53,40,42,53,43.0
2014-11-17,45,53,52,46,50,53,49.2
2014-11-18,46,52,51,49,46,52,48.8
2014-11-19,52,49,51,51,46,52,49.8
2014-11-20,42,46,49,43,40,49,44.0
2014-11-21,51,47,49,51,51,51,49.8
2014-11-22,58,52,47,57,46,58,52.0
2014-11-23,56,46,49,57,50,57,51.6
2014-11-24,51,55,54,51,50,55,52.2
2014-11-25,46,54,56,51,49,56,51.2
2014-11-26,48,53,57,45,52,57,51.0
2014-11-27,52,53,57,51,51,57,52.8
2014-11-28,52,54,53,52,52,54,52.6
2014-11-29,51,46,44,48,49,51,47.6
2014-11-30,52,46,54,36,48,54,47.2
2014-12-01,52,52,53,45,55,55,51.4
2014-12-02,56,52,56,51,55,56,54.0
2014-12-03,57,60,60,54,56,60,57.4
2014-12-04,59,60,60,57,56,60,58.4
2014-12-05,61,67,67,66,65,67,65.2
2014-12-06,58,65,64,65,64,65,63.2
2014-12-07,49,42,54,52,45,54,48.4
2014-12-08,46,52,49,39,38,52,44.8
2014-12-09,48,52,52,51,43,52,49.2
2014-12-10,53,54,55,52,49,55,52.6
2014-12-11,55,54,56,55,49,56,53.8
2014-12-12,53,53,53,55,48,55,52.4
2014-12-13,50,45,51,54,44,54,48.8
2014-12-14,52,53,52,53,50,53,52.0
2014-12-15,51,52,50,52,46,52,50.2
2014-12-16,45,41,49,37,35,49,41.4
2014-12-17,42,45,48,44,35,48,42.8
2014-12-18,38,43,51,45,36,51,42.6
2014-12-19,36,39,48,41,31,48,39.0
2014-12-20,38,35,43,27,34,43,35.4
2014-12-21,38,32,41,27,33,41,34.2
2014-12-22,34,42,41,30,29,42,35.2
2014-12-23,33,46,45,31,34,46,37.8
2014-12-24,39,47,45,40,35,47,41.2
2014-12-25,53,52,52,54,45,54,51.2
2014-12-26,54,53,54,54,53,54,53.6
2014-12-27,42,39,53,34,45,53,42.6
2014-12-28,34,39,44,30,38,44,37.0
2014-12-29,28,26,32,24,22,32,26.4
2014-12-30,31,28,31,27,28,31,29.0
2014-12-31,51,48,53,52,42,53,49.2
2015-01-01,55,56,59,57,54,59,56.2
2015-01-02,57,56,59,57,54,59,56.6
2015-01-03,58,57,65,59,53,65,58.4
2015-01-04,54,54,62,56,51,62,55.4
2015-01-05,42,46,52,45,37,52,44.4
2015-01-06,51,52,54,48,42,54,49.4
2015-01-07,45,45,52,40,36,52,43.6
2015-01-08,44,39,48,39,31,48,40.2
2015-01-09,35,40,39,28,30,40,34.4
2015-01-10,30,35,39,30,31,39,33.0
2015-01-11,36,39,52,38,33,52,39.6
2015-01-12,43,47,52,44,36,52,44.4
2015-01-13,42,44,52,46,36,52,44.0
2015-01-14,38,39,46,42,32,46,39.4
2015-01-15,47,43,55,44,31,55,44.0
2015-01-16,53,47,55,49,42,55,49.2
2015-01-17,55,52,58,55,51,58,54.2
2015-01-18,55,52,57,55,46,57,53.0
2015-01-19,52,56,57,56,49,57,54.0
2015-01-20,55,57,58,60,54,60,56.8
2015-01-21,58,60,63,63,56,63,60.0
2015-01-22,61,66,66,65,63,66,64.2
2015-01-23,64,68,68,66,65,68,66.2
2015-01-24,56,58,60,61,59,61,58.8
2015-01-25,67,78,74,73,70,78,72.4
2015-01-26,68,77,73,72,70,77,72.0
2015-01-27,61,66,64,65,62,66,63.6
2015-01-28,52,57,57,59,57,59,56.4
2015-01-29,52,51,52,58,50,58,52.6
2015-01-30,33,44,43,51,35,51,41.2
2015-01-31,44,42,51,49,38,51,44.8
2015-02-01,43,45,52,48,36,52,44.8
2015-02-02,53,49,56,52,37,56,49.4
2015-02-03,56,52,58,54,39,58,51.8
2015-02-04,52,43,56,49,37,56,47.4
2015-02-05,40,52,54,53,38,54,47.4
2015-02-06,41,52,53,52,38,53,47.2
2015-02-07,55,53,54,52,44,55,51.6
2015-02-08,57,57,58,56,53,58,56.2
2015-02-09,56,56,58,55,54,58,55.8
2015-02-10,57,54,56,56,52,57,55.0
2015-02-11,59,58,65,62,58,65,60.4
2015-02-12,61,61,68,67,61,68,63.6
2015-02-13,59,60,81,64,59,81,64.6
2015-02-14,56,60,83,64,59,83,64.4
2015-02-15,56,73,69,61,58,73,63.4
2015-02-16,55,69,63,61,56,69,60.8
2015-02-17,55,64,61,59,57,64,59.2
2015-02-18,53,56,55,55,54,56,54.6
2015-02-19,53,53,55,47,51,55,51.8
2015-02-20,39,37,50,43,41,50,42.0
2015-02-21,45,49,51,51,49,51,49.0
2015-02-22,45,49,52,51,48,52,49.0
2015-02-23,39,47,53,54,41,54,46.8
2015-02-24,44,56,53,54,52,56,51.8
2015-02-25,47,55,55,55,52,55,52.8
2015-02-26,51,53,56,57,54,57,54.2
2015-02-27,53,54,56,57,54,57,54.8
2015-02-28,52,53,55,54,53,55,53.4
2015-03-01,47,48,52,44,46,52,47.4
2015-03-02,48,48,52,54,45,54,49.4
2015-03-03,52,56,57,60,47,60,54.4
2015-03-04,53,56,58,59,54,59,56.0
2015-03-05,54,56,58,63,59,63,58.0
2015-03-06,58,60,62,67,61,67,61.6
2015-03-07,58,62,62,67,60,67,61.8
2015-03-08,49,52,53,53,50,53,51.4
2015-03-09,47,46,52,52,37,52,46.8
2015-03-10,52,53,53,51,44,53,50.6
2015-03-11,51,52,51,52,45,52,50.2
2015-03-12,51,54,53,53,51,54,52.4
2015-03-13,51,53,53,53,53,53,52.6
2015-03-14,47,52,49,55,48,55,50.2
2015-03-15,47,41,46,54,45,54,46.6
2015-03-16,54,54,55,59,53,59,55.0
2015-03-17,58,58,56,64,55,64,58.2
2015-03-18,60,57,56,66,55,66,58.8
2015-03-19,60,57,60,67,59,67,60.6
2015-03-20,76,78,93,84,77,93,81.6
2015-03-21,79,79,77,85,78,85,79.6
2015-03-22,71,71,73,78,71,78,72.8
2015-03-23,66,66,66,71,64,71,66.6
2015-03-24,66,63,66,70,65,70,66.0
2015-03-25,60,55,57,62,57,62,58.2
2015-03-26,55,53,53,56,54,56,54.2
2015-03-27,53,54,53,56,54,56,54.0
2015-03-28,51,59,52,54,51,59,53.4
2015-03-29,54,59,53,57,51,59,54.8
2015-03-30,56,57,54,54,50,57,54.2
2015-03-31,56,54,55,57,53,57,55.0
2015-04-01,58,56,56,57,54,58,56.2
2015-04-02,55,55,57,52,53,57,54.4
2015-04-03,60,63,64,57,61,64,61.0
2015-04-04,66,67,69,66,66,69,66.8
2015-04-05,66,65,63,67,63,67,64.8
2015-04-06,62,64,65,67,64,67,64.4
2015-04-07,61,61,62,67,65,67,63.2
2015-04-08,52,51,49,58,53,58,52.6
2015-04-09,46,53,40,54,43,54,47.2
2015-04-10,47,53,44,52,45,53,48.2
2015-04-11,49,48,52,54,46,54,49.8
2015-04-12,57,53,58,62,52,62,56.4
2015-04-13,54,54,55,60,55,60,55.6
2015-04-14,54,55,54,60,55,60,55.6
2015-04-15,48,48,47,53,48,53,48.8
2015-04-16,53,46,40,52,39,53,46.0
2015-04-17,56,52,49,57,53,57,53.4
2015-04-18,60,61,55,64,57,64,59.4
2015-04-19,59,62,55,64,57,64,59.4
2015-04-20,63,66,61,61,63,66,62.8
2015-04-21,76,68,71,86,73,86,74.8
2015-04-22,72,68,70,79,71,79,72.0
2015-04-23,61,62,67,53,59,67,60.4
2015-04-24,60,63,62,52,61,63,59.6
2015-04-25,58,54,59,47,57,59,55.0
2015-04-26,54,50,54,51,52,54,52.2
2015-04-27,56,56,60,56,53,60,56.2
2015-04-28,60,62,64,64,58,64,61.6
2015-04-29,54,54,59,55,56,59,55.6
2015-04-30,54,56,57,54,56,57,55.4
2015-05-01,58,61,61,58,58,61,59.2
2015-05-02,57,61,59,55,57,61,57.8
2015-05-03,56,59,58,53,55,59,56.2
2015-05-04,61,57,56,57,54,61,57.0
2015-05-05,70,69,73,69,64,73,69.0
2015-05-06,67,61,66,66,65,67,65.0
2015-05-07,62,59,56,66,65,66,61.6
2015-05-08,61,53,51,63,52,63,56.0
2015-05-09,58,48,44,58,47,58,51.0
2015-05-10,44,48,40,51,42,51,45.0
2015-05-11,52,50,47,54,42,54,49.0
2015-05-12,51,51,40,52,41,52,47.0
2015-05-13,57,51,51,58,47,58,52.8
2015-05-14,56,51,50,58,46,58,52.2
2015-05-15,65,59,59,58,58,65,59.8
2015-05-16,64,59,57,58,57,64,59.0
2015-05-17,42,28,35,48,32,48,37.0
2015-05-18,59,48,54,60,55,60,55.2
2015-05-19,65,49,53,61,54,65,56.4
2015-05-20,63,47,50,58,51,63,53.8
2015-05-21,60,56,54,65,56,65,58.2
2015-05-22,60,55,54,63,56,63,57.6
2015-05-23,59,57,54,57,55,59,56.4
2015-05-24,56,59,57,55,57,59,56.8
2015-05-25,55,49,54,55,47,55,52.0
2015-05-26,62,51,47,56,48,62,52.8
2015-05-27,61,56,54,58,55,61,56.8
2015-05-28,58,53,49,55,51,58,53.2
2015-05-29,57,47,43,53,46,57,49.2
2015-05-30,35,37,34,47,32,47,37.0
2015-05-31,48,39,37,51,38,51,42.6
2015-06-01,57,53,55,57,54,57,55.2
2015-06-02,57,52,53,62,53,62,55.4
2015-06-03,56,54,55,59,54,59,55.6
2015-06-04,55,53,54,53,53,55,53.6
2015-06-05,57,55,53,58,54,58,55.4
2015-06-06,60,55,55,64,55,64,57.8
2015-06-07,60,57,56,63,57,63,58.6
2015-06-08,53,45,32,44,47,53,44.2
2015-06-09,55,59,61,54,58,61,57.4
2015-06-10,54,58,58,52,56,58,55.6
2015-06-11,53,43,38,48,40,53,44.4
2015-06-12,57,45,37,56,34,57,45.8
2015-06-13,57,48,44,53,44,57,49.2
2015-06-14,53,54,51,48,54,54,52.0
2015-06-15,55,54,52,54,49,55,52.8
2015-06-16,58,58,57,58,55,58,57.2
2015-06-17,61,59,58,64,57,64,59.8
2015-06-18,59,58,56,62,55,62,58.0
2015-06-19,58,56,54,60,53,60,56.2
2015-06-20,50,48,46,52,39,52,47.0
2015-06-21,47,40,50,54,38,54,45.8
2015-06-22,53,53,52,55,47,55,52.0
2015-06-23,57,59,57,61,56,61,58.0
2015-06-24,57,57,58,61,56,61,57.8
2015-06-25,58,60,60,64,57,64,59.8
2015-06-26,57,58,57,61,55,61,57.6
2015-06-27,54,53,53,59,51,59,54.0
2015-06-28,45,39,46,53,36,53,43.8
2015-06-29,53,55,55,58,52,58,54.6
2015-06-30,61,58,57,62,56,62,58.8
2015-07-01,63,60,61,64,59,64,61.4
2015-07-02,71,69,68,74,66,74,69.6
2015-07-03,71,68,68,73,64,73,68.8
2015-07-04,64,64,64,72,60,72,64.8
2015-07-05,70,63,65,72,62,72,66.4
2015-07-06,70,64,65,72,62,72,66.6
2015-07-07,64,63,63,70,61,70,64.2
2015-07-08,64,63,63,69,62,69,64.2
2015-07-09,68,73,72,71,71,73,71.0
2015-07-10,71,76,73,74,72,76,73.2
2015-07-11,70,70,65,73,67,73,69.0
2015-07-12,58,54,54,61,53,61,56.0
2015-07-13,55,55,52,59,51,59,54.4
2015-07-14,55,55,53,60,49,60,54.4
2015-07-15,46,53,46,52,38,53,47.0
2015-07-16,54,56,53,56,50,56,53.8
2015-07-17,53,55,53,57,46,57,52.8
2015-07-18,53,51,53,56,46,56,51.8
2015-07-19,52,50,53,55,45,55,51.0
2015-07-20,52,48,48,54,43,54,49.0
2015-07-21,52,53,49,54,41,54,49.8
2015-07-22,57,54,51,58,45,58,53.0
2015-07-23,56,53,52,58,43,58,52.4
2015-07-24,53,53,52,59,47,59,52.8
2015-07-25,57,56,53,65,52,65,56.6
2015-07-26,56,55,50,64,48,64,54.6
2015-07-27,62,58,56,62,53,62,58.2
2015-07-28,62,58,56,63,53,63,58.4
2015-07-29,39,45,37,52,33,52,41.2
2015-07-30,53,51,45,57,42,57,49.6
2015-07-31,64,57,54,63,53,64,58.2
2015-08-01,63,61,58,61,57,63,60.0
2015-08-02,58,57,56,58,55,58,56.8
2015-08-03,52,46,43,54,37,54,46.4
2015-08-04,56,53,52,52,52,56,53.0
2015-08-05,58,54,55,58,54,58,55.8
2015-08-06,58,54,55,58,53,58,55.6
2015-08-07,60,54,55,64,54,64,57.4
2015-08-08,58,57,56,64,55,64,58.0
2015-08-09,57,58,56,60,56,60,57.4
2015-08-10,63,61,62,64,58,64,61.6
2015-08-11,62,60,61,63,57,63,60.6
2015-08-12,59,57,60,60,55,60,58.2
2015-08-13,62,60,60,69,59,69,62.0
2015-08-14,61,57,56,63,55,63,58.4
2015-08-15,58,56,53,63,53,63,56.6
2015-08-16,59,57,52,59,53,59,56.0
2015-08-17,58,56,55,62,53,62,56.8
2015-08-18,59,58,59,62,55,62,58.6
2015-08-19,68,68,67,76,64,76,68.6
2015-08-20,79,71,69,83,68,83,74.0
2015-08-21,82,73,71,84,72,84,76.4
2015-08-22,85,88,77,89,80,89,83.8
2015-08-23,85,87,78,90,80,90,84.0
2015-08-24,79,77,77,79,73,79,77.0
2015-08-25,85,86,80,90,80,90,84.2
2015-08-26,85,84,80,87,79,87,83.0
2015-08-27,73,68,67,75,65,75,69.6
2015-08-28,66,70,69,70,67,70,68.4
2015-08-29,70,76,73,76,69,76,72.8
2015-08-30,70,72,71,74,67,74,70.8
2015-08-31,61,60,60,63,57,63,60.2
2015-09-01,73,71,73,73,67,73,71.4
2015-09-02,84,79,81,81,75,84,80.0
2015-09-03,89,92,96,91,83,96,90.2
2015-09-04,90,93,96,93,85,96,91.4
2015-09-05,92,97,92,90,90,97,92.2
2015-09-06,98,103,95,106,94,106,99.2
2015-09-07,97,96,91,105,90,105,95.8
2015-09-08,105,100,95,106,93,106,99.8
2015-09-09,103,95,91,100,88,103,95.4
2015-09-10,141,148,143,138,132,148,140.4
2015-09-11,166,182,173,168,159,182,169.6
2015-09-12,108,119,105,116,103,119,110.2
2015-09-13,139,157,149,154,134,157,146.6
2015-09-14,153,171,160,173,146,173,160.6
2015-09-15,139,151,130,155,132,155,141.4
2015-09-16,112,121,109,129,109,129,116.0
2015-09-17,101,100,91,115,91,115,99.6
2015-09-18,93,90,87,97,83,97,90.0
2015-09-19,140,148,141,148,124,148,140.2
2015-09-20,124,139,131,133,114,139,128.2
2015-09-21,81,82,79,90,76,90,81.6
2015-09-22,92,103,86,114,87,114,96.4
2015-09-23,123,125,119,137,112,137,123.2
2015-09-24,236,279,242,246,226,279,245.8
2015-09-25,302,322,285,321,268,322,299.6
2015-09-26,211,201,189,219,175,219,199.0
2015-09-27,104,108,95,104,96,108,101.4
2015-09-28,176,166,145,197,145,197,165.8
2015-09-29,179,209,205,214,172,214,195.8
2015-09-30,173,196,198,200,163,200,186.0
2015-10-01,175,202,187,180,159,202,180.6
2015-10-02,160,182,173,171,143,182,165.8
2015-10-03,171,186,168,191,152,191,173.6
2015-10-04,165,177,161,181,146,181,166.0
2015-10-05,131,165,160,145,130,165,146.2
2015-10-06,160,184,172,181,142,184,167.8
2015-10-07,150,165,155,160,130,165,152.0
2015-10-08,85,94,86,89,77,94,86.2
2015-10-09,92,92,87,95,83,95,89.8
2015-10-10,91,92,90,91,82,92,89.2
2015-10-11,90,95,93,95,85,95,91.6
2015-10-12,104,113,108,117,99,117,108.2
2015-10-13,121,139,132,129,117,139,127.6
2015-10-14,120,137,130,127,116,137,126.0
2015-10-15,88,94,88,97,83,97,90.0
2015-10-16,119,112,112,113,103,119,111.8
2015-10-17,118,110,110,112,101,118,110.2
2015-10-18,125,124,114,140,113,140,123.2
2015-10-19,145,152,139,162,132,162,146.0
2015-10-20,109,143,114,171,110,171,129.4
2015-10-21,118,124,117,127,112,127,119.6
2015-10-22,117,120,112,127,109,127,117.0
2015-10-23,156,174,165,171,148,174,162.8
2015-10-24,205,229,216,222,186,229,211.6
2015-10-25,164,184,169,185,149,185,170.2
2015-10-26,155,170,170,165,139,170,159.8
2015-10-27,155,162,167,166,139,167,157.8
2015-10-28,120,137,123,143,113,143,127.2
2015-10-29,78,85,78,79,74,85,78.8
2015-10-30,54,58,56,58,54,58,56.0
2015-10-31,52,58,57,57,53,58,55.4
2015-11-01,59,65,64,63,59,65,62.0
2015-11-02,57,65,63,62,59,65,61.2
2015-11-03,57,58,59,63,54,63,58.2
2015-11-04,63,62,69,62,60,69,63.2
2015-11-05,84,84,89,77,77,89,82.2
2015-11-06,85,89,94,81,80,94,85.8
2015-11-07,84,82,92,72,73,92,80.6
2015-11-08,70,82,74,72,70,82,73.6
2015-11-09,89,93,92,92,87,93,90.6
2015-11-10,92,91,90,92,86,92,90.2
2015-11-11,67,65,61,68,62,68,64.6
2015-11-12,68,71,71,70,70,71,70.0
2015-11-13,68,71,68,75,68,75,70.0
2015-11-14,60,66,60,69,65,69,64.0
2015-11-15,51,56,54,61,54,61,55.2
2015-11-16,45,52,47,43,49,52,47.2
2015-11-17,44,41,52,46,52,52,47.0
2015-11-18,54,54,57,63,64,64,58.4
2015-11-19,53,51,53,61,57,61,55.0
2015-11-20,54,52,54,63,54,63,55.4
2015-11-21,48,52,54,46,53,54,50.6
2015-11-22,53,54,56,51,58,58,54.4
2015-11-23,65,59,69,58,71,71,64.4
2015-11-24,66,59,73,65,73,73,67.2
2015-11-25,64,60,79,63,69,79,67.0
2015-11-26,58,55,70,57,63,70,60.6
2015-11-27,40,31,44,31,34,44,36.0
2015-11-28,47,37,51,50,49,51,46.8
2015-11-29,56,50,52,58,57,58,54.6
2015-11-30,54,46,54,56,54,56,52.8
2015-12-01,51,44,54,53,52,54,50.8
2015-12-02,50,42,55,40,45,55,46.4
2015-12-03,47,45,53,50,46,53,48.2
2015-12-04,54,52,56,58,55,58,55.0
2015-12-05,54,51,56,58,54,58,54.6
2015-12-06,55,48,56,46,54,56,51.8
2015-12-07,51,45,52,43,53,53,48.8
2015-12-08,54,52,48,54,51,54,51.8
2015-12-09,54,52,47,55,51,55,51.8
2015-12-10,48,36,50,54,42,54,46.0
2015-12-11,52,54,55,51,52,55,52.8
2015-12-12,46,53,54,42,51,54,49.2
2015-12-13,43,42,42,32,43,43,40.4
2015-12-14,31,31,40,34,36,40,34.4
2015-12-15,57,53,57,49,54,57,54.0
2015-12-16,57,54,57,54,54,57,55.2
2015-12-17,59,57,58,53,56,59,56.6
2015-12-18,59,60,65,61,61,65,61.2
2015-12-19,61,61,65,61,62,65,62.0
2015-12-20,60,58,65,61,58,65,60.4
2015-12-21,57,57,61,61,58,61,58.8
2015-12-22,59,65,70,64,61,70,63.8
2015-12-23,66,67,73,71,65,73,68.4
2015-12-24,59,61,62,63,62,63,61.4
2015-12-25,48,53,55,53,53,55,52.4
2015-12-26,44,42,53,42,42,53,44.6
2015-12-27,39,38,47,38,42,47,40.8
2015-12-28,45,46,52,43,38,52,44.8
2015-12-29,43,46,46,40,38,46,42.6
2015-12-30,45,43,51,51,42,51,46.4
2015-12-31,48,48,51,49,48,51,48.8
2016-01-01,40,39,47,40,41,47,41.4
2016-01-02,47,41,52,36,41,52,43.4
2016-01-03,49,46,50,43,46,50,46.8
2016-01-04,42,39,43,40,38,43,40.4
2016-01-05,44,39,40,37,44,44,40.8
2016-01-06,38,37,41,41,41,41,39.6
2016-01-07,41,41,41,48,49,49,44.0
2016-01-08,38,40,43,43,50,50,42.8
2016-01-09,39,40,48,39,48,48,42.8
2016-01-10,43,42,48,48,46,48,45.4
2016-01-11,41,50,47,47,45,50,46.0
2016-01-12,41,51,42,52,52,52,47.6
2016-01-13,45,43,39,52,51,52,46.0
2016-01-14,48,42,40,52,51,52,46.6
2016-01-15,44,46,41,48,48,48,45.4
2016-01-16,56,58,60,54,57,60,57.0
2016-01-17,56,59,60,58,57,60,58.0
2016-01-18,53,56,55,53,54,56,54.2
2016-01-19,53,55,59,55,56,59,55.6
2016-01-20,52,54,55,55,56,56,54.4
2016-01-21,51,53,52,46,48,53,50.0
2016-01-22,52,51,54,53,51,54,52.2
2016-01-23,46,52,53,51,50,53,50.4
2016-01-24,38,44,51,43,42,51,43.6
2016-01-25,41,48,52,41,47,52,45.8
2016-01-26,38,49,52,40,50,52,45.8
2016-01-27,38,51,49,52,52,52,48.4
2016-01-28,45,50,45,51,52,52,48.6
2016-01-29,52,52,57,51,52,57,52.8
2016-01-30,46,52,56,41,49,56,48.8
2016-01-31,39,41,50,41,51,51,44.4
2016-02-01,39,41,43,34,52,52,41.8
2016-02-02,51,38,50,33,47,51,43.8
2016-02-03,45,46,54,49,43,54,47.4
2016-02-04,46,48,54,51,45,54,48.8
2016-02-05,37,51,45,51,39,51,44.6
2016-02-06,41,49,40,49,46,49,45.0
2016-02-07,46,52,53,46,52,53,49.8
2016-02-08,55,58,59,58,58,59,57.6
2016-02-09,59,60,64,60,59,64,60.4
2016-02-10,58,58,63,59,59,63,59.4
2016-02-11,47,50,54,51,46,54,49.6
2016-02-12,38,50,47,38,48,50,44.2
2016-02-13,39,50,42,39,51,51,44.2
2016-02-14,42,44,45,40,46,46,43.4
2016-02-15,48,51,53,46,52,53,50.0
2016-02-16,52,50,53,47,52,53,50.8
2016-02-17,53,56,53,54,56,56,54.4
2016-02-18,56,58,57,56,58,58,57.0
2016-02-19,55,55,56,54,55,56,55.0
2016-02-20,46,52,52,33,48,52,46.2
2016-02-21,54,54,58,51,53,58,54.0
2016-02-22,49,54,57,51,52,57,52.6
2016-02-23,49,52,55,52,53,55,52.2
2016-02-24,51,49,56,51,53,56,52.0
2016-02-25,49,48,53,45,47,53,48.4
2016-02-26,51,54,54,52,53,54,52.8
2016-02-27,49,53,55,51,52,55,52.0
2016-02-28,46,52,55,49,48,55,50.0
2016-02-29,50,53,53,52,51,53,51.8
2016-03-01,47,53,53,53,51,53,51.4
2016-03-02,52,52,54,51,54,54,52.6
2016-03-03,50,54,55,51,54,55,52.8
2016-03-04,49,55,56,52,53,56,53.0
2016-03-05,46,51,49,46,48,51,48.0
2016-03-06,44,51,49,41,51,51,47.2
2016-03-07,44,52,51,40,51,52,47.6
2016-03-08,52,55,53,51,54,55,53.0
2016-03-09,53,54,53,49,53,54,52.4
2016-03-10,56,55,51,49,55,56,53.2
2016-03-11,56,55,53,52,55,56,54.2
2016-03-12,52,54,53,51,52,54,52.4
2016-03-13,43,54,52,49,54,54,50.4
2016-03-14,53,56,54,54,54,56,54.2
2016-03-15,54,57,55,56,56,57,55.6
2016-03-16,52,58,57,59,58,59,56.8
2016-03-17,56,59,57,61,58,61,58.2
2016-03-18,58,61,59,60,59,61,59.4
2016-03-19,60,62,59,63,62,63,61.2
2016-03-20,59,63,58,67,63,67,62.0
2016-03-21,61,63,59,70,64,70,63.4
2016-03-22,61,66,61,65,63,66,63.2
2016-03-23,61,65,68,58,63,68,63.0
2016-03-24,60,65,66,60,61,66,62.4
2016-03-25,61,65,60,70,64,70,64.0
2016-03-26,59,65,60,67,62,67,62.6
2016-03-27,59,62,58,60,64,64,60.6
2016-03-28,59,65,59,59,66,66,61.6
2016-03-29,73,81,65,70,81,81,74.0
2016-03-30,84,82,68,74,83,84,78.2
2016-03-31,83,81,72,75,80,83,78.2
2016-04-01,71,81,75,63,80,81,74.0
2016-04-02,72,63,64,66,65,72,66.0
2016-04-03,67,62,58,64,60,67,62.2
2016-04-04,58,57,57,62,56,62,58.0
2016-04-05,59,57,56,61,54,61,57.4
2016-04-06,59,58,54,63,57,63,58.2
2016-04-07,61,63,59,63,60,63,61.2
2016-04-08,63,63,59,68,63,68,63.2
2016-04-09,64,62,59,70,63,70,63.6
2016-04-10,63,72,69,65,70,72,67.8
2016-04-11,62,69,65,64,64,69,64.8
2016-04-12,71,77,68,69,73,77,71.6
2016-04-13,68,73,65,66,67,73,67.8
2016-04-14,70,70,66,61,66,70,66.6
2016-04-15,64,68,64,59,65,68,64.0
2016-04-16,60,58,54,64,56,64,58.4
2016-04-17,61,57,53,64,56,64,58.2
2016-04-18,65,65,61,65,62,65,63.6
2016-04-19,70,64,60,68,64,70,65.2
2016-04-20,67,64,71,63,67,71,66.4
2016-04-21,61,63,70,62,61,70,63.4
2016-04-22,59,61,60,61,61,61,60.4
2016-04-23,59,60,56,61,57,61,58.6
2016-04-24,61,57,52,60,59,61,57.8
2016-04-25,60,54,50,59,55,60,55.6
2016-04-26,64,56,52,63,56,64,58.2
2016-04-27,70,59,56,71,65,71,64.2
2016-04-28,71,58,62,68,65,71,64.8
2016-04-29,72,61,61,69,66,72,65.8
2016-04-30,70,81,75,68,78,81,74.4
2016-05-01,67,81,75,67,78,81,73.6
2016-05-02,62,62,63,61,62,63,62.0
2016-05-03,64,53,54,59,59,64,57.8
2016-05-04,61,52,48,57,55,61,54.6
2016-05-05,54,57,57,55,59,59,56.4
2016-05-06,65,59,58,61,61,65,60.8
2016-05-07,65,59,53,59,59,65,59.0
2016-05-08,65,59,57,59,61,65,60.2
2016-05-09,60,65,61,62,63,65,62.2
2016-05-10,56,61,60,57,58,61,58.4
2016-05-11,56,54,52,60,53,60,55.0
2016-05-12,61,60,57,57,59,61,58.8
2016-05-13,63,54,52,57,55,63,56.2
2016-05-14,62,58,58,54,58,62,58.0
2016-05-15,58,57,57,54,57,58,56.6
2016-05-16,55,56,57,52,57,57,55.4
2016-05-17,71,69,64,64,70,71,67.6
2016-05-18,75,69,64,70,72,75,70.0
2016-05-19,63,55,57,60,57,63,58.4
2016-05-20,63,54,55,51,54,63,55.4
2016-05-21,59,55,54,54,55,59,55.4
2016-05-22,48,51,47,44,52,52,48.4
2016-05-23,55,52,52,53,54,55,53.2
2016-05-24,59,51,52,55,48,59,53.0
2016-05-25,55,52,43,51,43,55,48.8
2016-05-26,49,50,45,48,42,50,46.8
2016-05-27,46,41,43,41,34,46,41.0
2016-05-28,43,42,37,51,36,51,41.8
2016-05-29,49,52,52,50,53,53,51.2
2016-05-30,56,55,55,44,55,56,53.0
2016-05-31,57,54,59,46,51,59,53.4
2016-06-01,66,62,63,64,61,66,63.2
2016-06-02,64,58,56,62,58,64,59.6
2016-06-03,70,60,55,65,63,70,62.6
2016-06-04,66,63,66,66,63,66,64.8
2016-06-05,66,61,62,62,61,66,62.4
2016-06-06,66,60,57,56,61,66,60.0
2016-06-07,59,53,50,59,52,59,54.6
2016-06-08,64,63,58,61,65,65,62.2
2016-06-09,69,69,66,62,67,69,66.6
2016-06-10,68,67,66,61,66,68,65.6
2016-06-11,60,59,61,61,57,61,59.6
2016-06-12,54,49,45,47,50,54,49.0
2016-06-13,57,40,44,45,37,57,44.6
2016-06-14,61,56,56,53,54,61,56.0
2016-06-15,65,56,55,55,55,65,57.2
2016-06-16,62,54,52,44,54,62,53.2
2016-06-17,61,39,35,44,43,61,44.4
2016-06-18,53,52,53,36,49,53,48.6
2016-06-19,59,60,58,51,58,60,57.2
2016-06-20,56,56,54,53,54,56,54.6
2016-06-21,61,56,58,52,53,61,56.0
2016-06-22,64,59,58,56,57,64,58.8
2016-06-23,57,54,54,55,54,57,54.8
2016-06-24,54,52,43,52,51,54,50.4
2016-06-25,54,52,44,55,51,55,51.2
2016-06-26,51,51,39,49,44,51,46.8
2016-06-27,55,51,48,44,48,55,49.2
2016-06-28,53,52,45,44,51,53,49.0
2016-06-29,59,57,52,52,54,59,54.8
2016-06-30,62,59,54,59,57,62,58.2
2016-07-01,69,56,54,60,57,69,59.2
2016-07-02,65,58,55,62,57,65,59.4
2016-07-03,61,56,54,57,56,61,56.8
2016-07-04,56,54,47,55,53,56,53.0
2016-07-05,57,52,48,53,51,57,52.2
2016-07-06,53,51,47,49,43,53,48.6
2016-07-07,58,55,52,53,54,58,54.4
2016-07-08,58,54,51,53,54,58,54.0
2016-07-09,64,45,42,53,43,64,49.4
2016-07-10,63,42,38,45,41,63,45.8
2016-07-11,68,48,43,55,44,68,51.6
2016-07-12,61,49,44,55,45,61,50.8
2016-07-13,55,51,43,53,51,55,50.6
2016-07-14,63,55,52,60,56,63,57.2
2016-07-15,62,54,47,60,55,62,55.6
2016-07-16,57,56,54,55,56,57,55.6
2016-07-17,57,57,57,52,56,57,55.8
2016-07-18,62,61,58,49,57,62,57.4
2016-07-19,63,60,57,45,57,63,56.4
2016-07-20,54,52,52,47,52,54,51.4
2016-07-21,58,58,57,52,56,58,56.2
2016-07-22,63,60,63,55,60,63,60.2
2016-07-23,62,59,62,56,59,62,59.6
2016-07-24,51,44,42,54,38,54,45.8
2016-07-25,56,46,45,47,49,56,48.6
2016-07-26,59,55,52,57,55,59,55.6
2016-07-27,64,54,48,62,56,64,56.8
2016-07-28,63,57,54,61,58,63,58.6
2016-07-29,60,56,55,55,57,60,56.6
2016-07-30,57,54,52,54,52,57,53.8
2016-07-31,60,49,51,53,51,60,52.8
2016-08-01,61,59,55,56,59,61,58.0
2016-08-02,59,58,54,54,58,59,56.6
2016-08-03,57,55,54,54,56,57,55.2
2016-08-04,57,53,46,52,53,57,52.2
2016-08-05,56,56,55,58,54,58,55.8
2016-08-06,58,57,55,58,56,58,56.8
2016-08-07,62,59,58,61,60,62,60.0
2016-08-08,64,62,63,62,62,64,62.6
2016-08-09,71,65,63,64,65,71,65.6
2016-08-10,71,63,58,63,64,71,63.8
2016-08-11,57,55,53,56,53,57,54.8
2016-08-12,59,55,52,56,54,59,55.2
2016-08-13,63,64,61,57,63,64,61.6
2016-08-14,63,65,61,57,63,65,61.8
2016-08-15,61,58,57,58,58,61,58.4
2016-08-16,53,50,43,47,45,53,47.6
2016-08-17,57,51,50,48,48,57,50.8
2016-08-18,64,49,52,53,48,64,53.2
2016-08-19,56,49,45,52,41,56,48.6
2016-08-20,54,50,45,51,42,54,48.4
2016-08-21,53,45,43,47,42,53,46.0
2016-08-22,53,52,51,52,52,53,52.0
2016-08-23,72,63,58,64,63,72,64.0
2016-08-24,72,62,59,64,63,72,64.0
2016-08-25,54,50,46,49,51,54,50.0
2016-08-26,119,104,90,130,104,130,109.4
2016-08-27,143,105,91,143,108,143,118.0
2016-08-28,115,72,73,81,75,115,83.2
2016-08-29,109,74,76,85,82,109,85.2
2016-08-30,74,55,57,68,62,74,63.2
2016-08-31,67,55,52,56,57,67,57.4
2016-09-01,68,60,58,57,58,68,60.2
2016-09-02,62,59,57,56,56,62,58.0
2016-09-03,72,61,57,56,59,72,61.0
2016-09-04,75,64,59,67,61,75,65.2
2016-09-05,80,81,79,69,76,81,77.0
2016-09-06,73,72,71,58,68,73,68.4
2016-09-07,55,56,53,52,54,56,54.0
2016-09-08,57,54,52,55,54,57,54.4
2016-09-09,62,54,52,54,53,62,55.0
2016-09-10,60,60,58,57,58,60,58.6
2016-09-11,56,58,57,56,56,58,56.6
2016-09-12,56,57,53,51,55,57,54.4
2016-09-13,61,57,54,58,56,61,57.2
2016-09-14,60,52,49,56,52,60,53.8
2016-09-15,61,58,53,53,54,61,55.8
2016-09-16,61,53,53,54,55,61,55.2
2016-09-17,54,54,51,43,52,54,50.8
2016-09-18,64,62,63,57,60,64,61.2
2016-09-19,62,61,63,55,59,63,60.0
2016-09-20,49,54,52,34,51,54,48.0
2016-09-21,53,53,47,45,45,53,48.6
2016-09-22,69,62,61,59,61,69,62.4
2016-09-23,67,61,61,58,60,67,61.4
2016-09-24,64,62,59,56,62,64,60.6
2016-09-25,66,62,59,56,62,66,61.0
2016-09-26,60,64,59,58,64,64,61.0
2016-09-27,74,73,68,63,74,74,70.4
2016-09-28,80,75,71,68,74,80,73.6
2016-09-29,67,60,59,59,61,67,61.2
2016-09-30,68,61,63,56,62,68,62.0
2016-10-01,68,65,64,58,64,68,63.8
2016-10-02,59,61,56,54,58,61,57.6
2016-10-03,65,64,57,59,61,65,61.2
2016-10-04,64,66,59,61,64,66,62.8
2016-10-05,79,78,69,73,77,79,75.2
2016-10-06,86,75,70,71,75,86,75.4
2016-10-07,80,73,65,68,72,80,71.6
2016-10-08,65,56,52,55,55,65,56.6
2016-10-09,59,61,52,55,57,61,56.8
2016-10-10,62,57,53,59,57,62,57.6
2016-10-11,60,57,53,60,55,60,57.0
2016-10-12,53,52,42,46,50,53,48.6
2016-10-13,52,43,40,44,39,52,43.6
2016-10-14,52,55,48,47,52,55,50.8
2016-10-15,52,58,52,53,55,58,54.0
2016-10-16,51,56,49,42,51,56,49.8
2016-10-17,37,52,43,31,39,52,40.4
2016-10-18,56,52,44,48,47,56,49.4
2016-10-19,55,53,52,49,52,55,52.2
2016-10-20,64,58,57,55,58,64,58.4
2016-10-21,71,58,56,57,58,71,60.0
2016-10-22,78,54,54,55,57,78,59.6
2016-10-23,66,62,56,59,59,66,60.4
2016-10-24,69,72,65,64,70,72,68.0
2016-10-25,62,67,61,59,67,67,63.2
2016-10-26,57,62,54,59,64,64,59.2
2016-10-27,51,55,54,52,55,55,53.4
2016-10-28,62,61,60,55,61,62,59.8
2016-10-29,77,66,65,62,71,77,68.2
2016-10-30,74,59,59,58,63,74,62.6
2016-10-31,58,56,56,45,55,58,54.0
2016-11-01,57,56,55,46,55,57,53.8
2016-11-02,57,54,53,45,54,57,52.6
2016-11-03,53,53,53,45,52,53,51.2
2016-11-04,47,53,45,34,41,53,44.0
2016-11-05,55,56,52,40,51,56,50.8
2016-11-06,52,51,49,31,45,52,45.6
2016-11-07,58,59,54,47,59,59,55.4
2016-11-08,62,59,56,52,60,62,57.8
2016-11-09,67,62,58,60,63,67,62.0
2016-11-10,64,59,58,54,59,64,58.8
2016-11-11,64,59,57,55,58,64,58.6
2016-11-12,57,56,53,47,54,57,53.4
2016-11-13,57,56,52,51,55,57,54.2
2016-11-14,51,52,51,44,51,52,49.8
2016-11-15,52,44,48,43,48,52,47.0
2016-11-16,55,52,54,47,52,55,52.0
2016-11-17,54,56,58,44,53,58,53.0
2016-11-18,55,56,58,52,56,58,55.4
2016-11-19,68,60,59,63,61,68,62.2
2016-11-20,69,59,60,69,60,69,63.4
2016-11-21,64,56,60,63,59,64,60.4
2016-11-22,57,53,49,64,54,64,55.4
2016-11-23,58,53,44,52,56,58,52.6
2016-11-24,54,52,52,36,53,54,49.4
2016-11-25,54,54,55,52,53,55,53.6
2016-11-26,54,55,54,52,53,55,53.6
2016-11-27,57,53,55,40,54,57,51.8
2016-11-28,49,35,49,24,36,49,38.6
2016-11-29,43,35,38,25,32,43,34.6
2016-11-30,41,36,39,24,34,41,34.8
2016-12-01,45,40,42,24,30,45,36.2
2016-12-02,43,39,41,26,33,43,36.4
2016-12-03,51,51,54,30,50,54,47.2
2016-12-04,61,57,59,55,58,61,58.0
2016-12-05,58,55,52,55,54,58,54.8
2016-12-06,54,57,56,46,57,57,54.0
2016-12-07,53,57,56,45,59,59,54.0
2016-12-08,49,52,52,52,47,52,50.4
2016-12-09,47,46,50,54,44,54,48.2
2016-12-10,51,48,52,47,41,52,47.8
2016-12-11,46,41,48,55,39,55,45.8
2016-12-12,39,30,38,53,33,53,38.6
2016-12-13,59,56,58,54,55,59,56.4
2016-12-14,59,56,58,54,55,59,56.4
2016-12-15,69,61,62,60,62,69,62.8
2016-12-16,69,67,63,63,68,69,66.0
2016-12-17,63,65,64,59,68,68,63.8
2016-12-18,59,56,59,55,58,59,57.4
2016-12-19,52,42,51,49,40,52,46.8
2016-12-20,52,43,52,47,41,52,47.0
2016-12-21,43,35,40,36,33,43,37.4
2016-12-22,49,45,53,38,39,53,44.8
2016-12-23,51,47,56,44,48,56,49.2
2016-12-24,39,40,52,36,38,52,41.0
2016-12-25,38,30,49,29,27,49,34.6
2016-12-26,33,31,38,27,25,38,30.8
2016-12-27,30,24,38,22,22,38,27.2
2016-12-28,39,39,48,32,44,48,40.4
2016-12-29,57,55,58,55,56,58,56.2
2016-12-30,56,53,56,53,53,56,54.2
2016-12-31,47,39,49,42,33,49,42.0
2017-01-01,44,44,49,38,36,49,42.2
2017-01-02,42,45,51,33,39,51,42.0
2017-01-03,52,40,51,31,38,52,42.4
2017-01-04,49,35,44,29,34,49,38.2
2017-01-05,44,33,44,27,34,44,36.4
2017-01-06,56,54,52,52,53,56,53.4
2017-01-07,59,54,53,53,53,59,54.4
2017-01-08,56,54,53,53,52,56,53.6
2017-01-09,55,52,50,52,51,55,52.0
2017-01-10,55,52,54,53,53,55,53.4
2017-01-11,54,55,54,53,55,55,54.2
2017-01-12,65,55,57,53,55,65,57.0
2017-01-13,65,60,58,56,61,65,60.0
2017-01-14,57,60,61,54,62,62,58.8
2017-01-15,58,62,62,56,59,62,59.4
2017-01-16,55,53,57,54,56,57,55.0
2017-01-17,55,55,54,53,56,56,54.6
2017-01-18,53,55,55,53,54,55,54.0
2017-01-19,54,50,54,51,46,54,51.0
2017-01-20,53,52,54,44,45,54,49.6
2017-01-21,55,53,53,48,50,55,51.8
2017-01-22,46,41,43,43,36,46,41.8
2017-01-23,29,31,32,27,29,32,29.6
2017-01-24,32,22,28,18,25,32,25.0
2017-01-25,33,24,29,25,22,33,26.6
2017-01-26,40,37,44,31,39,44,38.2
2017-01-27,50,49,52,41,44,52,47.2
2017-01-28,52,49,52,51,47,52,50.2
2017-01-29,46,39,43,45,38,46,42.2
2017-01-30,35,36,36,35,32,36,34.8
2017-01-31,34,37,38,30,39,39,35.6
2017-02-01,51,51,53,51,49,53,51.0
2017-02-02,58,62,59,54,60,62,58.6
2017-02-03,59,62,59,54,60,62,58.8
2017-02-04,42,45,50,45,40,50,44.4
2017-02-05,45,43,43,38,41,45,42.0
2017-02-06,40,40,46,38,37,46,40.2
2017-02-07,47,47,49,37,40,49,44.0
2017-02-08,56,55,57,52,54,57,54.8
2017-02-09,63,60,61,57,59,63,60.0
2017-02-10,60,57,60,57,58,60,58.4
2017-02-11,56,56,56,52,53,56,54.6
2017-02-12,53,59,55,51,55,59,54.6
2017-02-13,53,58,55,52,54,58,54.4
2017-02-14,53,58,54,52,54,58,54.2
2017-02-15,46,55,51,46,51,55,49.8
2017-02-16,44,54,51,43,51,54,48.6
2017-02-17,53,57,53,50,53,57,53.2
2017-02-18,57,55,50,46,51,57,51.8
2017-02-19,56,55,52,44,53,56,52.0
2017-02-20,56,55,53,44,53,56,52.2
2017-02-21,53,51,44,41,44,53,46.6
2017-02-22,53,52,47,44,51,53,49.4
2017-02-23,54,56,52,57,48,57,53.4
2017-02-24,60,63,57,57,57,63,58.8
2017-02-25,58,56,52,46,53,58,53.0
2017-02-26,56,54,53,47,49,56,51.8
2017-02-27,54,52,51,45,42,54,48.8
2017-02-28,52,52,38,49,49,52,48.0
2017-03-01,52,52,43,49,48,52,48.8
2017-03-02,37,42,31,29,38,42,35.4
2017-03-03,52,58,51,45,54,58,52.0
2017-03-04,54,56,53,42,53,56,51.6
2017-03-05,59,63,58,56,58,63,58.8
2017-03-06,58,62,58,54,58,62,58.0
2017-03-07,56,61,58,54,57,61,57.2
2017-03-08,55,62,58,53,57,62,57.0
2017-03-09,59,65,58,58,61,65,60.2
2017-03-10,59,64,57,56,61,64,59.4
2017-03-11,55,60,54,56,57,60,56.4
2017-03-12,59,63,56,60,57,63,59.0
2017-03-13,62,78,64,71,68,78,68.6
2017-03-14,73,79,69,66,69,79,71.2
2017-03-15,143,72,64,66,65,143,82.0
2017-03-16,87,74,64,62,67,87,70.8
2017-03-17,59,67,60,56,60,67,60.4
2017-03-18,59,68,61,65,63,68,63.2
2017-03-19,62,70,60,83,61,83,67.2
2017-03-20,62,71,61,70,63,71,65.4
2017-03-21,62,59,59,49,55,62,56.8
2017-03-22,58,58,59,48,55,59,55.6
2017-03-23,55,61,54,56,58,61,56.8
2017-03-24,65,70,62,56,61,70,62.8
2017-03-25,68,76,65,62,69,76,68.0
2017-03-26,60,63,57,58,59,63,59.4
2017-03-27,56,61,54,58,55,61,56.8
2017-03-28,53,53,44,37,43,53,46.0
2017-03-29,58,58,55,45,51,58,53.4
2017-03-30,57,59,58,48,54,59,55.2
2017-03-31,61,61,60,53,58,61,58.6
2017-04-01,61,65,60,61,59,65,61.2
2017-04-02,53,59,54,55,52,59,54.6
2017-04-03,53,53,55,39,45,55,49.0
2017-04-04,54,55,49,32,41,55,46.2
2017-04-05,55,55,52,43,45,55,50.0
2017-04-06,56,52,50,47,44,56,49.8
2017-04-07,55,53,52,44,46,55,50.0
2017-04-08,54,61,56,46,57,61,54.8
2017-04-09,63,72,67,73,63,73,67.6
2017-04-10,67,66,63,64,61,67,64.2
2017-04-11,69,65,58,59,62,69,62.6
2017-04-12,63,65,57,60,60,65,61.0
2017-04-13,57,58,51,59,47,59,54.4
2017-04-14,56,59,54,56,44,59,53.8
2017-04-15,53,56,52,54,37,56,50.4
2017-04-16,56,60,58,81,57,81,62.4
2017-04-17,58,60,57,59,55,60,57.8
2017-04-18,59,61,54,54,57,61,57.0
2017-04-19,64,68,65,56,65,68,63.6
2017-04-20,76,86,81,63,74,86,76.0
2017-04-21,86,96,89,62,80,96,82.6
2017-04-22,70,76,70,57,66,76,67.8
2017-04-23,67,67,61,58,59,67,62.4
2017-04-24,66,67,62,61,59,67,63.0
2017-04-25,65,81,66,62,69,81,68.6
2017-04-26,74,81,72,65,70,81,72.4
2017-04-27,69,67,70,54,64,70,64.8
2017-04-28,54,64,57,38,55,64,53.6
2017-04-29,75,67,62,55,63,75,64.4
2017-04-30,79,70,65,70,73,79,71.4
2017-05-01,67,60,56,65,62,67,62.0
2017-05-02,64,61,55,60,58,64,59.6
2017-05-03,66,61,55,59,58,66,59.8
2017-05-04,66,63,57,60,59,66,61.0
2017-05-05,83,66,61,61,68,83,67.8
2017-05-06,75,66,60,57,63,75,64.2
2017-05-07,67,64,63,56,63,67,62.6
2017-05-08,62,64,62,54,61,64,60.6
2017-05-09,55,62,59,40,56,62,54.4
2017-05-10,51,52,37,38,36,52,42.8
2017-05-11,54,52,44,39,48,54,47.4
2017-05-12,60,58,51,43,53,60,53.0
2017-05-13,59,59,51,45,54,59,53.6
2017-05-14,55,60,37,43,50,60,49.0
2017-05-15,50,56,52,48,49,56,51.0
2017-05-16,53,56,52,47,51,56,51.8
2017-05-17,50,53,46,50,41,53,48.0
2017-05-18,49,53,45,48,39,53,46.8
2017-05-19,41,49,51,45,35,51,44.2
2017-05-20,53,57,50,53,44,57,51.4
2017-05-21,52,56,51,52,45,56,51.2
2017-05-22,51,55,48,46,45,55,49.0
2017-05-23,43,51,39,37,32,51,40.4
2017-05-24,52,54,51,44,45,54,49.2
2017-05-25,57,52,52,56,51,57,53.6
2017-05-26,57,55,53,56,50,57,54.2
2017-05-27,67,61,56,60,58,67,60.4
2017-05-28,66,60,56,61,58,66,60.2
2017-05-29,48,47,33,52,32,52,42.4
2017-05-30,57,56,40,51,50,57,50.8
2017-05-31,61,61,55,47,57,61,56.2
2017-06-01,58,58,53,41,54,58,52.8
2017-06-02,52,53,43,37,43,53,45.6
2017-06-03,45,41,30,34,30,45,36.0
2017-06-04,48,53,43,48,34,53,45.2
2017-06-05,51,55,47,51,41,55,49.0
2017-06-06,56,61,54,53,53,61,55.4
2017-06-07,58,62,56,56,55,62,57.4
2017-06-08,58,59,55,56,54,59,56.4
2017-06-09,54,55,52,55,46,55,52.4
2017-06-10,53,56,49,52,44,56,50.8
2017-06-11,53,59,52,47,48,59,51.8
2017-06-12,47,52,44,40,34,52,43.4
2017-06-13,44,34,38,42,33,44,38.2
2017-06-14,55,47,47,52,46,55,49.4
2017-06-15,54,53,47,55,44,55,50.6
2017-06-16,57,57,57,73,54,73,59.6
2017-06-17,59,57,56,72,55,72,59.8
2017-06-18,56,53,47,59,44,59,51.8
2017-06-19,45,42,41,39,36,45,40.6
2017-06-20,56,50,42,47,42,56,47.4
2017-06-21,61,55,51,55,54,61,55.2
2017-06-22,63,61,58,64,59,64,61.0
2017-06-23,61,58,55,60,56,61,58.0
2017-06-24,56,52,48,50,43,56,49.8
2017-06-25,61,52,50,55,51,61,53.8
2017-06-26,63,60,59,54,58,63,58.8
2017-06-27,67,62,60,52,61,67,60.4
2017-06-28,59,55,56,58,58,59,57.2
2017-06-29,60,57,56,60,58,60,58.2
2017-06-30,58,52,49,53,52,58,52.8
2017-07-01,51,31,35,43,29,51,37.8
2017-07-02,54,39,46,51,40,54,46.0
2017-07-03,55,48,50,52,44,55,49.8
2017-07-04,49,44,39,33,40,49,41.0
2017-07-05,53,44,40,38,36,53,42.2
2017-07-06,54,39,38,41,40,54,42.4
2017-07-07,55,46,42,44,42,55,45.8
2017-07-08,55,56,53,51,53,56,53.6
2017-07-09,55,57,53,52,53,57,54.0
2017-07-10,49,39,37,41,34,49,40.0
2017-07-11,52,52,42,36,44,52,45.2
2017-07-12,42,52,41,30,44,52,41.8
2017-07-13,57,54,53,53,52,57,53.8
2017-07-14,60,58,54,57,56,60,57.0
2017-07-15,62,59,56,58,58,62,58.6
2017-07-16,61,61,60,58,58,61,59.6
2017-07-17,54,55,54,56,52,56,54.2
2017-07-18,58,59,59,60,56,60,58.4
2017-07-19,56,56,56,57,53,57,55.6
2017-07-20,54,46,45,47,41,54,46.6
2017-07-21,55,45,51,54,45,55,50.0
2017-07-22,50,52,51,53,46,53,50.4
2017-07-23,51,54,52,54,51,54,52.4
2017-07-24,53,53,52,54,51,54,52.6
2017-07-25,56,58,57,56,56,58,56.6
2017-07-26,63,63,61,60,60,63,61.4
2017-07-27,61,62,60,61,59,62,60.6
2017-07-28,62,62,61,61,59,62,61.0
2017-07-29,63,65,63,65,61,65,63.4
2017-07-30,56,56,53,58,53,58,55.2
2017-07-31,44,50,45,34,36,50,41.8
2017-08-01,54,56,54,36,53,56,50.6
2017-08-02,59,60,58,45,58,60,56.0
2017-08-03,60,60,59,52,58,60,57.8
2017-08-04,56,56,56,57,53,57,55.6
2017-08-05,54,55,54,57,54,57,54.8
2017-08-06,54,56,54,57,54,57,55.0
2017-08-07,47,51,46,50,45,51,47.8
2017-08-08,52,48,45,47,42,52,46.8
2017-08-09,53,50,48,39,45,53,47.0
2017-08-10,58,54,56,56,53,58,55.4
2017-08-11,56,54,55,56,52,56,54.6
2017-08-12,56,55,52,40,48,56,50.2
2017-08-13,53,52,52,30,47,53,46.8
2017-08-14,54,38,48,50,41,54,46.2
2017-08-15,54,35,47,48,41,54,45.0
2017-08-16,57,51,52,51,52,57,52.6
2017-08-17,59,59,58,57,56,59,57.8
2017-08-18,57,57,55,57,53,57,55.8
2017-08-19,57,52,54,57,54,57,54.8
2017-08-20,51,47,48,51,44,51,48.2
2017-08-21,40,37,39,41,35,41,38.4
2017-08-22,54,44,46,48,45,54,47.4
2017-08-23,58,57,56,55,54,58,56.0
2017-08-24,58,57,55,54,54,58,55.6
2017-08-25,53,53,52,50,51,53,51.8
2017-08-26,52,39,39,41,33,52,40.8
2017-08-27,36,45,37,34,34,45,37.2
2017-08-28,52,52,51,49,46,52,50.0
2017-08-29,66,58,58,56,59,66,59.4
2017-08-30,63,55,56,55,58,63,57.4
2017-08-31,59,40,47,59,52,59,51.4
2017-09-01,53,48,52,53,45,53,50.2
2017-09-02,65,62,61,63,59,65,62.0
2017-09-03,65,61,61,63,58,65,61.6
2017-09-04,55,53,52,53,50,55,52.6
2017-09-05,56,53,54,54,52,56,53.8
2017-09-06,56,52,52,56,52,56,53.6
2017-09-07,55,47,47,55,50,55,50.8
2017-09-08,55,44,40,56,38,56,46.6
2017-09-09,43,39,37,47,26,47,38.4
2017-09-10,60,57,57,62,56,62,58.4
2017-09-11,60,59,63,61,61,63,60.8
2017-09-12,68,66,65,70,63,70,66.4
2017-09-13,79,66,66,80,66,80,71.4
2017-09-14,70,61,63,73,60,73,65.4
2017-09-15,67,61,58,59,58,67,60.6
2017-09-16,67,62,59,56,58,67,60.4
2017-09-17,54,52,54,52,52,54,52.8
2017-09-18,44,32,34,51,30,51,38.2
2017-09-19,59,49,52,49,54,59,52.6
2017-09-20,60,53,59,47,56,60,55.0
2017-09-21,50,49,55,34,50,55,47.6
2017-09-22,62,48,45,54,50,62,51.8
2017-09-23,64,60,58,58,57,64,59.4
2017-09-24,61,59,58,57,56,61,58.2
2017-09-25,61,56,58,56,56,61,57.4
2017-09-26,61,45,51,66,54,66,55.4
2017-09-27,70,65,65,65,66,70,66.2
2017-09-28,69,64,63,65,63,69,64.8
2017-09-29,66,59,60,67,59,67,62.2
2017-09-30,54,51,56,56,51,56,53.6
2017-10-01,54,57,54,51,53,57,53.8
2017-10-02,58,58,56,55,55,58,56.4
2017-10-03,71,67,64,54,63,71,63.8
2017-10-04,71,67,63,55,63,71,63.8
2017-10-05,60,51,52,50,48,60,52.2
2017-10-06,65,53,51,65,53,65,57.4
2017-10-07,65,66,66,65,64,66,65.2
2017-10-08,63,63,66,59,64,66,63.0
2017-10-09,59,63,63,53,58,63,59.2
2017-10-10,53,55,59,35,52,59,50.8
2017-10-11,45,43,45,35,41,45,41.8
2017-10-12,51,52,50,33,43,52,45.8
2017-10-13,56,53,52,46,52,56,51.8
2017-10-14,55,50,53,45,51,55,50.8
2017-10-15,66,67,71,59,66,71,65.8
2017-10-16,66,65,69,56,65,69,64.2
2017-10-17,56,59,58,53,56,59,56.4
2017-10-18,59,56,59,63,63,63,60.0
2017-10-19,64,64,68,61,60,68,63.4
2017-10-20,71,76,78,68,75,78,73.6
2017-10-21,75,77,75,72,75,77,74.8
2017-10-22,76,74,73,73,75,76,74.2
2017-10-23,67,68,65,63,65,68,65.6
2017-10-24,72,74,73,70,72,74,72.2
2017-10-25,70,80,72,75,76,80,74.6
2017-10-26,64,74,66,69,70,74,68.6
2017-10-27,67,74,73,62,75,75,70.2
2017-10-28,65,68,71,56,66,71,65.2
2017-10-29,56,58,58,54,57,58,56.6
2017-10-30,52,53,55,35,53,55,49.6
2017-10-31,53,51,53,34,49,53,48.0
2017-11-01,66,67,66,61,63,67,64.6
2017-11-02,65,65,67,60,62,67,63.8
2017-11-03,59,59,64,53,61,64,59.2
2017-11-04,54,57,55,44,52,57,52.4
2017-11-05,53,57,52,41,51,57,50.8
2017-11-06,52,54,54,46,56,56,52.4
2017-11-07,54,58,59,51,57,59,55.8
2017-11-08,56,62,57,51,57,62,56.6
2017-11-09,57,53,59,38,52,59,51.8
2017-11-10,55,51,59,39,48,59,50.4
2017-11-11,52,55,57,42,53,57,51.8
2017-11-12,56,57,59,42,56,59,54.0
2017-11-13,57,52,58,50,53,58,54.0
2017-11-14,60,58,62,55,60,62,59.0
2017-11-15,56,51,58,51,53,58,53.8
2017-11-16,62,68,71,62,63,71,65.2
2017-11-17,62,68,69,62,63,69,64.8
2017-11-18,57,58,58,53,54,58,56.0
2017-11-19,55,53,56,51,52,56,53.4
2017-11-20,59,55,58,54,55,59,56.2
2017-11-21,60,57,59,53,57,60,57.2
2017-11-22,59,58,68,60,57,68,60.4
2017-11-23,56,57,63,57,55,63,57.6
2017-11-24,38,31,51,31,32,51,36.6
2017-11-25,30,39,51,37,31,51,37.6
2017-11-26,43,38,46,36,41,46,40.8
2017-11-27,43,33,43,33,38,43,38.0
2017-11-28,48,33,43,39,31,48,38.8
2017-11-29,51,36,47,43,38,51,43.0
2017-11-30,41,30,37,51,35,51,38.8
2017-12-01,47,44,50,46,42,50,45.8
2017-12-02,41,42,57,48,45,57,46.6
2017-12-03,44,51,58,35,52,58,48.0
2017-12-04,52,54,55,55,52,55,53.6
2017-12-05,56,64,60,64,56,64,60.0
2017-12-06,55,61,58,61,57,61,58.4
2017-12-07,52,57,54,49,55,57,53.4
2017-12-08,38,43,54,42,40,54,43.4
2017-12-09,45,37,48,35,43,48,41.6
2017-12-10,59,62,63,59,60,63,60.6
2017-12-11,58,60,62,57,60,62,59.4
2017-12-12,57,56,63,55,57,63,57.6
2017-12-13,58,56,63,55,54,63,57.2
2017-12-14,58,56,62,63,56,63,59.0
2017-12-15,63,60,61,60,61,63,61.0
2017-12-16,61,56,56,57,56,61,57.2
2017-12-17,61,55,55,54,55,61,56.0
2017-12-18,60,53,53,46,55,60,53.4
2017-12-19,61,54,53,49,56,61,54.6
2017-12-20,61,54,56,54,56,61,56.2
2017-12-21,63,57,59,54,59,63,58.4
2017-12-22,63,57,59,53,58,63,58.0
2017-12-23,56,54,56,55,54,56,55.0
2017-12-24,43,38,48,48,40,48,43.4
2017-12-25,42,47,52,46,40,52,45.4
2017-12-26,41,47,52,44,39,52,44.6
2017-12-27,37,52,55,34,52,55,46.0
2017-12-28,36,50,47,32,50,50,43.0
2017-12-29,43,49,52,40,52,52,47.2
2017-12-30,43,46,51,37,51,51,45.6
2017-12-31,42,44,51,34,49,51,44.0
2018-01-01,33,29,41,20,28,41,30.2
2018-01-02,33,26,31,24,26,33,28.0
2018-01-03,53,51,47,38,45,53,46.8
2018-01-04,53,50,48,40,51,53,48.4
2018-01-05,53,46,55,33,52,55,47.8
2018-01-06,57,58,57,62,57,62,58.2
2018-01-07,62,56,56,61,56,62,58.2
2018-01-08,61,46,53,53,52,61,53.0
2018-01-09,54,52,53,55,52,55,53.2
2018-01-10,53,52,54,51,51,54,52.2
2018-01-11,45,38,52,34,34,52,40.6
2018-01-12,36,21,30,20,24,36,26.2
2018-01-13,36,25,28,24,22,36,27.0
2018-01-14,39,29,37,33,27,39,33.0
2018-01-15,37,29,37,29,33,37,33.0
2018-01-16,43,39,49,44,42,49,43.4
2018-01-17,42,39,47,42,42,47,42.4
2018-01-18,44,40,51,39,44,51,43.6
2018-01-19,55,53,57,44,54,57,52.6
2018-01-20,54,53,56,46,52,56,52.2
2018-01-21,52,52,56,43,52,56,51.0
2018-01-22,48,38,53,37,39,53,43.0
2018-01-23,52,41,52,39,46,52,46.0
2018-01-24,46,47,51,34,38,51,43.2
2018-01-25,52,42,44,32,38,52,41.6
2018-01-26,55,51,52,40,54,55,50.4
2018-01-27,52,45,52,43,53,53,49.0
2018-01-28,43,47,49,39,52,52,46.0
2018-01-29,50,40,52,39,52,52,46.6
2018-01-30,56,49,54,55,56,56,54.0
2018-01-31,58,53,55,58,57,58,56.2
2018-02-01,54,53,53,55,56,56,54.2
2018-02-02,41,44,40,34,53,53,42.4
2018-02-03,53,54,53,36,56,56,50.4
2018-02-04,54,58,55,47,59,59,54.6
2018-02-05,55,59,55,52,57,59,55.6
2018-02-06,55,58,55,52,59,59,55.8
2018-02-07,57,57,56,54,60,60,56.8
2018-02-08,57,60,58,57,63,63,59.0
2018-02-09,67,72,66,63,70,72,67.6
2018-02-10,66,71,66,63,69,71,67.0
2018-02-11,63,70,66,62,68,70,65.8
2018-02-12,68,73,69,63,71,73,68.8
2018-02-13,59,59,58,57,61,61,58.8
2018-02-14,53,56,53,52,57,57,54.2
2018-02-15,57,60,57,61,60,61,59.0
2018-02-16,64,68,58,64,68,68,64.4
2018-02-17,63,67,57,64,67,67,63.6
2018-02-18,64,69,65,63,69,69,66.0
2018-02-19,64,69,65,63,69,69,66.0
2018-02-20,52,59,52,53,59,59,55.0
2018-02-21,54,58,52,54,58,58,55.2
2018-02-22,53,57,51,53,56,57,54.0
2018-02-23,53,54,43,53,54,54,51.4
2018-02-24,56,59,46,45,55,59,52.2
2018-02-25,52,53,50,36,53,53,48.8
2018-02-26,53,57,53,43,56,57,52.4
2018-02-27,56,58,54,52,57,58,55.4
2018-02-28,54,57,54,54,53,57,54.4
2018-03-01,53,56,46,54,51,56,52.0
2018-03-02,44,53,36,52,44,53,45.8
2018-03-03,48,54,35,49,42,54,45.6
2018-03-04,55,55,43,57,45,57,51.0
2018-03-05,53,53,44,54,46,54,50.0
2018-03-06,55,55,56,56,54,56,55.2
2018-03-07,54,55,54,50,52,55,53.0
2018-03-08,48,47,42,44,42,48,44.6
2018-03-09,52,52,50,51,52,52,51.4
2018-03-10,47,53,49,51,52,53,50.4
2018-03-11,53,57,53,52,54,57,53.8
2018-03-12,57,57,55,53,58,58,56.0
2018-03-13,58,56,57,55,57,58,56.6
2018-03-14,55,58,54,56,54,58,55.4
2018-03-15,57,56,55,91,55,91,62.8
2018-03-16,57,57,55,57,54,57,56.0
2018-03-17,57,57,52,51,48,57,53.0
2018-03-18,53,54,43,50,48,54,49.6
2018-03-19,47,53,41,47,48,53,47.2
2018-03-20,54,54,51,52,47,54,51.6
2018-03-21,63,63,65,58,62,65,62.2
2018-03-22,62,63,64,58,62,64,61.8
2018-03-23,57,48,48,52,53,57,51.6
2018-03-24,57,57,53,48,52,57,53.4
2018-03-25,61,57,56,57,57,61,57.6
2018-03-26,58,55,53,54,55,58,55.0
2018-03-27,46,51,48,43,46,51,46.8
2018-03-28,51,62,53,40,52,62,51.6
2018-03-29,53,64,55,56,55,64,56.6
2018-03-30,54,61,56,56,60,61,57.4
2018-03-31,61,67,72,57,69,72,65.2
2018-04-01,65,76,71,63,65,76,68.0
2018-04-02,67,75,70,65,67,75,68.8
2018-04-03,65,68,66,60,66,68,65.0
2018-04-04,63,67,62,70,59,70,64.2
2018-04-05,63,66,61,57,59,66,61.2
2018-04-06,60,62,58,55,59,62,58.8
2018-04-07,57,61,58,54,58,61,57.6
2018-04-08,55,60,56,54,54,60,55.8
2018-04-09,55,59,53,52,54,59,54.6
2018-04-10,56,57,57,53,55,57,55.6
2018-04-11,59,56,57,53,53,59,55.6
2018-04-12,56,58,56,51,53,58,54.8
2018-04-13,51,55,47,51,48,55,50.4
2018-04-14,55,53,51,42,52,55,50.6
2018-04-15,61,61,59,53,64,64,59.6
2018-04-16,54,57,57,49,60,60,55.4
2018-04-17,54,54,53,40,56,56,51.4
2018-04-18,53,54,53,51,56,56,53.4
2018-04-19,51,54,52,49,54,54,52.0
2018-04-20,52,56,52,50,54,56,52.8
2018-04-21,53,55,48,45,53,55,50.8
2018-04-22,55,59,54,60,56,60,56.8
2018-04-23,56,56,53,60,55,60,56.0
2018-04-24,61,62,59,52,64,64,59.6
2018-04-25,62,63,60,53,65,65,60.6
2018-04-26,62,62,55,59,60,62,59.6
2018-04-27,60,66,57,59,58,66,60.0
2018-04-28,56,61,60,54,63,63,58.8
2018-04-29,63,56,60,60,63,63,60.4
2018-04-30,57,51,40,56,53,57,51.4
2018-05-01,57,57,51,54,55,57,54.8
2018-05-02,56,62,59,55,60,62,58.4
2018-05-03,69,67,64,66,63,69,65.8
2018-05-04,72,67,64,63,65,72,66.2
2018-05-05,71,66,62,59,64,71,64.4
2018-05-06,72,58,53,62,58,72,60.6
2018-05-07,68,61,59,58,61,68,61.4
2018-05-08,61,61,59,55,59,61,59.0
2018-05-09,54,55,51,53,53,55,53.2
2018-05-10,46,46,41,34,44,46,42.2
2018-05-11,54,49,37,37,50,54,45.4
2018-05-12,56,50,38,40,50,56,46.8
2018-05-13,53,46,38,42,45,53,44.8
2018-05-14,51,51,37,43,48,51,46.0
2018-05-15,45,51,37,43,49,51,45.0
2018-05-16,55,44,35,39,53,55,45.2
2018-05-17,69,62,58,58,69,69,63.2
2018-05-18,70,62,57,60,65,70,62.8
2018-05-19,61,66,61,55,63,66,61.2
2018-05-20,73,83,77,59,84,84,75.2
2018-05-21,73,79,74,59,84,84,73.8
2018-05-22,75,66,61,63,65,75,66.0
2018-05-23,63,68,62,59,65,68,63.4
2018-05-24,60,66,61,49,64,66,60.0
2018-05-25,54,54,52,43,53,54,51.2
2018-05-26,53,58,52,47,52,58,52.4
2018-05-27,53,59,52,47,55,59,53.2
2018-05-28,54,53,52,40,55,55,50.8
2018-05-29,54,53,43,50,54,54,50.8
2018-05-30,60,58,54,52,59,60,56.6
2018-05-31,61,57,56,55,59,61,57.6
2018-06-01,58,59,57,55,64,64,58.6
2018-06-02,58,60,60,58,63,63,59.8
2018-06-03,67,73,70,75,70,75,71.0
2018-06-04,66,67,64,74,63,74,66.8
2018-06-05,56,56,49,53,56,56,54.0
2018-06-06,60,60,55,56,61,61,58.4
2018-06-07,60,65,58,57,61,65,60.2
2018-06-08,63,69,62,57,64,69,63.0
2018-06-09,69,71,65,58,69,71,66.4
2018-06-10,69,73,66,62,71,73,68.2
2018-06-11,59,64,57,57,63,64,60.0
2018-06-12,56,61,57,61,58,61,58.6
2018-06-13,55,59,56,61,56,61,57.4
2018-06-14,56,52,40,53,55,56,51.2
2018-06-15,55,52,41,55,55,55,51.6
2018-06-16,52,54,43,56,54,56,51.8
2018-06-17,52,56,45,57,54,57,52.8
2018-06-18,50,56,45,56,54,56,52.2
2018-06-19,48,48,34,61,51,61,48.4
2018-06-20,52,53,42,62,54,62,52.6
2018-06-21,58,58,55,58,60,60,57.8
2018-06-22,61,62,63,57,67,67,62.0
2018-06-23,58,59,60,53,63,63,58.6
2018-06-24,52,52,53,36,55,55,49.6
2018-06-25,50,48,52,34,52,52,47.2
2018-06-26,55,52,49,54,52,55,52.4
2018-06-27,54,51,48,54,52,54,51.8
2018-06-28,50,41,38,39,45,50,42.6
2018-06-29,45,31,30,35,38,45,35.8
2018-06-30,35,31,30,51,40,51,37.4
2018-07-01,33,39,31,55,41,55,39.8
2018-07-02,51,38,31,49,45,51,42.8
2018-07-03,51,40,31,54,45,54,44.2
2018-07-04,47,53,39,54,52,54,49.0
2018-07-05,52,58,54,57,54,58,55.0
2018-07-06,59,66,61,60,63,66,61.8
2018-07-07,56,61,58,57,58,61,58.0
2018-07-08,55,57,58,55,57,58,56.4
2018-07-09,52,54,52,54,52,54,52.8
2018-07-10,47,53,50,52,45,53,49.4
2018-07-11,52,53,37,39,50,53,46.2
2018-07-12,54,57,55,53,53,57,54.4
2018-07-13,63,71,64,62,62,71,64.4
2018-07-14,65,74,68,63,65,74,67.0
2018-07-15,62,73,67,60,66,73,65.6
2018-07-16,64,70,65,61,63,70,64.6
2018-07-17,64,69,66,62,64,69,65.0
2018-07-18,61,69,64,61,61,69,63.2
2018-07-19,63,71,65,62,62,71,64.6
2018-07-20,61,67,61,62,62,67,62.6
2018-07-21,59,65,61,59,62,65,61.2
2018-07-22,55,58,55,51,56,58,55.0
2018-07-23,63,63,60,59,60,63,61.0
2018-07-24,62,66,61,60,62,66,62.2
2018-07-25,58,65,60,59,59,65,60.2
2018-07-26,54,57,51,52,54,57,53.6
2018-07-27,55,59,56,55,57,59,56.4
2018-07-28,62,73,63,64,64,73,65.2
2018-07-29,62,73,63,64,63,73,65.0
2018-07-30,63,67,63,59,61,67,62.6
2018-07-31,60,70,62,55,60,70,61.4
2018-08-01,59,68,60,54,59,68,60.0
2018-08-02,52,56,52,41,53,56,50.8
2018-08-03,56,58,56,53,55,58,55.6
2018-08-04,57,62,59,56,58,62,58.4
2018-08-05,57,60,58,55,57,60,57.4
2018-08-06,59,62,63,58,59,63,60.2
2018-08-07,67,70,67,65,67,70,67.2
2018-08-08,67,70,67,65,67,70,67.2
2018-08-09,59,63,60,56,58,63,59.2
2018-08-10,59,63,60,56,57,63,59.0
2018-08-11,64,66,63,61,65,66,63.8
2018-08-12,64,64,64,60,64,64,63.2
2018-08-13,63,67,63,60,64,67,63.4
2018-08-14,61,62,60,59,60,62,60.4
2018-08-15,60,63,62,58,62,63,61.0
2018-08-16,66,71,66,63,66,71,66.4
2018-08-17,66,70,65,62,65,70,65.6
2018-08-18,64,65,66,61,62,66,63.6
2018-08-19,66,72,69,64,68,72,67.8
2018-08-20,63,68,64,63,65,68,64.6
2018-08-21,58,60,59,56,59,60,58.4
2018-08-22,58,60,60,55,59,60,58.4
2018-08-23,61,63,60,55,60,63,59.8
2018-08-24,56,57,55,53,56,57,55.4
2018-08-25,54,56,53,53,57,57,54.6
2018-08-26,49,51,51,36,51,51,47.6
2018-08-27,59,61,58,57,60,61,59.0
2018-08-28,63,65,61,66,63,66,63.6
2018-08-29,64,64,62,65,64,65,63.8
2018-08-30,59,55,54,58,56,59,56.4
2018-08-31,54,54,49,42,53,54,50.4
2018-09-01,65,53,55,61,59,65,58.6
2018-09-02,70,54,56,68,64,70,62.4
2018-09-03,62,57,55,64,59,64,59.4
2018-09-04,57,55,52,54,56,57,54.8
2018-09-05,65,57,55,64,65,65,61.2
2018-09-06,63,63,61,65,62,65,62.8
2018-09-07,70,67,64,71,69,71,68.2
2018-09-08,71,66,60,69,69,71,67.0
2018-09-09,61,57,53,56,58,61,57.0
2018-09-10,57,58,56,54,59,59,56.8
2018-09-11,64,65,63,60,67,67,63.8
2018-09-12,59,60,58,56,61,61,58.8
2018-09-13,56,56,57,59,55,59,56.6
2018-09-14,64,65,62,64,61,65,63.2
2018-09-15,64,65,62,65,62,65,63.6
2018-09-16,61,66,64,64,63,66,63.6
2018-09-17,59,64,61,62,61,64,61.4
2018-09-18,59,59,60,59,62,62,59.8
2018-09-19,62,61,61,64,63,64,62.2
2018-09-20,65,69,66,62,65,69,65.4
2018-09-21,63,64,63,59,61,64,62.0
2018-09-22,56,52,44,52,53,56,51.4
2018-09-23,64,52,54,58,58,64,57.2
2018-09-24,60,62,64,61,60,64,61.4
2018-09-25,60,61,64,62,61,64,61.6
2018-09-26,59,61,59,60,60,61,59.8
2018-09-27,62,62,60,62,61,62,61.4
2018-09-28,60,61,59,62,60,62,60.4
2018-09-29,60,66,60,65,61,66,62.4
2018-09-30,57,64,59,63,60,64,60.6
2018-10-01,58,61,59,59,60,61,59.4
2018-10-02,60,62,59,59,59,62,59.8
2018-10-03,66,66,63,66,71,71,66.4
2018-10-04,66,66,63,64,69,69,65.6
2018-10-05,63,66,60,64,61,66,62.8
2018-10-06,64,68,63,64,64,68,64.6
2018-10-07,63,62,61,60,61,63,61.4
2018-10-08,60,56,56,54,56,60,56.4
2018-10-09,62,64,59,54,59,64,59.6
2018-10-10,62,65,62,53,60,65,60.4
2018-10-11,57,57,59,52,55,59,56.0
2018-10-12,53,53,55,45,52,55,51.6
2018-10-13,45,53,48,27,41,53,42.8
2018-10-14,55,60,57,43,54,60,53.8
2018-10-15,56,56,55,52,57,57,55.2
2018-10-16,64,66,60,63,66,66,63.8
2018-10-17,63,65,67,62,64,67,64.2
2018-10-18,61,62,67,52,62,67,60.8
2018-10-19,46,55,55,43,46,55,49.0
2018-10-20,54,56,53,44,55,56,52.4
2018-10-21,63,65,60,58,64,65,62.0
2018-10-22,66,66,65,61,67,67,65.0
2018-10-23,59,58,59,58,56,59,58.0
2018-10-24,57,56,57,55,57,57,56.4
2018-10-25,65,69,70,63,65,70,66.4
2018-10-26,75,80,75,68,75,80,74.6
2018-10-27,74,76,74,69,73,76,73.2
2018-10-28,60,62,60,59,60,62,60.2
2018-10-29,54,58,57,45,56,58,54.0
2018-10-30,54,55,55,51,54,55,53.8
2018-10-31,52,54,55,45,53,55,51.8
2018-11-01,53,54,53,47,53,54,52.0
2018-11-02,54,54,53,55,55,55,54.2
2018-11-03,58,58,54,55,57,58,56.4
2018-11-04,59,61,60,54,59,61,58.6
2018-11-05,52,53,54,41,55,55,51.0
2018-11-06,48,56,54,45,54,56,51.4
2018-11-07,44,53,52,33,44,53,45.2
2018-11-08,40,48,43,28,39,48,39.6
2018-11-09,53,62,56,59,63,63,58.6
2018-11-10,60,69,66,63,64,69,64.4
2018-11-11,55,63,62,55,58,63,58.6
2018-11-12,52,53,56,31,52,56,48.8
2018-11-13,45,53,54,28,52,54,46.4
2018-11-14,55,53,55,49,54,55,53.2
2018-11-15,57,55,55,53,61,61,56.2
2018-11-16,60,59,62,57,61,62,59.8
2018-11-17,60,59,60,60,59,60,59.6
2018-11-18,55,54,54,53,55,55,54.2
2018-11-19,54,53,53,53,55,55,53.6
2018-11-20,60,56,63,53,54,63,57.2
2018-11-21,58,55,63,52,54,63,56.4
2018-11-22,49,48,51,33,41,51,44.4
2018-11-23,51,53,53,39,48,53,48.8
2018-11-24,51,53,53,43,52,53,50.4
2018-11-25,51,57,56,43,53,57,52.0
2018-11-26,53,56,58,44,54,58,53.0
2018-11-27,52,56,56,47,55,56,53.2
2018-11-28,46,55,56,52,52,56,52.2
2018-11-29,48,54,54,51,53,54,52.0
2018-11-30,44,53,53,36,50,53,47.2
2018-12-01,36,45,47,32,42,47,40.4
2018-12-02,38,34,39,29,37,39,35.4
2018-12-03,39,43,47,20,35,47,36.8
2018-12-04,45,52,53,46,50,53,49.2
2018-12-05,41,48,46,47,46,48,45.6
2018-12-06,45,54,53,34,54,54,48.0
2018-12-07,44,57,52,51,56,57,52.0
2018-12-08,45,57,52,48,55,57,51.4
2018-12-09,49,54,54,38,53,54,49.6
2018-12-10,45,52,53,29,52,53,46.2
2018-12-11,37,50,51,31,48,51,43.4
2018-12-12,51,49,51,28,52,52,46.2
2018-12-13,51,48,52,29,52,52,46.4
2018-12-14,37,48,44,28,49,49,41.2
2018-12-15,49,52,52,30,53,53,47.2
2018-12-16,49,51,52,29,51,52,46.4
2018-12-17,52,52,38,42,48,52,46.4
2018-12-18,52,52,48,51,50,52,50.6
2018-12-19,52,58,53,53,56,58,54.4
2018-12-20,52,58,56,53,56,58,55.0
2018-12-21,54,46,52,31,41,54,44.8
2018-12-22,59,56,57,52,54,59,55.6
2018-12-23,69,69,65,60,63,69,65.2
2018-12-24,68,69,66,60,63,69,65.2
2018-12-25,62,68,65,58,61,68,62.8
2018-12-26,57,58,58,52,55,58,56.0
2018-12-27,52,52,53,33,49,53,47.8
2018-12-28,56,56,58,49,56,58,55.0
2018-12-29,56,57,57,48,56,57,54.8
2018-12-30,56,59,59,51,54,59,55.8
2018-12-31,48,55,54,43,44,55,48.8
2019-01-01,45,40,38,26,39,45,37.6
2019-01-02,54,55,55,46,53,55,52.6
2019-01-03,57,61,59,54,59,61,58.0
2019-01-04,55,60,58,53,58,60,56.8
2019-01-05,64,70,67,65,63,70,65.8
2019-01-06,63,69,65,62,62,69,64.2
2019-01-07,43,53,49,40,52,53,47.4
2019-01-08,36,52,46,30,50,52,42.8
2019-01-09,39,53,50,36,50,53,45.6
2019-01-10,42,52,50,37,49,52,46.0
2019-01-11,40,46,45,31,45,46,41.4
2019-01-12,37,49,50,39,43,50,43.6
2019-01-13,41,52,48,37,43,52,44.2
2019-01-14,41,55,53,44,52,55,49.0
2019-01-15,51,55,53,44,52,55,51.0
2019-01-16,50,53,53,46,51,53,50.6
2019-01-17,38,49,50,43,39,50,43.8
2019-01-18,37,37,38,17,31,38,32.0
2019-01-19,54,52,54,40,53,54,50.6
2019-01-20,53,52,54,53,52,54,52.8
2019-01-21,49,52,53,52,45,53,50.2
2019-01-22,45,47,51,52,44,52,47.8
2019-01-23,54,52,52,35,49,54,48.4
2019-01-24,55,60,56,53,57,60,56.2
2019-01-25,53,61,55,54,59,61,56.4
2019-01-26,54,59,55,54,57,59,55.8
2019-01-27,52,56,54,51,56,56,53.8
2019-01-28,44,52,46,39,51,52,46.4
2019-01-29,49,54,53,41,42,54,47.8
2019-01-30,45,52,54,35,47,54,46.6
2019-01-31,42,52,57,35,47,57,46.6
2019-02-01,46,52,58,45,48,58,49.8
2019-02-02,42,52,47,51,41,52,46.6
2019-02-03,35,51,42,51,45,51,44.8
2019-02-04,39,54,52,56,47,56,49.6
2019-02-05,46,54,48,58,51,58,51.4
2019-02-06,43,51,44,54,43,54,47.0
2019-02-07,49,53,49,55,49,55,51.0
2019-02-08,38,54,67,57,49,67,53.0
2019-02-09,41,54,68,55,45,68,52.6
2019-02-10,39,54,58,53,45,58,49.8
2019-02-11,40,50,56,30,47,56,44.6
2019-02-12,53,51,54,44,49,54,50.2
2019-02-13,52,53,49,47,49,53,50.0
2019-02-14,44,53,42,36,52,53,45.4
2019-02-15,45,56,45,40,52,56,47.6
2019-02-16,50,55,46,39,49,55,47.8
2019-02-17,54,54,52,51,52,54,52.6
2019-02-18,55,55,54,52,55,55,54.2
2019-02-19,54,55,53,53,54,55,53.8
2019-02-20,53,53,49,53,54,54,52.4
2019-02-21,47,55,51,53,56,56,52.4
2019-02-22,50,54,54,47,54,54,51.8
2019-02-23,52,54,53,52,57,57,53.6
2019-02-24,46,56,54,52,55,56,52.6
2019-02-25,53,56,55,52,55,56,54.2
2019-02-26,52,56,52,51,57,57,53.6
2019-02-27,40,53,51,33,54,54,46.2
2019-02-28,53,56,55,52,58,58,54.8
2019-03-01,54,58,56,53,58,58,55.8
2019-03-02,53,57,54,51,56,57,54.2
2019-03-03,50,57,53,52,56,57,53.6
2019-03-04,54,60,57,55,59,60,57.0
2019-03-05,54,63,59,56,59,63,58.2
2019-03-06,54,67,61,57,61,67,60.0
2019-03-07,52,57,55,54,55,57,54.6
2019-03-08,56,64,64,55,70,70,61.8
2019-03-09,58,66,64,58,69,69,63.0
2019-03-10,56,56,51,55,57,57,55.0
2019-03-11,54,55,55,52,57,57,54.6
2019-03-12,55,61,63,48,58,63,57.0
2019-03-13,53,59,60,55,54,60,56.2
2019-03-14,51,58,55,54,56,58,54.8
2019-03-15,53,57,57,53,57,57,55.4
2019-03-16,53,58,56,53,57,58,55.4
2019-03-17,55,57,57,59,56,59,56.8
2019-03-18,56,63,63,60,60,63,60.4
2019-03-19,56,62,61,54,59,62,58.4
2019-03-20,54,61,60,54,60,61,57.8
2019-03-21,57,59,57,54,59,59,57.2
2019-03-22,60,65,63,53,59,65,60.0
2019-03-23,61,74,69,65,64,74,66.6
2019-03-24,57,69,64,62,62,69,62.8
2019-03-25,56,71,65,61,63,71,63.2
2019-03-26,54,64,63,57,60,64,59.6
2019-03-27,56,55,54,52,60,60,55.4
2019-03-28,57,69,61,56,63,69,61.2
2019-03-29,56,66,61,56,58,66,59.4
2019-03-30,60,63,60,58,62,63,60.6
2019-03-31,72,77,74,58,67,77,69.6
2019-04-01,68,71,70,58,66,71,66.6
2019-04-02,54,56,61,52,58,61,56.2
2019-04-03,56,59,62,54,62,62,58.6
2019-04-04,51,54,53,38,53,54,49.8
2019-04-05,48,52,52,52,51,52,51.0
2019-04-06,51,53,52,54,52,54,52.4
2019-04-07,51,54,52,57,57,57,54.2
2019-04-08,51,54,52,57,57,57,54.2
2019-04-09,47,58,53,48,55,58,52.2
2019-04-10,55,61,60,53,57,61,57.2
2019-04-11,62,68,66,64,64,68,64.8
2019-04-12,62,68,65,64,64,68,64.6
2019-04-13,59,61,61,57,59,61,59.4
2019-04-14,53,52,47,53,51,53,51.2
2019-04-15,52,45,43,45,44,52,45.8
2019-04-16,52,46,44,51,44,52,47.4
2019-04-17,56,57,56,54,56,57,55.8
2019-04-18,61,63,58,59,60,63,60.2
2019-04-19,60,60,56,58,57,60,58.2
2019-04-20,63,66,63,59,58,66,61.8
2019-04-21,64,66,63,64,61,66,63.6
2019-04-22,59,58,54,61,57,61,57.8
2019-04-23,56,65,59,57,61,65,59.6
2019-04-24,57,64,59,53,58,64,58.2
2019-04-25,58,64,59,61,61,64,60.6
2019-04-26,58,69,60,60,62,69,61.8
2019-04-27,53,56,54,43,53,56,51.8
2019-04-28,51,60,56,53,52,60,54.4
2019-04-29,53,60,57,55,54,60,55.8
2019-04-30,54,59,48,52,58,59,54.2
2019-05-01,63,69,57,60,66,69,63.0
2019-05-02,67,73,69,67,72,73,69.6
2019-05-03,74,76,70,78,81,81,75.8
2019-05-04,70,64,67,74,72,74,69.4
2019-05-05,63,58,60,61,61,63,60.6
2019-05-06,57,56,56,52,54,57,55.0
2019-05-07,53,55,55,44,55,55,52.4
2019-05-08,53,55,55,48,56,56,53.4
2019-05-09,54,56,57,41,56,57,52.8
2019-05-10,53,55,57,42,54,57,52.2
2019-05-11,61,64,64,60,63,64,62.4
2019-05-12,63,63,64,62,63,64,63.0
2019-05-13,66,56,61,61,66,66,62.0
2019-05-14,64,55,60,63,61,64,60.6
2019-05-15,60,54,58,59,58,60,57.8
2019-05-16,55,55,56,53,53,56,54.4
2019-05-17,56,58,56,45,52,58,53.4
2019-05-18,55,54,52,45,54,55,52.0
2019-05-19,54,53,51,46,53,54,51.4
2019-05-20,52,54,53,53,51,54,52.6
2019-05-21,52,53,53,52,49,53,51.8
2019-05-22,56,51,53,55,57,57,54.4
2019-05-23,54,40,46,55,53,55,49.6
2019-05-24,52,43,45,51,34,52,45.0
2019-05-25,52,44,36,50,36,52,43.6
2019-05-26,36,36,30,37,31,37,34.0
2019-05-27,30,38,32,38,29,38,33.4
2019-05-28,29,33,35,28,30,35,31.0
2019-05-29,35,35,40,40,36,40,37.2
2019-05-30,52,41,51,39,51,52,46.8
2019-05-31,54,42,42,52,51,54,48.2
2019-06-01,53,36,35,47,48,53,43.8
2019-06-02,52,39,37,37,46,52,42.2
2019-06-03,53,44,39,45,52,53,46.6
2019-06-04,53,55,48,48,54,55,51.6
2019-06-05,54,54,43,51,54,54,51.2
2019-06-06,52,40,35,53,41,53,44.2
2019-06-07,46,40,37,52,41,52,43.2
2019-06-08,56,56,55,52,55,56,54.8
2019-06-09,55,53,54,51,54,55,53.4
2019-06-10,48,52,44,52,52,52,49.6
2019-06-11,48,51,44,52,52,52,49.4
2019-06-12,36,39,32,34,40,40,36.2
2019-06-13,33,38,31,36,38,38,35.2
2019-06-14,32,36,33,33,39,39,34.6
2019-06-15,46,42,35,28,41,46,38.4
2019-06-16,49,50,47,34,49,50,45.8
2019-06-17,39,38,42,32,34,42,37.0
2019-06-18,42,35,36,39,42,42,38.8
2019-06-19,48,51,42,51,51,51,48.6
2019-06-20,49,50,42,52,52,52,49.0
2019-06-21,48,42,39,40,46,48,43.0
2019-06-22,47,46,39,37,43,47,42.4
2019-06-23,43,47,40,43,44,47,43.4
2019-06-24,42,46,48,40,49,49,45.0
2019-06-25,56,60,57,60,57,60,58.0
2019-06-26,56,59,57,59,56,59,57.4
2019-06-27,58,59,56,62,57,62,58.4
2019-06-28,57,57,55,57,54,57,56.0
2019-06-29,55,61,57,56,56,61,57.0
2019-06-30,55,61,55,56,56,61,56.6
2019-07-01,52,55,54,53,53,55,53.4
2019-07-02,55,59,57,56,56,59,56.6
2019-07-03,60,64,61,61,60,64,61.2
2019-07-04,60,64,61,62,63,64,62.0
2019-07-05,60,61,58,58,59,61,59.2
2019-07-06,49,51,52,45,43,52,48.0
2019-07-07,54,46,52,48,47,54,49.4
2019-07-08,56,47,46,45,49,56,48.6
2019-07-09,57,52,55,54,50,57,53.6
2019-07-10,55,52,55,53,52,55,53.4
2019-07-11,50,52,52,52,52,52,51.6
2019-07-12,45,51,49,50,50,51,49.0
2019-07-13,45,52,48,45,45,52,47.0
2019-07-14,49,52,52,48,50,52,50.2
2019-07-15,55,59,57,55,55,59,56.2
2019-07-16,55,57,57,56,56,57,56.2
2019-07-17,57,59,58,59,57,59,58.0
2019-07-18,57,59,58,59,57,59,58.0
2019-07-19,54,56,57,57,55,57,55.8
2019-07-20,52,54,53,54,53,54,53.2
2019-07-21,57,56,56,56,55,57,56.0
2019-07-22,57,53,56,56,54,57,55.2
2019-07-23,51,40,52,54,50,54,49.4
2019-07-24,57,45,53,57,55,57,53.4
2019-07-25,56,52,56,54,53,56,54.2
2019-07-26,52,52,55,54,53,55,53.2
2019-07-27,52,52,55,55,52,55,53.2
2019-07-28,53,52,52,56,54,56,53.4
2019-07-29,52,57,55,55,55,57,54.8
2019-07-30,58,60,60,60,60,60,59.6
2019-07-31,60,62,62,62,64,64,62.0
2019-08-01,58,58,59,57,59,59,58.2
2019-08-02,58,59,58,59,59,59,58.6
2019-08-03,57,57,58,58,57,58,57.4
2019-08-04,54,54,55,55,56,56,54.8
2019-08-05,59,61,61,61,60,61,60.4
2019-08-06,65,70,66,66,65,70,66.4
2019-08-07,64,69,66,64,63,69,65.2
2019-08-08,64,69,67,67,65,69,66.4
2019-08-09,64,68,67,66,65,68,66.0
2019-08-10,64,68,67,65,64,68,65.6
2019-08-11,61,64,63,63,60,64,62.2
2019-08-12,59,62,62,63,59,63,61.0
2019-08-13,59,61,60,61,59,61,60.0
2019-08-14,59,59,59,58,59,59,58.8
2019-08-15,60,59,58,61,60,61,59.6
2019-08-16,61,59,61,59,59,61,59.8
2019-08-17,60,66,63,63,64,66,63.2
2019-08-18,59,66,62,62,63,66,62.4
2019-08-19,57,60,58,57,59,60,58.2
2019-08-20,59,62,61,61,59,62,60.4
2019-08-21,58,62,60,59,59,62,59.6
2019-08-22,56,62,58,56,58,62,58.0
2019-08-23,54,56,56,54,56,56,55.2
2019-08-24,56,61,60,59,59,61,59.0
2019-08-25,61,64,60,62,62,64,61.8
2019-08-26,76,75,68,81,73,81,74.6
2019-08-27,68,71,64,76,68,76,69.4
2019-08-28,64,62,60,60,63,64,61.8
2019-08-29,56,61,58,59,60,61,58.8
2019-08-30,56,60,60,60,58,60,58.8
2019-08-31,58,59,61,58,57,61,58.6
2019-09-01,63,67,66,66,62,67,64.8
2019-09-02,62,67,65,67,63,67,64.8
2019-09-03,63,67,63,65,63,67,64.2
2019-09-04,62,65,61,64,62,65,62.8
2019-09-05,64,69,66,67,65,69,66.2
2019-09-06,64,70,67,69,66,70,67.2
2019-09-07,67,73,68,71,68,73,69.4
2019-09-08,66,72,68,70,69,72,69.0
2019-09-09,79,88,86,83,81,88,83.4
2019-09-10,87,99,95,90,87,99,91.6
2019-09-11,83,93,88,85,83,93,86.4
2019-09-12,78,93,88,83,82,93,84.8
2019-09-13,89,99,94,94,92,99,93.6
2019-09-14,99,110,102,114,96,114,104.2
2019-09-15,111,122,108,124,109,124,114.8
2019-09-16,88,93,82,96,88,96,89.4
2019-09-17,92,102,93,104,91,104,96.4
2019-09-18,122,145,137,127,124,145,131.0
2019-09-19,131,154,145,135,131,154,139.2
2019-09-20,76,81,76,81,74,81,77.6
2019-09-21,96,109,103,102,100,109,102.0
2019-09-22,115,126,121,113,114,126,117.8
2019-09-23,118,129,123,118,119,129,121.4
2019-09-24,88,105,95,96,91,105,95.0
2019-09-25,76,89,82,79,79,89,81.0
2019-09-26,65,74,72,69,70,74,70.0
2019-09-27,69,75,76,76,75,76,74.2
2019-09-28,73,75,73,74,73,75,73.6
2019-09-29,75,75,73,78,74,78,75.0
2019-09-30,65,62,62,64,62,65,63.0
2019-10-01,62,62,67,58,63,67,62.4
2019-10-02,62,61,62,64,61,64,62.0
2019-10-03,60,58,65,62,61,65,61.2
2019-10-04,58,53,62,61,58,62,58.4
2019-10-05,52,51,51,55,43,55,50.4
2019-10-06,53,53,53,55,53,55,53.4
2019-10-07,57,56,54,58,58,58,56.6
2019-10-08,56,55,53,58,56,58,55.6
2019-10-09,59,58,55,57,60,60,57.8
2019-10-10,62,66,64,60,67,67,63.8
2019-10-11,64,68,64,63,69,69,65.6
2019-10-12,59,58,57,61,58,61,58.6
2019-10-13,62,56,57,67,61,67,60.6
2019-10-14,59,54,55,62,58,62,57.6
2019-10-15,60,57,62,58,59,62,59.2
2019-10-16,60,57,61,59,59,61,59.2
2019-10-17,52,49,52,55,55,55,52.6
2019-10-18,58,60,59,55,60,60,58.4
2019-10-19,64,62,63,64,63,64,63.2
2019-10-20,65,65,67,65,66,67,65.6
2019-10-21,57,58,57,56,58,58,57.2
2019-10-22,57,53,51,52,57,57,54.0
2019-10-23,57,57,61,55,55,61,57.0
2019-10-24,65,67,68,69,65,69,66.8
2019-10-25,65,66,67,66,64,67,65.6
2019-10-26,54,58,56,57,56,58,56.2
2019-10-27,55,55,56,40,55,56,52.2
2019-10-28,54,53,56,35,55,56,50.6
2019-10-29,62,64,71,61,62,71,64.0
2019-10-30,67,66,71,67,66,71,67.4
2019-10-31,72,73,71,69,71,73,71.2
2019-11-01,73,73,73,69,72,73,72.0
2019-11-02,74,75,71,73,73,75,73.2
2019-11-03,73,72,67,71,71,73,70.8
2019-11-04,73,76,76,60,72,76,71.4
2019-11-05,80,85,88,80,76,88,81.8
2019-11-06,79,86,85,81,78,86,81.8
2019-11-07,77,81,80,76,78,81,78.4
2019-11-08,77,80,79,76,76,80,77.6
2019-11-09,63,64,64,57,66,66,62.8
2019-11-10,66,70,69,64,73,73,68.4
2019-11-11,71,70,76,62,67,76,69.2
2019-11-12,74,79,81,69,74,81,75.4
2019-11-13,92,105,102,91,88,105,95.6
2019-11-14,88,103,91,89,88,103,91.8
2019-11-15,56,61,57,59,59,61,58.4
2019-11-16,49,54,54,42,52,54,50.2
2019-11-17,55,57,56,56,57,57,56.2
2019-11-18,53,56,57,56,56,57,55.6
2019-11-19,54,55,57,55,54,57,55.0
2019-11-20,52,53,53,49,52,53,51.8
2019-11-21,45,52,53,36,51,53,47.4
2019-11-22,36,38,52,33,38,52,39.4
2019-11-23,30,36,41,33,36,41,35.2
2019-11-24,35,41,42,32,33,42,36.6
2019-11-25,51,53,58,34,48,58,48.8
2019-11-26,51,53,56,30,47,56,47.4
2019-11-27,38,38,44,26,44,44,38.0
2019-11-28,41,47,44,32,46,47,42.0
2019-11-29,40,44,46,30,37,46,39.4
2019-11-30,47,37,44,30,33,47,38.2
2019-12-01,50,41,46,28,37,50,40.4
2019-12-02,36,34,43,26,33,43,34.4
2019-12-03,38,45,45,34,43,45,41.0
2019-12-04,53,56,55,51,54,56,53.8
2019-12-05,53,55,55,53,54,55,54.0
2019-12-06,52,55,55,53,56,56,54.2
2019-12-07,51,54,55,50,55,55,53.0
2019-12-08,49,54,52,51,54,54,52.0
2019-12-09,36,40,33,36,43,43,37.6
2019-12-10,51,52,53,37,53,53,49.2
2019-12-11,51,52,53,38,53,53,49.4
2019-12-12,51,46,43,47,46,51,46.6
2019-12-13,55,55,53,52,57,57,54.4
2019-12-14,47,51,49,42,53,53,48.4
2019-12-15,28,31,31,24,29,31,28.6
2019-12-16,26,30,28,27,25,30,27.2
2019-12-17,34,42,40,31,42,42,37.8
2019-12-18,35,42,41,32,45,45,39.0
2019-12-19,37,45,50,32,45,50,41.8
2019-12-20,37,42,41,38,49,49,41.4
2019-12-21,36,44,42,40,49,49,42.2
2019-12-22,35,40,38,27,40,40,36.0
2019-12-23,36,48,46,52,48,52,46.0
2019-12-24,35,51,46,51,47,51,46.0
2019-12-25,41,46,43,41,49,49,44.0
2019-12-26,45,49,43,46,51,51,46.8
2019-12-27,39,47,42,45,46,47,43.8
2019-12-28,40,54,52,34,52,54,46.4
2019-12-29,40,54,52,47,52,54,49.0
2019-12-30,41,53,50,46,52,53,48.4
2019-12-31,37,43,40,39,42,43,40.2
2020-01-01,38,36,40,38,39,40,38.2
2020-01-02,37,42,45,32,43,45,39.8
2020-01-03,43,47,47,44,46,47,45.4
2020-01-04,42,47,46,42,46,47,44.6
2020-01-05,44,47,45,42,48,48,45.2
2020-01-06,42,44,49,40,43,49,43.6
2020-01-07,30,37,40,31,35,40,34.6
2020-01-08,32,31,34,34,38,38,33.8
2020-01-09,38,45,43,34,48,48,41.6
2020-01-10,44,46,46,39,52,52,45.4
2020-01-11,49,51,51,43,53,53,49.4
2020-01-12,52,54,53,52,56,56,53.4
2020-01-13,52,55,55,55,57,57,54.8
2020-01-14,47,51,52,51,53,53,50.8
2020-01-15,42,50,48,50,49,50,47.8
2020-01-16,57,62,62,56,64,64,60.2
2020-01-17,65,69,71,66,76,76,69.4
2020-01-18,61,64,65,64,70,70,64.8
2020-01-19,52,53,50,48,53,53,51.2
2020-01-20,51,55,53,52,55,55,53.2
2020-01-21,44,53,47,50,53,53,49.4
2020-01-22,38,57,49,45,52,57,48.2
2020-01-23,38,52,46,39,50,52,45.0
2020-01-24,34,51,40,41,46,51,42.4
2020-01-25,37,54,38,41,45,54,43.0
2020-01-26,34,55,51,44,45,55,45.8
2020-01-27,33,55,49,42,45,55,44.8
2020-01-28,37,44,41,36,51,51,41.8
2020-01-29,39,41,38,40,52,52,42.0
2020-01-30,28,34,31,30,37,37,32.0
2020-01-31,33,39,36,36,52,52,39.2
2020-02-01,36,42,40,39,52,52,41.8
2020-02-02,52,54,59,51,57,59,54.6
2020-02-03,52,54,61,52,56,61,55.0
2020-02-04,51,53,57,56,57,57,54.8
2020-02-05,52,54,56,56,57,57,55.0
2020-02-06,43,53,51,52,52,53,50.2
2020-02-07,46,47,51,46,53,53,48.6
2020-02-08,53,52,53,53,56,56,53.4
2020-02-09,52,49,52,52,55,55,52.0
2020-02-10,36,34,38,33,44,44,37.0
2020-02-11,33,34,37,29,42,42,35.0
2020-02-12,34,36,39,36,41,41,37.2
2020-02-13,40,45,40,43,53,53,44.2
2020-02-14,41,46,43,48,58,58,47.2
2020-02-15,34,52,39,51,55,55,46.2
2020-02-16,37,53,51,56,56,56,50.6
2020-02-17,39,53,52,57,57,57,51.6
2020-02-18,26,28,37,38,42,42,34.2
2020-02-19,42,49,54,41,51,54,47.4
2020-02-20,41,45,53,39,49,53,45.4
2020-02-21,40,42,52,41,49,52,44.8
2020-02-22,45,41,52,42,46,52,45.2
2020-02-23,41,47,56,45,48,56,47.4
2020-02-24,43,46,56,43,47,56,47.0
2020-02-25,44,52,53,51,53,53,50.6
2020-02-26,42,49,53,48,53,53,49.0
2020-02-27,48,40,52,43,46,52,45.8
2020-02-28,47,45,48,39,54,54,46.6
2020-02-29,39,53,51,44,54,54,48.2
2020-03-01,44,52,53,51,53,53,50.6
2020-03-02,34,42,51,42,45,51,42.8
2020-03-03,32,39,45,37,41,45,38.8
2020-03-04,32,42,46,40,52,52,42.4
2020-03-05,47,52,52,48,54,54,50.6
2020-03-06,49,53,53,52,57,57,52.8
2020-03-07,41,52,52,51,54,54,50.0
2020-03-08,47,52,51,46,52,52,49.6
2020-03-09,57,58,60,61,61,61,59.4
2020-03-10,60,58,60,63,62,63,60.6
2020-03-11,56,57,57,62,64,64,59.2
2020-03-12,56,59,61,58,64,64,59.6
2020-03-13,54,55,59,57,58,59,56.6
2020-03-14,32,42,43,41,52,52,42.0
2020-03-15,34,39,39,49,55,55,43.2
2020-03-16,31,38,39,37,53,53,39.6
2020-03-17,35,51,48,50,53,53,47.4
2020-03-18,47,54,52,53,54,54,52.0
2020-03-19,45,53,51,55,54,55,51.6
2020-03-20,38,51,41,54,56,56,48.0
2020-03-21,38,46,44,53,54,54,47.0
2020-03-22,39,51,50,49,54,54,48.6
2020-03-23,42,55,51,40,53,55,48.2
2020-03-24,44,52,46,53,52,53,49.4
2020-03-25,43,46,48,52,54,54,48.6
2020-03-26,49,47,49,52,56,56,50.6
2020-03-27,48,40,51,38,53,53,46.0
2020-03-28,49,40,51,52,54,54,49.2
2020-03-29,50,39,52,51,55,55,49.4
2020-03-30,52,39,52,49,56,56,49.6
2020-03-31,53,42,52,51,57,57,51.0
2020-04-01,54,48,53,53,57,57,53.0
2020-04-02,52,50,52,52,55,55,52.2
2020-04-03,52,52,52,49,53,53,51.6
2020-04-04,47,45,49,54,53,54,49.6
2020-04-05,45,49,49,53,53,53,49.8
2020-04-06,53,54,52,52,56,56,53.4
2020-04-07,53,53,49,47,54,54,51.2
2020-04-08,44,39,41,54,52,54,46.0
2020-04-09,48,52,53,52,52,53,51.4
2020-04-10,51,49,52,51,52,52,51.0
2020-04-11,52,47,52,52,57,57,52.0
2020-04-12,51,43,44,44,55,55,47.4
2020-04-13,48,45,50,44,53,53,48.0
2020-04-14,51,45,51,49,56,56,50.4
2020-04-15,53,51,53,53,57,57,53.4
2020-04-16,52,47,51,51,57,57,51.6
2020-04-17,52,47,52,51,55,55,51.4
2020-04-18,53,47,51,50,53,53,50.8
2020-04-19,52,47,51,51,52,52,50.6
2020-04-20,51,46,45,37,47,51,45.2
2020-04-21,53,43,49,40,45,53,46.0
2020-04-22,52,45,51,42,46,52,47.2
2020-04-23,50,39,49,47,42,50,45.4
2020-04-24,51,48,49,45,53,53,49.2
2020-04-25,47,43,50,35,51,51,45.2
2020-04-26,44,52,53,39,51,53,47.8
2020-04-27,40,51,53,35,47,53,45.2
2020-04-28,37,44,50,29,35,50,39.0
2020-04-29,39,38,47,33,36,47,38.6
2020-04-30,47,46,43,42,47,47,45.0
2020-05-01,40,45,35,35,44,45,39.8
2020-05-02,37,43,51,33,42,51,41.2
2020-05-03,35,42,44,34,41,44,39.2
2020-05-04,35,52,49,35,39,52,42.0
2020-05-05,44,52,51,54,53,54,50.8
2020-05-06,46,53,53,54,53,54,51.8
2020-05-07,53,53,53,52,51,53,52.4
2020-05-08,56,54,54,54,57,57,55.0
2020-05-09,39,34,36,35,49,49,38.6
2020-05-10,32,29,29,28,26,32,28.8
2020-05-11,28,27,27,28,24,28,26.8
2020-05-12,31,25,29,27,25,31,27.4
2020-05-13,46,33,36,35,33,46,36.6
2020-05-14,52,42,55,39,52,55,48.0
2020-05-15,53,50,56,52,58,58,53.8
2020-05-16,48,43,53,47,53,53,48.8
2020-05-17,48,37,33,36,34,48,37.6
2020-05-18,47,35,38,32,36,47,37.6
2020-05-19,54,51,47,43,54,54,49.8
2020-05-20,55,48,46,47,53,55,49.8
2020-05-21,53,52,54,42,55,55,51.2
2020-05-22,57,57,65,56,59,65,58.8
2020-05-23,53,51,59,54,54,59,54.2
2020-05-24,61,49,56,52,57,61,55.0
2020-05-25,60,47,50,56,55,60,53.6
2020-05-26,54,55,57,54,58,58,55.6
2020-05-27,55,55,58,52,58,58,55.6
2020-05-28,53,43,51,41,53,53,48.2
2020-05-29,53,40,47,41,47,53,45.6
2020-05-30,56,51,55,46,52,56,52.0
2020-05-31,55,51,58,51,56,58,54.2
2020-06-01,50,51,59,45,56,59,52.2
2020-06-02,48,43,56,42,47,56,47.2
2020-06-03,52,31,37,51,43,52,42.8
2020-06-04,48,30,28,41,38,48,37.0
2020-06-05,28,30,25,24,25,30,26.4
2020-06-06,41,44,31,34,44,44,38.8
2020-06-07,58,52,43,54,55,58,52.4
2020-06-08,57,47,36,47,54,57,48.2
2020-06-09,53,46,31,48,52,53,46.0
2020-06-10,51,42,35,36,40,51,40.8
2020-06-11,54,33,35,48,35,54,41.0
2020-06-12,54,42,34,48,42,54,44.0
2020-06-13,52,44,37,37,44,52,42.8
2020-06-14,53,52,40,40,52,53,47.4
2020-06-15,53,52,42,43,52,53,48.4
2020-06-16,52,49,36,43,53,53,46.6
2020-06-17,48,45,37,38,51,51,43.8
2020-06-18,53,45,40,40,50,53,45.6
2020-06-19,51,43,40,30,46,51,42.0
2020-06-20,38,35,33,26,31,38,32.6
2020-06-21,42,38,39,28,27,42,34.8
2020-06-22,51,44,44,34,37,51,42.0
2020-06-23,50,43,43,32,36,50,40.8
2020-06-24,34,27,28,22,24,34,27.0
2020-06-25,47,37,40,33,33,47,38.0
2020-06-26,48,47,43,34,37,48,41.8
2020-06-27,54,51,51,40,42,54,47.6
2020-06-28,53,45,50,41,41,53,46.0
2020-06-29,45,46,52,35,39,52,43.4
2020-06-30,52,51,53,41,46,53,48.6
2020-07-01,51,42,45,34,38,51,42.0
2020-07-02,44,39,43,34,34,44,38.8
2020-07-03,35,31,33,29,31,35,31.8
2020-07-04,29,32,30,23,29,32,28.6
2020-07-05,50,34,34,33,30,50,36.2
2020-07-06,51,35,35,40,33,51,38.8
2020-07-07,52,36,45,35,35,52,40.6
2020-07-08,49,39,44,28,35,49,39.0
2020-07-09,44,40,40,21,35,44,36.0
2020-07-10,38,35,49,30,28,49,36.0
2020-07-11,51,38,52,31,36,52,41.6
2020-07-12,51,43,48,44,37,51,44.6
2020-07-13,48,37,37,40,36,48,39.6
2020-07-14,36,31,34,25,28,36,30.8
2020-07-15,40,30,28,23,33,40,30.8
2020-07-16,45,32,32,25,41,45,35.0
2020-07-17,52,32,32,39,42,52,39.4
2020-07-18,51,30,31,36,40,51,37.6
2020-07-19,43,43,43,39,44,44,42.4
2020-07-20,43,39,42,33,41,43,39.6
2020-07-21,31,32,29,21,33,33,29.2
2020-07-22,40,35,30,39,33,40,35.4
2020-07-23,51,39,42,40,43,51,43.0
2020-07-24,43,37,41,44,39,44,40.8
2020-07-25,39,38,35,41,35,41,37.6
2020-07-26,47,51,48,47,41,51,46.8
2020-07-27,55,54,55,53,53,55,54.0
2020-07-28,57,53,53,47,51,57,52.2
2020-07-29,56,55,55,53,57,57,55.2
2020-07-30,64,62,64,59,65,65,62.8
2020-07-31,60,60,61,57,60,61,59.6
2020-08-01,58,60,59,54,57,60,57.6
2020-08-02,61,63,66,57,62,66,61.8
2020-08-03,60,63,65,56,61,65,61.0
2020-08-04,54,57,55,53,53,57,54.4
2020-08-05,34,43,39,30,32,43,35.6
2020-08-06,40,49,45,35,37,49,41.2
2020-08-07,52,54,53,44,49,54,50.4
2020-08-08,51,54,52,44,50,54,50.2
2020-08-09,53,56,56,47,55,56,53.4
2020-08-10,58,61,62,56,58,62,59.0
2020-08-11,60,64,63,58,60,64,61.0
2020-08-12,62,64,64,59,61,64,62.0
2020-08-13,56,55,55,53,55,56,54.8
2020-08-14,52,52,54,38,52,54,49.6
2020-08-15,55,56,58,53,54,58,55.2
2020-08-16,58,54,55,54,55,58,55.2
2020-08-17,52,48,45,35,46,52,45.2
2020-08-18,49,49,52,34,40,52,44.8
2020-08-19,57,51,54,49,51,57,52.4
2020-08-20,57,51,52,51,52,57,52.6
2020-08-21,53,52,51,52,51,53,51.8
2020-08-22,52,54,52,48,50,54,51.2
2020-08-23,59,53,56,54,55,59,55.4
2020-08-24,56,51,52,45,52,56,51.2
2020-08-25,52,41,48,42,45,52,45.6
2020-08-26,44,37,48,45,38,48,42.4
2020-08-27,51,44,43,40,40,51,43.6
2020-08-28,55,53,55,51,53,55,53.4
2020-08-29,55,54,55,53,54,55,54.2
2020-08-30,53,54,52,54,53,54,53.2
2020-08-31,47,51,51,40,43,51,46.4
2020-09-01,52,52,53,46,49,53,50.4
2020-09-02,52,52,53,51,48,53,51.2
2020-09-03,55,49,51,53,53,55,52.2
2020-09-04,55,43,49,53,52,55,50.4
2020-09-05,57,52,54,36,52,57,50.2
2020-09-06,54,49,52,34,50,54,47.8
2020-09-07,53,53,52,46,52,53,51.2
2020-09-08,49,54,54,47,53,54,51.4
2020-09-09,50,47,44,41,43,50,45.0
2020-09-10,52,45,41,52,53,53,48.6
2020-09-11,49,45,41,45,49,49,45.8
2020-09-12,50,49,41,34,40,50,42.8
2020-09-13,56,57,56,53,54,57,55.2
2020-09-14,56,58,56,54,55,58,55.8
2020-09-15,57,55,55,55,55,57,55.4
2020-09-16,57,57,56,55,56,57,56.2
2020-09-17,55,51,44,49,52,55,50.2
2020-09-18,52,56,55,47,52,56,52.4
2020-09-19,53,58,55,51,53,58,54.0
2020-09-20,52,55,52,47,52,55,51.6
2020-09-21,51,54,51,41,52,54,49.8
2020-09-22,50,33,39,35,44,50,40.2
2020-09-23,55,51,55,55,56,56,54.4
2020-09-24,54,51,53,53,53,54,52.8
2020-09-25,52,54,52,53,52,54,52.6
2020-09-26,53,55,52,53,53,55,53.2
2020-09-27,43,50,39,28,40,50,40.0
2020-09-28,52,53,50,47,48,53,50.0
2020-09-29,52,52,51,46,47,52,49.6
2020-09-30,46,48,43,45,42,48,44.8
2020-10-01,54,47,43,44,42,54,46.0
2020-10-02,57,47,49,39,52,57,48.8
2020-10-03,53,48,47,36,53,53,47.4
2020-10-04,53,54,53,43,52,54,51.0
2020-10-05,60,61,60,55,60,61,59.2
2020-10-06,59,60,59,56,59,60,58.6
2020-10-07,57,56,56,56,56,57,56.2
2020-10-08,40,48,52,36,39,52,43.0
2020-10-09,43,46,41,29,40,46,39.8
2020-10-10,47,48,45,31,43,48,42.8
2020-10-11,50,52,45,30,51,52,45.6
2020-10-12,34,39,40,30,33,40,35.2
2020-10-13,48,51,49,33,48,51,45.8
2020-10-14,56,59,60,53,57,60,57.0
2020-10-15,56,58,59,52,56,59,56.2
2020-10-16,57,59,61,53,58,61,57.6
2020-10-17,64,69,71,58,64,71,65.2
2020-10-18,62,66,67,57,63,67,63.0
2020-10-19,84,55,54,54,52,84,59.8
2020-10-20,58,54,53,56,56,58,55.4
2020-10-21,62,61,68,60,64,68,63.0
2020-10-22,59,62,67,58,63,67,61.8
2020-10-23,51,57,51,30,52,57,48.2
2020-10-24,57,61,60,51,58,61,57.4
2020-10-25,56,57,60,48,55,60,55.2
2020-10-26,49,55,52,29,47,55,46.4
2020-10-27,53,57,55,33,51,57,49.8
2020-10-28,58,65,61,53,55,65,58.4
2020-10-29,58,65,61,52,55,65,58.2
2020-10-30,53,55,52,49,52,55,52.2
2020-10-31,53,55,50,47,52,55,51.4
2020-11-01,52,57,53,53,53,57,53.6
2020-11-02,51,54,55,43,51,55,50.8
2020-11-03,52,53,55,40,52,55,50.4
2020-11-04,52,53,52,48,52,53,51.4
2020-11-05,56,58,55,52,55,58,55.2
2020-11-06,55,56,53,53,55,56,54.4
2020-11-07,54,54,43,45,47,54,48.6
2020-11-08,53,57,54,35,53,57,50.4
2020-11-09,53,60,55,33,54,60,51.0
2020-11-10,53,59,55,39,53,59,51.8
2020-11-11,58,60,63,53,61,63,59.0
2020-11-12,56,59,59,53,57,59,56.8
2020-11-13,52,53,43,42,51,53,48.2
2020-11-14,51,55,53,42,52,55,50.6
2020-11-15,48,56,53,40,48,56,49.0
2020-11-16,37,52,41,39,50,52,43.8
2020-11-17,37,53,41,32,52,53,43.0
2020-11-18,55,57,54,36,55,57,51.4
2020-11-19,56,58,55,49,57,58,55.0
2020-11-20,53,55,53,37,54,55,50.4
2020-11-21,54,55,55,37,52,55,50.6
2020-11-22,43,52,49,32,41,52,43.4
2020-11-23,42,40,38,22,37,42,35.8
2020-11-24,52,53,53,32,52,53,48.4
2020-11-25,50,54,52,32,51,54,47.8
2020-11-26,46,54,53,32,42,54,45.4
2020-11-27,44,59,54,42,42,59,48.2
2020-11-28,44,55,47,39,39,55,44.8
2020-11-29,50,53,49,25,39,53,43.2
2020-11-30,52,55,49,37,45,55,47.6
2020-12-01,53,55,55,47,53,55,52.6
2020-12-02,53,59,58,39,53,59,52.4
2020-12-03,55,56,56,47,52,56,53.2
2020-12-04,43,55,49,43,49,55,47.8
2020-12-05,38,55,39,27,39,55,39.6
2020-12-06,48,58,48,36,48,58,47.6
2020-12-07,53,57,53,52,51,57,53.2
2020-12-08,53,56,52,51,52,56,52.8
2020-12-09,44,54,48,36,43,54,45.0
2020-12-10,51,55,57,52,51,57,53.2
2020-12-11,48,54,58,52,47,58,51.8
2020-12-12,53,55,58,41,49,58,51.2
2020-12-13,49,53,55,34,44,55,47.0
2020-12-14,40,53,54,37,48,54,46.4
2020-12-15,35,44,54,31,39,54,40.6
2020-12-16,48,53,55,26,37,55,43.8
2020-12-17,44,54,54,29,43,54,44.8
2020-12-18,38,53,53,29,45,53,43.6
2020-12-19,35,46,50,25,33,50,37.8
2020-12-20,41,52,52,30,37,52,42.4
2020-12-21,43,53,55,32,39,55,44.4
2020-12-22,50,59,55,38,47,59,49.8
2020-12-23,54,61,60,53,52,61,56.0
2020-12-24,53,58,61,52,53,61,55.4
2020-12-25,66,58,59,53,59,66,59.0
2020-12-26,53,56,52,53,57,57,54.2
2020-12-27,35,46,49,30,39,49,39.8
2020-12-28,34,55,48,30,35,55,40.4
2020-12-29,47,56,53,32,38,56,45.2
2020-12-30,48,54,55,45,38,55,48.0
2020-12-31,52,55,56,40,49,56,50.4
2021-01-01,52,55,55,37,50,55,49.8
2021-01-02,27,35,26,24,22,35,26.8
2021-01-03,26,37,29,26,25,37,28.6
2021-01-04,28,40,28,26,28,40,30.0
2021-01-05,28,40,35,20,32,40,31.0
2021-01-06,29,46,35,26,29,46,33.0
2021-01-07,29,38,38,31,34,38,34.0
2021-01-08,36,53,40,31,34,53,38.8
2021-01-09,39,57,39,33,36,57,40.8
2021-01-10,34,53,34,21,29,53,34.2
2021-01-11,34,53,28,19,30,53,32.8
2021-01-12,41,54,41,24,33,54,38.6
2021-01-13,44,56,51,23,33,56,41.4
2021-01-14,48,57,53,37,44,57,47.8
2021-01-15,55,66,59,56,56,66,58.4
2021-01-16,55,62,58,56,56,62,57.4
2021-01-17,48,59,48,46,52,59,50.6
2021-01-18,53,58,55,53,51,58,54.0
2021-01-19,56,56,60,55,54,60,56.2
2021-01-20,57,57,59,53,55,59,56.2
2021-01-21,59,58,62,56,57,62,58.4
2021-01-22,59,58,61,56,57,61,58.2
2021-01-23,54,53,55,54,55,55,54.2
2021-01-24,52,49,54,52,52,54,51.8
2021-01-25,39,33,42,25,34,42,34.6
2021-01-26,45,39,39,34,36,45,38.6
2021-01-27,44,38,44,38,37,44,40.2
2021-01-28,45,44,45,36,37,45,41.4
2021-01-29,50,49,52,43,40,52,46.8
2021-01-30,53,53,55,41,52,55,50.8
2021-01-31,54,55,57,51,53,57,54.0
2021-02-01,52,53,53,50,47,53,51.0
2021-02-02,50,53,53,48,46,53,50.0
2021-02-03,51,52,52,45,43,52,48.6
2021-02-04,53,54,54,51,52,54,52.8
2021-02-05,49,51,52,39,43,52,46.8
2021-02-06,44,52,53,38,52,53,47.8
2021-02-07,48,52,54,39,45,54,47.6
2021-02-08,47,49,52,33,38,52,43.8
2021-02-09,47,54,54,42,39,54,47.2
2021-02-10,47,54,53,42,45,54,48.2
2021-02-11,42,49,51,37,45,51,44.8
2021-02-12,47,48,46,37,38,48,43.2
2021-02-13,51,53,52,38,50,53,48.8
2021-02-14,54,55,57,52,56,57,54.8
2021-02-15,57,58,61,52,58,61,57.2
2021-02-16,62,60,67,59,67,67,63.0
2021-02-17,62,60,67,59,67,67,63.0
2021-02-18,57,56,64,56,57,64,58.0
2021-02-19,54,52,56,43,48,56,50.6
2021-02-20,56,54,58,50,53,58,54.2
2021-02-21,54,57,57,52,53,57,54.6
2021-02-22,55,55,58,51,54,58,54.6
2021-02-23,53,54,58,55,54,58,54.8
2021-02-24,57,58,60,57,58,60,58.0
2021-02-25,62,62,71,62,64,71,64.2
2021-02-26,70,62,71,63,75,75,68.2
2021-02-27,108,63,72,61,68,108,74.4
2021-02-28,71,62,72,65,69,72,67.8
2021-03-01,63,60,69,64,70,70,65.2
2021-03-02,63,64,74,63,70,74,66.8
2021-03-03,56,59,69,58,61,69,60.6
2021-03-04,52,51,58,46,54,58,52.2
2021-03-05,52,49,57,45,52,57,51.0
2021-03-06,51,49,52,42,52,52,49.2
2021-03-07,51,52,55,33,53,55,48.8
2021-03-08,39,45,57,30,42,57,42.6
2021-03-09,52,53,64,40,51,64,52.0
2021-03-10,54,55,65,51,54,65,55.8
2021-03-11,53,55,65,52,54,65,55.8
2021-03-12,44,51,55,35,43,55,45.6
2021-03-13,43,49,54,29,41,54,43.2
2021-03-14,52,53,56,40,45,56,49.2
2021-03-15,55,50,55,45,54,55,51.8
2021-03-16,54,52,53,53,53,54,53.0
2021-03-17,54,54,55,53,54,55,54.0
2021-03-18,53,55,55,54,55,55,54.4
2021-03-19,56,54,62,55,56,62,56.6
2021-03-20,58,53,61,55,55,61,56.4
2021-03-21,56,56,52,53,58,58,55.0
2021-03-22,53,53,51,53,54,54,52.8
2021-03-23,48,51,43,42,50,51,46.8
2021-03-24,38,42,50,24,43,50,39.4
2021-03-25,40,38,51,32,40,51,40.2
2021-03-26,37,39,37,31,39,39,36.6
2021-03-27,38,41,31,27,46,46,36.6
2021-03-28,124,56,51,56,75,124,72.4
2021-03-29,55,54,51,56,57,57,54.6
2021-03-30,55,53,56,48,56,56,53.6
2021-03-31,54,53,55,51,57,57,54.0
2021-04-01,46,41,49,28,48,49,42.4
2021-04-02,52,55,53,53,53,55,53.2
2021-04-03,53,56,53,53,55,56,54.0
2021-04-04,53,55,48,53,56,56,53.0
2021-04-05,53,57,54,52,56,57,54.4
2021-04-06,50,53,55,44,53,55,51.0
2021-04-07,47,49,58,45,49,58,49.6
2021-04-08,52,51,58,40,52,58,50.6
2021-04-09,53,55,58,54,55,58,55.0
2021-04-10,59,58,56,57,58,59,57.6
2021-04-11,62,61,59,61,64,64,61.4
2021-04-12,62,60,59,60,63,63,60.8
2021-04-13,59,55,56,60,57,60,57.4
2021-04-14,59,57,58,59,57,59,58.0
2021-04-15,57,54,54,54,58,58,55.4
2021-04-16,62,59,59,58,60,62,59.6
2021-04-17,64,59,62,62,60,64,61.4
2021-04-18,60,58,66,53,61,66,59.6
2021-04-19,60,57,65,58,65,65,61.0
2021-04-20,67,65,72,58,64,72,65.2
2021-04-21,66,64,72,58,63,72,64.6
2021-04-22,62,56,54,58,61,62,58.2
2021-04-23,58,53,45,53,56,58,53.0
2021-04-24,44,41,46,27,38,46,39.2
2021-04-25,56,52,50,52,52,56,52.4
2021-04-26,60,52,53,60,57,60,56.4
2021-04-27,62,54,58,59,62,62,59.0
2021-04-28,62,58,64,60,64,64,61.6
2021-04-29,58,55,59,59,61,61,58.4
2021-04-30,61,55,60,55,59,61,58.0
2021-05-01,62,58,59,54,59,62,58.4
2021-05-02,54,53,53,44,53,54,51.4
2021-05-03,50,33,31,37,39,50,38.0
2021-05-04,55,46,34,46,53,55,46.8
2021-05-05,53,46,38,50,52,53,47.8
2021-05-06,55,53,50,51,54,55,52.6
2021-05-07,62,61,56,58,62,62,59.8
2021-05-08,54,57,53,53,56,57,54.6
2021-05-09,49,53,43,52,53,53,50.0
2021-05-10,56,53,48,52,55,56,52.8
2021-05-11,55,42,37,52,51,55,47.4
2021-05-12,55,52,52,52,53,55,52.8
2021-05-13,66,60,62,59,70,70,63.4
2021-05-14,62,56,58,55,65,65,59.2
2021-05-15,57,44,38,52,47,57,47.6
2021-05-16,47,36,29,40,45,47,39.4
2021-05-17,45,38,26,33,44,45,37.2
2021-05-18,51,39,34,30,51,51,41.0
2021-05-19,52,41,45,36,47,52,44.2
2021-05-20,62,52,56,59,61,62,58.0
2021-05-21,61,51,54,56,58,61,56.0
2021-05-22,57,53,50,55,55,57,54.0
2021-05-23,56,48,41,54,53,56,50.4
2021-05-24,56,48,46,49,52,56,50.2
2021-05-25,53,46,46,46,50,53,48.2
2021-05-26,52,48,39,41,44,52,44.8
2021-05-27,53,47,36,46,46,53,45.6
2021-05-28,58,57,54,55,59,59,56.6
2021-05-29,59,55,54,56,59,59,56.6
2021-05-30,56,40,37,48,53,56,46.8
2021-05-31,55,45,38,54,49,55,48.2
2021-06-01,58,44,46,54,48,58,50.0
2021-06-02,60,45,48,52,50,60,51.0
2021-06-03,56,46,45,51,56,56,50.8
2021-06-04,53,44,51,43,53,53,48.8
2021-06-05,58,54,59,53,56,59,56.0
2021-06-06,66,58,64,57,65,66,62.0
2021-06-07,64,57,56,55,62,64,58.8
2021-06-08,69,58,50,61,64,69,60.4
2021-06-09,67,57,45,59,62,67,58.0
2021-06-10,73,64,52,64,70,73,64.6
2021-06-11,70,62,52,63,69,70,63.2
2021-06-12,63,57,43,60,63,63,57.2
2021-06-13,62,54,44,58,59,62,55.4
2021-06-14,52,36,31,39,48,52,41.2
2021-06-15,55,35,31,45,57,57,44.6
2021-06-16,57,50,58,47,57,58,53.8
2021-06-17,62,51,58,52,55,62,55.6
2021-06-18,62,51,58,52,55,62,55.6
2021-06-19,57,51,32,47,43,57,46.0
2021-06-20,57,44,31,46,53,57,46.2
2021-06-21,59,57,43,54,57,59,54.0
2021-06-22,61,58,51,57,57,61,56.8
2021-06-23,58,57,45,53,54,58,53.4
2021-06-24,56,50,37,48,53,56,48.8
2021-06-25,61,53,36,54,61,61,53.0
2021-06-26,61,56,41,55,61,61,54.8
2021-06-27,54,55,37,41,54,55,48.2
2021-06-28,59,45,30,47,54,59,47.0
2021-06-29,56,39,42,37,51,56,45.0
2021-06-30,48,42,47,25,40,48,40.4
2021-07-01,39,35,37,26,33,39,34.0
2021-07-02,40,32,26,31,34,40,32.6
2021-07-03,52,27,24,43,45,52,38.2
2021-07-04,52,30,42,32,45,52,40.2
2021-07-05,50,34,49,39,43,50,43.0
2021-07-06,60,53,61,54,60,61,57.6
2021-07-07,71,57,67,66,70,71,66.2
2021-07-08,70,57,56,66,71,71,64.0
2021-07-09,63,52,42,58,63,63,55.6
2021-07-10,51,41,38,42,51,51,44.6
2021-07-11,51,39,46,42,44,51,44.4
2021-07-12,39,33,47,28,38,47,37.0
2021-07-13,32,31,35,19,31,35,29.6
2021-07-14,52,41,31,39,52,52,43.0
2021-07-15,58,51,37,53,57,58,51.2
2021-07-16,57,50,36,53,57,57,50.6
2021-07-17,57,51,37,54,58,58,51.4
2021-07-18,60,52,40,57,61,61,54.0
2021-07-19,59,52,43,55,60,60,53.8
2021-07-20,58,47,55,52,56,58,53.6
2021-07-21,57,49,59,50,56,59,54.2
2021-07-22,56,48,54,52,56,56,53.2
2021-07-23,59,51,36,54,58,59,51.6
2021-07-24,56,49,37,49,55,56,49.2
2021-07-25,53,41,34,51,54,54,46.6
2021-07-26,54,46,34,50,53,54,47.4
2021-07-27,54,50,36,49,54,54,48.6
2021-07-28,55,51,36,50,55,55,49.4
2021-07-29,60,53,43,55,60,60,54.2
2021-07-30,61,54,46,57,63,63,56.2
2021-07-31,65,54,47,58,62,65,57.2
2021-08-01,59,51,39,52,56,59,51.4
2021-08-02,55,38,32,39,55,55,43.8
2021-08-03,56,48,32,52,57,57,49.0
2021-08-04,52,46,34,49,53,53,46.8
2021-08-05,52,40,43,44,52,52,46.2
2021-08-06,53,44,38,48,55,55,47.6
2021-08-07,54,43,30,51,57,57,47.0
2021-08-08,51,48,30,57,60,60,49.2
2021-08-09,39,45,27,53,56,56,44.0
2021-08-10,35,40,25,37,54,54,38.2
2021-08-11,45,37,27,46,45,46,40.0
2021-08-12,52,42,39,49,52,52,46.8
2021-08-13,55,45,40,50,53,55,48.6
2021-08-14,54,39,29,46,51,54,43.8
2021-08-15,49,36,51,50,44,51,46.0
2021-08-16,47,27,51,41,40,51,41.2
2021-08-17,51,37,32,42,52,52,42.8
2021-08-18,52,37,26,40,52,52,41.4
2021-08-19,42,33,21,21,40,42,31.4
2021-08-20,49,38,27,37,45,49,39.2
2021-08-21,55,41,33,44,52,55,45.0
2021-08-22,53,32,27,38,51,53,40.2
2021-08-23,53,43,25,32,53,53,41.2
2021-08-24,53,43,24,32,52,53,40.8
2021-08-25,48,35,20,42,47,48,38.4
2021-08-26,55,44,33,52,55,55,47.8
2021-08-27,60,46,34,55,60,60,51.0
2021-08-28,57,43,37,54,57,57,49.6
2021-08-29,52,47,40,47,49,52,47.0
2021-08-30,52,41,36,36,44,52,41.8
2021-08-31,46,32,28,32,43,46,36.2
2021-09-01,51,41,24,37,47,51,40.0
2021-09-02,49,36,25,34,45,49,37.8
2021-09-03,46,28,20,35,40,46,33.8
2021-09-04,52,37,34,47,52,52,44.4
2021-09-05,51,34,34,49,51,51,43.8
2021-09-06,56,34,31,45,53,56,43.8
2021-09-07,58,41,35,46,57,58,47.4
2021-09-08,56,42,32,43,56,56,45.8
2021-09-09,53,33,33,46,54,54,43.8
2021-09-10,56,40,38,54,58,58,49.2
2021-09-11,57,44,41,56,58,58,51.2
2021-09-12,58,45,42,57,59,59,52.2
2021-09-13,53,33,34,42,53,53,43.0
2021-09-14,57,41,36,58,59,59,50.2
2021-09-15,57,44,32,59,58,59,50.0
2021-09-16,49,31,25,47,51,51,40.6
2021-09-17,39,25,26,38,36,39,32.8
2021-09-18,40,24,25,34,40,40,32.6
2021-09-19,49,26,29,41,49,49,38.8
2021-09-20,55,36,35,42,54,55,44.4
2021-09-21,58,42,40,54,57,58,50.2
2021-09-22,60,44,40,54,58,60,51.2
2021-09-23,56,35,35,53,55,56,46.8
2021-09-24,51,30,45,44,54,54,44.8
2021-09-25,59,36,52,58,61,61,53.2
2021-09-26,59,42,58,57,64,64,56.0
2021-09-27,53,35,54,51,59,59,50.4
2021-09-28,54,35,45,36,53,54,44.6
2021-09-29,59,40,56,52,59,59,53.2
2021-09-30,60,39,56,49,60,60,52.8
2021-10-01,53,33,48,38,55,55,45.4
2021-10-02,52,32,48,48,54,54,46.8
2021-10-03,59,44,55,61,62,62,56.2
2021-10-04,60,46,55,64,63,64,57.6
2021-10-05,62,42,56,59,61,62,56.0
2021-10-06,57,42,55,55,58,58,53.4
2021-10-07,54,36,52,42,52,54,47.2
2021-10-08,55,34,52,45,55,55,48.2
2021-10-09,56,36,54,52,56,56,50.8
2021-10-10,59,52,59,57,62,62,57.8
2021-10-11,58,48,57,55,60,60,55.6
2021-10-12,58,44,58,52,58,58,54.0
2021-10-13,63,51,62,56,63,63,59.0
2021-10-14,59,46,59,54,61,61,55.8
2021-10-15,60,52,60,58,62,62,58.4
2021-10-16,62,52,60,59,64,64,59.4
2021-10-17,61,51,58,65,65,65,60.0
2021-10-18,59,48,57,59,60,60,56.6
2021-10-19,58,45,55,55,60,60,54.6
2021-10-20,57,39,52,53,56,57,51.4
2021-10-21,49,26,40,36,47,49,39.6
2021-10-22,56,38,56,53,56,56,51.8
2021-10-23,58,49,62,53,62,62,56.8
2021-10-24,62,54,63,59,64,64,60.4
2021-10-25,59,53,62,58,63,63,59.0
2021-10-26,62,51,59,56,62,62,58.0
2021-10-27,57,47,56,56,61,61,55.4
2021-10-28,53,30,48,37,53,53,44.2
2021-10-29,52,25,39,35,47,52,39.6
2021-10-30,45,26,40,34,47,47,38.4
2021-10-31,52,33,50,41,54,54,46.0
2021-11-01,51,36,52,35,54,54,45.6
2021-11-02,52,33,52,31,52,52,44.0
2021-11-03,51,26,41,25,47,51,38.0
2021-11-04,56,34,58,38,58,58,48.8
2021-11-05,53,32,56,35,56,56,46.4
2021-11-06,59,39,55,43,57,59,50.6
2021-11-07,63,51,60,55,65,65,58.8
2021-11-08,55,48,56,52,62,62,54.6
2021-11-09,52,43,54,50,57,57,51.2
2021-11-10,44,43,51,41,54,54,46.6
2021-11-11,35,30,32,22,40,40,31.8
2021-11-12,34,30,39,27,40,40,34.0
2021-11-13,52,30,35,30,40,52,37.4
2021-11-14,52,31,50,33,51,52,43.4
2021-11-15,54,41,56,53,58,58,52.4
2021-11-16,59,40,55,57,58,59,53.8
2021-11-17,60,37,56,59,59,60,54.2
2021-11-18,58,43,58,54,61,61,54.8
2021-11-19,55,36,54,44,56,56,49.0
2021-11-20,53,37,55,46,54,55,49.0
2021-11-21,57,44,56,51,61,61,53.8
2021-11-22,54,44,56,45,59,59,51.6
2021-11-23,54,47,59,55,56,59,54.2
2021-11-24,60,43,55,58,57,60,54.6
2021-11-25,59,37,55,56,55,59,52.4
2021-11-26,51,38,52,45,45,52,46.2
2021-11-27,48,32,44,33,47,48,40.8
2021-11-28,46,30,43,32,49,49,40.0
2021-11-29,50,31,44,33,51,51,41.8
2021-11-30,52,32,52,37,53,53,45.2
2021-12-01,53,33,52,43,53,53,46.8
2021-12-02,52,31,47,42,52,52,44.8
2021-12-03,44,31,50,31,53,53,41.8
2021-12-04,51,39,51,43,53,53,47.4
2021-12-05,54,40,55,46,53,55,49.6
2021-12-06,53,36,55,43,54,55,48.2
2021-12-07,51,34,52,43,54,54,46.8
2021-12-08,51,41,53,44,51,53,48.0
2021-12-09,53,44,57,52,54,57,52.0
2021-12-10,53,39,55,51,53,55,50.2
2021-12-11,43,34,49,40,47,49,42.6
2021-12-12,46,38,52,29,48,52,42.6
2021-12-13,48,37,50,41,45,50,44.2
2021-12-14,52,42,53,43,52,53,48.4
2021-12-15,52,43,52,41,51,52,47.8
2021-12-16,52,46,54,47,55,55,50.8
2021-12-17,51,35,52,43,52,52,46.6
2021-12-18,48,30,46,30,47,48,40.2
2021-12-19,49,30,45,31,47,49,40.4
2021-12-20,44,29,52,28,48,52,40.2
2021-12-21,52,38,56,50,55,56,50.2
2021-12-22,52,45,55,48,56,56,51.2
2021-12-23,53,54,55,46,56,56,52.8
2021-12-24,52,56,57,51,54,57,54.0
2021-12-25,45,51,55,41,52,55,48.8
2021-12-26,52,50,54,42,53,54,50.2
2021-12-27,55,53,56,52,56,56,54.4
2021-12-28,54,52,54,50,54,54,52.8
2021-12-29,48,36,43,42,45,48,42.8
2021-12-30,39,39,42,34,48,48,40.4
2021-12-31,35,36,37,28,43,43,35.8
2022-01-01,31,27,32,27,32,32,29.8
2022-01-02,29,29,25,27,32,32,28.4
2022-01-03,31,32,23,17,29,32,26.4
2022-01-04,31,32,26,19,30,32,27.6
2022-01-05,36,32,44,25,38,44,35.0
2022-01-06,36,33,45,27,39,45,36.0
2022-01-07,43,38,46,28,46,46,40.2
2022-01-08,41,37,39,28,44,44,37.8
2022-01-09,50,45,53,36,52,53,47.2
2022-01-10,48,42,52,35,48,52,45.0
2022-01-11,49,41,53,34,51,53,45.6
2022-01-12,52,40,53,37,52,53,46.8
2022-01-13,49,40,52,36,51,52,45.6
2022-01-14,51,42,52,38,52,52,47.0
2022-01-15,52,42,53,38,52,53,47.4
2022-01-16,53,45,53,44,53,53,49.6
2022-01-17,54,53,58,46,55,58,53.2
2022-01-18,55,53,59,53,57,59,55.4
2022-01-19,53,48,55,45,55,55,51.2
2022-01-20,53,43,53,39,53,53,48.2
2022-01-21,52,41,54,34,52,54,46.6
2022-01-22,48,37,44,34,41,48,40.8
2022-01-23,48,48,52,42,54,54,48.8
2022-01-24,52,41,51,42,56,56,48.4
2022-01-25,51,43,52,44,54,54,48.8
2022-01-26,48,40,52,36,52,52,45.6
2022-01-27,55,52,57,52,57,57,54.6
2022-01-28,55,53,57,52,57,57,54.8
2022-01-29,54,52,56,52,56,56,54.0
2022-01-30,52,51,54,48,55,55,52.0
2022-01-31,54,53,54,51,59,59,54.2
2022-02-01,51,37,38,37,53,53,43.2
2022-02-02,41,31,32,30,47,47,36.2
2022-02-03,38,30,32,29,40,40,33.8
2022-02-04,52,40,50,38,54,54,46.8
2022-02-05,52,44,52,45,55,55,49.6
2022-02-06,44,39,48,34,51,51,43.2
2022-02-07,39,33,41,26,45,45,36.8
2022-02-08,37,31,35,24,41,41,33.6
2022-02-09,47,34,35,28,48,48,38.4
2022-02-10,46,32,32,27,47,47,36.8
2022-02-11,40,36,42,30,45,45,38.6
2022-02-12,34,33,37,29,36,37,33.8
2022-02-13,37,33,40,30,33,40,34.6
2022-02-14,43,34,36,34,35,43,36.4
2022-02-15,44,36,34,38,38,44,38.0
2022-02-16,52,41,47,36,53,53,45.8
2022-02-17,52,52,55,52,56,56,53.4
2022-02-18,40,45,49,51,54,54,47.8
2022-02-19,33,35,41,35,41,41,37.0
2022-02-20,48,51,52,41,56,56,49.6
2022-02-21,50,50,52,41,56,56,49.8
2022-02-22,44,39,52,41,52,52,45.6
2022-02-23,43,36,46,32,51,51,41.6
2022-02-24,34,28,37,24,38,38,32.2
2022-02-25,29,27,31,21,38,38,29.2
2022-02-26,42,27,42,24,40,42,35.0
2022-02-27,41,27,39,29,50,50,37.2
2022-02-28,48,44,51,30,52,52,45.0
2022-03-01,51,51,53,40,54,54,49.8
2022-03-02,48,40,52,41,52,52,46.6
2022-03-03,51,35,48,34,45,51,42.6
2022-03-04,46,34,51,29,44,51,40.8
2022-03-05,32,32,40,27,37,40,33.6
2022-03-06,44,33,51,33,51,51,42.4
2022-03-07,40,33,42,32,51,51,39.6
2022-03-08,40,29,32,37,34,40,34.4
2022-03-09,39,32,30,34,34,39,33.8
2022-03-10,44,35,45,34,49,49,41.4
2022-03-11,53,52,58,44,56,58,52.6
2022-03-12,60,58,62,58,63,63,60.2
2022-03-13,60,57,62,58,63,63,60.0
2022-03-14,48,39,52,47,52,52,47.6
2022-03-15,55,43,56,52,58,58,52.8
2022-03-16,56,52,54,52,58,58,54.4
2022-03-17,57,51,56,54,58,58,55.2
2022-03-18,52,44,53,48,54,54,50.2
2022-03-19,53,40,52,36,55,55,47.2
2022-03-20,58,42,53,50,56,58,51.8
2022-03-21,59,43,51,46,55,59,50.8
2022-03-22,55,45,52,46,56,56,50.8
2022-03-23,52,37,40,45,51,52,45.0
2022-03-24,47,47,53,50,56,56,50.6
2022-03-25,52,53,54,53,59,59,54.2
2022-03-26,50,52,55,52,58,58,53.4
2022-03-27,57,52,64,53,59,64,57.0
2022-03-28,58,53,62,56,55,62,56.8
2022-03-29,54,49,55,51,50,55,51.8
2022-03-30,52,52,52,43,51,52,50.0
2022-03-31,53,53,55,49,54,55,52.8
2022-04-01,57,54,56,44,56,57,53.4
2022-04-02,59,59,65,54,64,65,60.2
2022-04-03,60,57,67,55,65,67,60.8
2022-04-04,56,56,61,55,59,61,57.4
2022-04-05,53,51,60,45,58,60,53.4
2022-04-06,46,36,53,37,52,53,44.8
2022-04-07,52,33,53,37,51,53,45.2
2022-04-08,58,54,60,45,59,60,55.2
2022-04-09,55,52,56,44,57,57,52.8
2022-04-10,55,49,56,53,55,56,53.6
2022-04-11,57,46,53,52,56,57,52.8
2022-04-12,67,56,54,59,69,69,61.0
2022-04-13,71,56,58,66,75,75,65.2
2022-04-14,60,52,58,55,63,63,57.6
2022-04-15,56,50,53,45,55,56,51.8
2022-04-16,54,50,52,35,50,54,48.2
2022-04-17,57,51,54,51,52,57,53.0
2022-04-18,57,50,53,52,52,57,52.8
2022-04-19,57,56,61,47,59,61,56.0
2022-04-20,59,54,61,52,60,61,57.2
2022-04-21,59,53,62,52,59,62,57.0
2022-04-22,60,53,58,48,56,60,55.0
2022-04-23,57,42,51,44,54,57,49.6
2022-04-24,58,49,51,52,55,58,53.0
2022-04-25,56,39,47,51,54,56,49.4
2022-04-26,57,52,54,53,63,63,55.8
2022-04-27,59,54,57,59,61,61,58.0
2022-04-28,56,51,55,58,59,59,55.8
2022-04-29,61,52,53,54,62,62,56.4
2022-04-30,65,56,53,54,65,65,58.6
2022-05-01,64,56,57,53,62,64,58.4
2022-05-02,63,53,53,53,61,63,56.6
2022-05-03,39,28,21,27,40,40,31.0
2022-05-04,44,32,19,29,40,44,32.8
2022-05-05,47,32,28,27,41,47,35.0
2022-05-06,42,29,30,31,42,42,34.8
2022-05-07,40,36,27,26,39,40,33.6
2022-05-08,42,36,32,32,40,42,36.4
2022-05-09,36,25,26,25,33,36,29.0
2022-05-10,34,25,24,24,37,37,28.8
2022-05-11,52,41,35,26,53,53,41.4
2022-05-12,58,48,53,36,60,60,51.0
2022-05-13,56,53,64,54,61,64,57.6
2022-05-14,55,52,63,56,60,63,57.2
2022-05-15,55,34,54,54,56,56,50.6
2022-05-16,54,49,54,53,57,57,53.4
2022-05-17,49,38,36,36,53,53,42.4
2022-05-18,54,46,56,53,59,59,53.6
2022-05-19,55,48,56,53,59,59,54.2
2022-05-20,66,59,54,61,70,70,62.0
2022-05-21,66,62,53,61,70,70,62.4
2022-05-22,61,58,46,60,66,66,58.2
2022-05-23,58,53,52,56,64,64,56.6
2022-05-24,57,52,53,56,62,62,56.0
2022-05-25,54,37,54,51,56,56,50.4
2022-05-26,47,34,56,34,53,56,44.8
2022-05-27,53,44,58,36,54,58,49.0
2022-05-28,52,51,61,49,60,61,54.6
2022-05-29,47,49,59,45,57,59,51.4
2022-05-30,59,52,69,55,61,69,59.2
2022-05-31,63,55,70,57,66,70,62.2
2022-06-01,63,55,65,57,66,66,61.2
2022-06-02,59,54,62,56,61,62,58.4
2022-06-03,53,48,55,53,56,56,53.0
2022-06-04,54,44,56,54,57,57,53.0
2022-06-05,45,33,49,53,49,53,45.8
2022-06-06,38,32,48,50,34,50,40.4
2022-06-07,42,39,52,54,42,54,45.8
2022-06-08,50,52,59,59,54,59,54.8
2022-06-09,51,52,59,57,54,59,54.6
2022-06-10,59,53,60,60,54,60,57.2
2022-06-11,58,54,61,63,55,63,58.2
2022-06-12,43,30,44,46,30,46,38.6
2022-06-13,54,53,53,54,52,54,53.2
2022-06-14,55,53,55,59,53,59,55.0
2022-06-15,47,38,53,55,38,55,46.2
2022-06-16,53,51,57,57,52,57,54.0
2022-06-17,46,51,55,55,51,55,51.6
2022-06-18,45,36,53,52,52,53,47.6
2022-06-19,55,52,65,54,57,65,56.6
2022-06-20,54,52,65,54,58,65,56.6
2022-06-21,42,33,43,46,41,46,41.0
2022-06-22,37,25,32,43,37,43,34.8
2022-06-23,28,22,28,30,30,30,27.6
2022-06-24,38,27,25,28,28,38,29.2
2022-06-25,40,32,35,33,32,40,34.4
2022-06-26,29,26,41,36,35,41,33.4
2022-06-27,26,23,28,25,26,28,25.6
2022-06-28,54,26,34,45,26,54,37.0
2022-06-29,54,48,53,52,49,54,51.2
2022-06-30,41,47,54,51,49,54,48.4
2022-07-01,34,47,51,40,34,51,41.2
2022-07-02,56,60,64,57,57,64,58.8
2022-07-03,57,59,63,57,58,63,58.8
2022-07-04,58,59,61,56,57,61,58.2
2022-07-05,59,55,54,52,54,59,54.8
2022-07-06,52,31,45,44,38,52,42.0
2022-07-07,52,31,46,45,39,52,42.6
2022-07-08,51,39,40,37,37,51,40.8
2022-07-09,51,52,55,51,51,55,52.0
2022-07-10,52,54,57,54,54,57,54.2
2022-07-11,48,48,51,45,46,51,47.6
2022-07-12,51,51,55,52,51,55,52.0
2022-07-13,51,51,53,48,48,53,50.2
2022-07-14,50,52,54,44,49,54,49.8
2022-07-15,48,40,52,40,42,52,44.4
2022-07-16,36,32,42,37,31,42,35.6
2022-07-17,35,36,40,37,36,40,36.8
2022-07-18,42,49,52,45,42,52,46.0
2022-07-19,43,48,52,44,42,52,45.8
2022-07-20,41,40,47,37,38,47,40.6
2022-07-21,53,49,53,48,52,53,51.0
2022-07-22,52,43,52,52,53,53,50.4
2022-07-23,56,53,56,56,54,56,55.0
2022-07-24,55,53,56,56,55,56,55.0
2022-07-25,51,39,52,51,51,52,48.8
2022-07-26,52,43,52,51,49,52,49.4
2022-07-27,35,29,36,33,31,36,32.8
2022-07-28,55,58,60,55,55,60,56.6
2022-07-29,60,58,60,55,55,60,57.6
2022-07-30,54,39,43,37,39,54,42.4
2022-07-31,30,26,33,30,27,33,29.2
2022-08-01,41,36,43,39,41,43,40.0
2022-08-02,39,38,42,39,40,42,39.6
2022-08-03,41,28,37,41,39,41,37.2
2022-08-04,40,37,44,42,38,44,40.2
2022-08-05,53,50,54,54,52,54,52.6
2022-08-06,56,53,58,54,54,58,55.0
2022-08-07,53,51,57,52,52,57,53.0
2022-08-08,63,65,71,62,67,71,65.6
2022-08-09,64,66,73,64,67,73,66.8
2022-08-10,55,56,61,55,56,61,56.6
2022-08-11,45,52,55,40,49,55,48.2
2022-08-12,49,46,52,41,42,52,46.0
2022-08-13,53,40,46,53,52,53,48.8
2022-08-14,59,56,51,61,59,61,57.2
2022-08-15,58,55,39,58,56,58,53.2
2022-08-16,54,53,53,59,56,59,55.0
2022-08-17,53,52,53,59,55,59,54.4
2022-08-18,42,52,53,49,50,53,49.2
2022-08-19,48,53,54,56,51,56,52.4
2022-08-20,40,40,48,55,50,55,46.6
2022-08-21,34,37,49,51,45,51,43.2
2022-08-22,27,34,37,38,33,38,33.8
2022-08-23,42,41,30,52,36,52,40.2
2022-08-24,44,53,52,56,48,56,50.6
2022-08-25,37,46,52,52,44,52,46.2
2022-08-26,52,58,61,58,57,61,57.2
2022-08-27,54,59,68,65,59,68,61.0
2022-08-28,52,58,63,65,58,65,59.2
2022-08-29,48,54,59,54,55,59,54.0
2022-08-30,42,49,55,53,53,55,50.4
2022-08-31,33,35,31,45,32,45,35.2
2022-09-01,43,24,28,53,30,53,35.6
2022-09-02,53,38,39,56,54,56,48.0
2022-09-03,52,35,35,51,53,53,45.2
2022-09-04,33,36,39,40,37,40,37.0
2022-09-05,48,52,53,51,53,53,51.4
2022-09-06,53,50,53,57,53,57,53.2
2022-09-07,55,52,57,57,57,57,55.6
2022-09-08,53,53,55,55,53,55,53.8
2022-09-09,55,53,56,64,56,64,56.8
2022-09-10,52,34,40,62,53,62,48.2
2022-09-11,47,46,53,54,50,54,50.0
2022-09-12,53,56,58,54,54,58,55.0
2022-09-13,64,66,60,63,63,66,63.2
2022-09-14,60,61,57,57,59,61,58.8
2022-09-15,42,44,45,27,42,45,40.0
2022-09-16,59,55,58,48,58,59,55.6
2022-09-17,60,54,59,49,58,60,56.0
2022-09-18,56,46,53,39,44,56,47.6
2022-09-19,46,43,46,47,47,47,45.8
2022-09-20,50,46,52,49,50,52,49.4
2022-09-21,61,54,56,50,56,61,55.4
2022-09-22,56,45,50,52,53,56,51.2
2022-09-23,30,33,38,36,34,38,34.2
2022-09-24,54,53,56,47,51,56,52.2
2022-09-25,56,54,58,54,54,58,55.2
2022-09-26,57,51,54,55,53,57,54.0
2022-09-27,59,59,64,61,59,64,60.4
2022-09-28,65,63,69,61,64,69,64.4
2022-09-29,65,62,67,48,63,67,61.0
2022-09-30,60,59,60,37,61,61,55.4
2022-10-01,57,56,55,34,56,57,51.6
2022-10-02,51,51,53,30,50,53,47.0
2022-10-03,45,45,47,31,39,47,41.4
2022-10-04,53,54,54,32,55,55,49.6
2022-10-05,54,57,56,38,60,60,53.0
2022-10-06,46,53,52,32,54,54,47.4
2022-10-07,47,50,52,34,53,53,47.2
2022-10-08,35,31,40,32,40,40,35.6
2022-10-09,36,34,47,28,36,47,36.2
2022-10-10,43,43,53,25,46,53,42.0
2022-10-11,54,43,55,26,52,55,46.0
2022-10-12,53,47,54,27,51,54,46.4
2022-10-13,40,43,31,26,35,43,35.0
2022-10-14,48,49,52,30,41,52,44.0
2022-10-15,41,38,51,25,32,51,37.4
2022-10-16,28,35,28,21,21,35,26.6
2022-10-17,26,43,38,21,41,43,33.8
2022-10-18,32,50,52,26,51,52,42.2
2022-10-19,45,52,54,32,56,56,47.8
2022-10-20,52,55,53,38,55,55,50.6
2022-10-21,43,54,53,37,54,54,48.2
2022-10-22,29,56,53,36,57,57,46.2
2022-10-23,25,53,53,27,55,55,42.6
2022-10-24,29,28,39,23,27,39,29.2
2022-10-25,28,29,41,26,29,41,30.6
2022-10-26,23,27,33,22,27,33,26.4
2022-10-27,23,23,32,25,24,32,25.4
2022-10-28,26,35,40,22,35,40,31.6
2022-10-29,26,42,37,25,33,42,32.6
2022-10-30,27,43,41,26,36,43,34.6
2022-10-31,23,35,38,21,29,38,29.2
2022-11-01,26,40,49,31,27,49,34.6
2022-11-02,29,54,52,33,53,54,44.2
2022-11-03,27,56,56,31,56,56,45.2
2022-11-04,23,47,52,25,49,52,39.2
2022-11-05,22,29,32,30,26,32,27.8
2022-11-06,24,44,51,42,52,52,42.6
2022-11-07,30,39,52,30,47,52,39.6
2022-11-08,24,39,52,36,32,52,36.6
2022-11-09,22,42,52,35,43,52,38.8
2022-11-10,22,39,51,36,38,51,37.2
2022-11-11,31,34,43,29,30,43,33.4
2022-11-12,28,36,52,26,30,52,34.4
2022-11-13,32,36,42,33,26,42,33.8
2022-11-14,31,35,44,36,34,44,36.0
2022-11-15,32,36,44,31,39,44,36.4
2022-11-16,27,38,53,42,34,53,38.8
2022-11-17,26,39,52,43,33,52,38.6
2022-11-18,29,36,55,53,35,55,41.6
2022-11-19,21,36,55,53,36,55,40.2
2022-11-20,27,30,36,40,32,40,33.0
2022-11-21,31,31,40,24,28,40,30.8
2022-11-22,38,38,45,28,34,45,36.6
2022-11-23,28,41,52,30,33,52,36.8
2022-11-24,23,53,52,30,48,53,41.2
2022-11-25,23,53,52,35,49,53,42.4
2022-11-26,34,59,58,42,60,60,50.6
2022-11-27,27,58,57,45,61,61,49.6
2022-11-28,25,51,56,34,53,56,43.8
2022-11-29,27,44,53,33,51,53,41.6
2022-11-30,30,47,52,31,45,52,41.0
2022-12-01,26,42,50,31,44,50,38.6
2022-12-02,23,32,50,31,35,50,34.2
2022-12-03,24,37,51,28,36,51,35.2
2022-12-04,25,36,43,46,33,46,36.6
2022-12-05,27,49,53,57,41,57,45.4
2022-12-06,29,53,56,54,53,56,49.0
2022-12-07,27,49,56,32,49,56,42.6
2022-12-08,24,42,55,32,38,55,38.2
2022-12-09,22,35,38,31,30,38,31.2
2022-12-10,23,30,45,24,35,45,31.4
2022-12-11,23,35,49,24,36,49,33.4
2022-12-12,24,53,55,32,51,55,43.0
2022-12-13,23,53,55,32,52,55,43.0
2022-12-14,22,25,32,22,27,32,25.6
2022-12-15,26,27,33,21,21,33,25.6
2022-12-16,32,29,38,28,27,38,30.8
2022-12-17,29,35,36,28,31,36,31.8
2022-12-18,23,40,40,24,32,40,31.8
2022-12-19,24,44,41,26,25,44,32.0
2022-12-20,24,42,38,22,25,42,30.2
2022-12-21,25,38,52,30,25,52,34.0
2022-12-22,21,36,52,29,24,52,32.4
2022-12-23,24,39,43,30,26,43,32.4
2022-12-24,33,52,56,31,51,56,44.6
2022-12-25,33,52,58,37,52,58,46.4
2022-12-26,33,46,54,36,44,54,42.6
2022-12-27,31,53,55,41,47,55,45.4
2022-12-28,31,52,54,38,44,54,43.8
2022-12-29,33,52,56,37,47,56,45.0
2022-12-30,31,53,56,38,51,56,45.8
2022-12-31,30,53,56,37,52,56,45.6
2023-01-01,33,53,56,38,52,56,46.4
2023-01-02,35,54,55,41,51,55,47.2
2023-01-03,30,53,55,38,52,55,45.6
2023-01-04,21,34,48,28,24,48,31.0
2023-01-05,23,48,49,38,34,49,38.4
2023-01-06,31,50,57,39,38,57,43.0
2023-01-07,28,43,54,31,37,54,38.6
2023-01-08,29,31,52,24,29,52,33.0
2023-01-09,39,50,52,42,41,52,44.8
2023-01-10,36,50,53,56,55,56,50.0
2023-01-11,28,56,58,58,58,58,51.6
2023-01-12,43,56,57,56,53,57,53.0
2023-01-13,33,54,54,47,49,54,47.4
2023-01-14,48,61,61,44,79,79,58.6
2023-01-15,37,60,60,44,56,60,51.4
2023-01-16,27,53,59,39,48,59,45.2
2023-01-17,29,41,52,32,37,52,38.2
2023-01-18,24,40,48,31,32,48,35.0
2023-01-19,26,39,51,31,37,51,36.8
2023-01-20,23,33,46,28,32,46,32.4
2023-01-21,18,28,36,29,22,36,26.6
2023-01-22,20,26,31,31,21,31,25.8
2023-01-23,23,36,44,21,26,44,30.0
2023-01-24,21,34,44,20,25,44,28.8
2023-01-25,18,23,37,17,18,37,22.6
2023-01-26,19,24,39,18,18,39,23.6
2023-01-27,21,34,49,21,23,49,29.6
2023-01-28,21,33,44,24,25,44,29.4
2023-01-29,19,26,42,24,24,42,27.0
2023-01-30,24,20,27,17,24,27,22.4
2023-01-31,23,43,50,23,30,50,33.8
2023-02-01,23,41,51,27,35,51,35.4
2023-02-02,23,42,42,29,32,42,33.6
2023-02-03,23,42,42,29,32,42,33.6
2023-02-04,21,45,52,28,26,52,34.4
2023-02-05,22,39,46,26,25,46,31.6
2023-02-06,23,45,46,22,23,46,31.8
2023-02-07,23,42,45,21,23,45,30.8
2023-02-08,24,44,47,32,31,47,35.6
2023-02-09,24,44,49,31,31,49,35.8
2023-02-10,25,45,51,30,31,51,36.4
2023-02-11,24,38,49,25,23,49,31.8
2023-02-12,21,31,41,22,22,41,27.4
2023-02-13,22,42,52,27,30,52,34.6
2023-02-14,24,44,56,33,35,56,38.4
2023-02-15,23,45,55,34,29,55,37.2
2023-02-16,22,38,54,38,29,54,36.2
2023-02-17,29,49,57,42,43,57,44.0
2023-02-18,31,52,55,34,44,55,43.2
2023-02-19,28,51,54,31,31,54,39.0
2023-02-20,22,43,52,28,33,52,35.6
2023-02-21,26,49,51,30,37,51,38.6
2023-02-22,28,49,53,34,40,53,40.8
2023-02-23,29,51,53,33,38,53,40.8
2023-02-24,31,52,54,33,40,54,42.0
2023-02-25,32,51,54,39,40,54,43.2
2023-02-26,30,44,55,40,42,55,42.2
2023-02-27,27,40,53,42,32,53,38.8
2023-02-28,22,36,52,41,28,52,35.8
2023-03-01,18,24,35,23,18,35,23.6
2023-03-02,19,19,33,23,16,33,22.0
2023-03-03,20,33,35,27,23,35,27.6
2023-03-04,21,35,43,24,25,43,29.6
2023-03-05,25,38,54,24,32,54,34.6
2023-03-06,28,52,57,31,42,57,42.0
2023-03-07,26,51,54,31,40,54,40.4
2023-03-08,31,48,56,31,43,56,41.8
2023-03-09,36,53,55,49,44,55,47.4
2023-03-10,34,52,55,53,47,55,48.2
2023-03-11,31,52,55,39,47,55,44.8
2023-03-12,31,52,54,31,53,54,44.2
2023-03-13,31,54,54,32,52,54,44.6
2023-03-14,34,55,57,35,52,57,46.6
2023-03-15,34,55,58,36,57,58,48.0
2023-03-16,33,57,58,35,56,58,47.8
2023-03-17,37,54,55,32,50,55,45.6
2023-03-18,46,53,53,30,49,53,46.2
2023-03-19,52,52,54,35,47,54,48.0
2023-03-20,51,53,53,27,42,53,45.2
2023-03-21,43,46,51,30,48,51,43.6
2023-03-22,39,41,43,31,41,43,39.0
2023-03-23,43,40,46,34,42,46,41.0
2023-03-24,44,45,52,28,35,52,40.8
2023-03-25,52,51,54,32,49,54,47.6
2023-03-26,54,52,55,33,41,55,47.0
2023-03-27,54,46,55,33,41,55,45.8
2023-03-28,51,51,55,34,50,55,48.2
2023-03-29,50,35,47,29,34,50,39.0
2023-03-30,43,34,39,36,32,43,36.8
2023-03-31,37,52,52,37,40,52,43.6
2023-04-01,31,54,56,31,47,56,43.8
2023-04-02,39,53,56,31,45,56,44.8
2023-04-03,38,53,58,32,45,58,45.2
2023-04-04,45,49,54,31,45,54,44.8
2023-04-05,37,56,61,39,57,61,50.0
2023-04-06,38,57,61,40,57,61,50.6
2023-04-07,37,55,61,34,51,61,47.6
2023-04-08,45,58,62,52,54,62,54.2
2023-04-09,38,57,59,51,55,59,52.0
2023-04-10,36,54,58,33,53,58,46.8
2023-04-11,38,59,69,52,56,69,54.8
2023-04-12,43,63,72,53,59,72,58.0
2023-04-13,49,69,74,55,70,74,63.4
2023-04-14,48,66,71,53,67,71,61.0
2023-04-15,96,68,72,53,63,96,70.4
2023-04-16,51,72,73,52,65,73,62.6
2023-04-17,43,63,65,48,58,65,55.4
2023-04-18,79,58,61,51,60,79,61.8
2023-04-19,39,56,60,48,56,60,51.8
2023-04-20,34,47,49,41,53,53,44.8
2023-04-21,29,44,51,37,39,51,40.0
2023-04-22,27,38,46,37,34,46,36.4
2023-04-23,24,31,36,25,29,36,29.0
2023-04-24,28,34,35,33,32,35,32.4
2023-04-25,25,36,40,36,38,40,35.0
2023-04-26,36,51,49,32,44,51,42.4
2023-04-27,32,50,46,29,39,50,39.2
2023-04-28,27,42,49,31,43,49,38.4
2023-04-29,32,55,57,31,49,57,44.8
2023-04-30,31,55,59,29,48,59,44.4
2023-05-01,29,38,54,25,39,54,37.0
2023-05-02,24,40,48,27,32,48,34.2
2023-05-03,27,36,40,28,33,40,32.8
2023-05-04,27,51,53,31,51,53,42.6
2023-05-05,37,55,64,33,54,64,48.6
2023-05-06,38,56,64,30,55,64,48.6
2023-05-07,23,45,51,18,31,51,33.6
2023-05-08,17,28,27,17,19,28,21.6
2023-05-09,28,28,28,19,22,28,25.0
2023-05-10,24,32,33,21,25,33,27.0
2023-05-11,28,40,49,23,32,49,34.4
2023-05-12,29,36,46,23,29,46,32.6
2023-05-13,30,36,34,24,31,36,31.0
2023-05-14,25,40,42,26,34,42,33.4
2023-05-15,34,46,52,32,53,53,43.4
2023-05-16,37,51,53,34,54,54,45.8
2023-05-17,32,44,53,33,57,57,43.8
2023-05-18,44,58,62,41,64,64,53.8
2023-05-19,37,57,60,41,56,60,50.2
2023-05-20,26,51,54,26,47,54,40.8
2023-05-21,27,54,53,45,40,54,43.8
2023-05-22,32,53,50,57,43,57,47.0
2023-05-23,28,53,52,56,44,56,46.6
2023-05-24,27,44,45,52,43,52,42.2
2023-05-25,27,51,54,41,40,54,42.6
2023-05-26,32,53,55,32,38,55,42.0
2023-05-27,38,57,58,33,51,58,47.4
2023-05-28,35,55,56,41,45,56,46.4
2023-05-29,25,48,40,43,28,48,36.8
2023-05-30,26,47,51,51,32,51,41.4
2023-05-31,29,42,53,52,30,53,41.2
2023-06-01,32,53,57,29,41,57,42.4
2023-06-02,31,45,54,26,29,54,37.0
2023-06-03,33,53,59,36,45,59,45.2
2023-06-04,36,55,59,64,52,64,53.2
2023-06-05,38,51,54,62,42,62,49.4
2023-06-06,28,52,54,54,50,54,47.6
2023-06-07,29,53,54,37,51,54,44.8
2023-06-08,28,45,52,25,43,52,38.6
2023-06-09,27,39,45,23,33,45,33.4
2023-06-10,22,31,34,21,23,34,26.2
2023-06-11,21,35,40,21,27,40,28.8
2023-06-12,23,34,48,19,32,48,31.2
2023-06-13,30,48,52,20,49,52,39.8
2023-06-14,26,46,48,19,47,48,37.2
2023-06-15,34,43,45,32,36,45,38.0
2023-06-16,32,42,40,32,36,42,36.4
2023-06-17,31,43,43,18,32,43,33.4
2023-06-18,39,44,50,32,41,50,41.2
2023-06-19,40,55,63,30,50,63,47.6
2023-06-20,38,54,61,27,47,61,45.4
2023-06-21,30,43,52,28,34,52,37.4
2023-06-22,30,52,49,19,47,52,39.4
2023-06-23,40,51,54,24,52,54,44.2
2023-06-24,36,47,53,26,53,53,43.0
2023-06-25,36,52,57,53,60,60,51.6
2023-06-26,32,51,57,53,58,58,50.2
2023-06-27,24,42,46,42,44,46,39.6
2023-06-28,26,41,46,52,49,52,42.8
2023-06-29,30,52,54,56,56,56,49.6
2023-06-30,37,48,53,54,55,55,49.4
2023-07-01,41,48,53,35,54,54,46.2
2023-07-02,33,32,30,19,30,33,28.8
2023-07-03,37,48,52,54,55,55,49.2
2023-07-04,41,48,53,35,54,54,46.2
2023-07-05,33,32,30,19,30,33,28.8
2023-07-06,31,37,40,18,47,47,34.6
2023-07-07,33,41,40,20,44,44,35.6
2023-07-08,35,44,45,25,45,45,38.8
2023-07-09,30,41,42,22,41,42,35.2
2023-07-10,36,45,53,23,53,53,42.0
2023-07-11,31,38,52,22,49,52,38.4
2023-07-12,28,28,37,23,36,37,30.4
2023-07-13,44,37,39,58,49,58,45.4
2023-07-14,47,53,54,58,56,58,53.6
2023-07-15,46,49,53,53,55,55,51.2
2023-07-16,32,44,51,24,52,52,40.6
2023-07-17,41,52,56,31,58,58,47.6
2023-07-18,39,51,56,29,56,56,46.2
2023-07-19,32,40,52,25,53,53,40.4
2023-07-20,41,47,44,26,54,54,42.4
2023-07-21,52,58,62,50,62,62,56.8
2023-07-22,51,57,61,50,61,61,56.0
2023-07-23,42,57,56,35,56,57,49.2
2023-07-24,38,54,51,34,55,55,46.4
2023-07-25,31,42,39,23,49,49,36.8
2023-07-26,35,43,52,22,54,54,41.2
2023-07-27,52,59,61,43,65,65,56.0
2023-07-28,52,59,64,48,66,66,57.8
2023-07-29,54,62,65,48,68,68,59.4
2023-07-30,53,60,60,43,63,63,55.8
2023-07-31,37,47,53,33,47,53,43.4
2023-08-01,35,43,53,41,52,53,44.8
2023-08-02,51,55,56,43,61,61,53.2
2023-08-03,52,56,56,42,61,61,53.4
2023-08-04,38,36,47,27,53,53,40.2
2023-08-05,39,51,54,32,55,55,46.2
2023-08-06,41,53,55,34,56,56,47.8
2023-08-07,40,52,53,27,56,56,45.6
2023-08-08,34,46,51,23,52,52,41.2
2023-08-09,35,47,45,28,43,47,39.6
2023-08-10,38,53,55,29,55,55,46.0
2023-08-11,49,52,57,52,57,57,53.4
2023-08-12,50,57,62,60,61,62,58.0
2023-08-13,53,62,72,65,68,72,64.0
2023-08-14,51,59,65,56,63,65,58.8
2023-08-15,42,53,59,37,57,59,49.6
2023-08-16,51,52,60,46,61,61,54.0
2023-08-17,53,55,61,45,63,63,55.4
2023-08-18,54,55,64,46,68,68,57.4
2023-08-19,52,53,58,40,63,63,53.2
2023-08-20,46,46,57,34,58,58,48.2
2023-08-21,44,51,59,30,59,59,48.6
2023-08-22,45,54,63,42,59,63,52.6
2023-08-23,46,53,63,41,58,63,52.2
2023-08-24,40,52,59,35,55,59,48.2
2023-08-25,35,44,55,33,54,55,44.2
2023-08-26,46,44,54,31,55,55,46.0
2023-08-27,50,53,62,43,63,63,54.2
2023-08-28,52,55,61,37,57,61,52.4
2023-08-29,54,57,65,53,62,65,58.2
2023-08-30,47,56,62,54,59,62,55.6
2023-08-31,48,59,62,48,59,62,55.2
2023-09-01,52,57,68,39,62,68,55.6
2023-09-02,54,60,73,45,70,73,60.4
2023-09-03,56,63,76,49,71,76,63.0
2023-09-04,53,63,75,50,66,75,61.4
2023-09-05,53,63,75,51,67,75,61.8
2023-09-06,56,68,77,51,73,77,65.0
2023-09-07,52,59,66,47,63,66,57.4
2023-09-08,34,49,56,52,55,56,49.2
2023-09-09,43,53,61,56,58,61,54.2
2023-09-10,45,48,55,58,57,58,52.6
2023-09-11,55,64,73,58,66,73,63.2
2023-09-12,57,65,77,54,71,77,64.8
2023-09-13,52,55,66,47,64,66,56.8
2023-09-14,45,53,64,42,58,64,52.4
2023-09-15,47,54,63,53,59,63,55.2
2023-09-16,51,59,68,54,61,68,58.6
2023-09-17,51,59,68,39,61,68,55.6
2023-09-18,44,53,59,35,58,59,49.8
2023-09-19,44,47,55,32,53,55,46.2
2023-09-20,42,36,51,35,50,51,42.8
2023-09-21,38,40,55,28,54,55,43.0
2023-09-22,35,41,54,23,50,54,40.6
2023-09-23,45,60,62,38,64,64,53.8
2023-09-24,52,63,65,50,68,68,59.6
2023-09-25,49,55,61,39,62,62,53.2
2023-09-26,57,64,75,52,73,75,64.2
2023-09-27,56,61,72,47,69,72,61.0
2023-09-28,52,58,67,53,64,67,58.8
2023-09-29,60,71,82,56,79,82,69.6
2023-09-30,59,74,81,56,78,81,69.6
2023-10-01,62,73,76,57,80,80,69.6
2023-10-02,59,66,68,55,77,77,65.0
2023-10-03,57,68,74,54,67,74,64.0
2023-10-04,58,67,70,53,71,71,63.8
2023-10-05,57,66,70,53,71,71,63.4
2023-10-06,58,69,82,54,77,82,68.0
2023-10-07,75,101,123,67,117,123,96.6
2023-10-08,73,98,120,66,115,120,94.4
2023-10-09,59,66,75,56,73,75,65.8
2023-10-10,64,77,86,60,83,86,74.0
2023-10-11,63,77,86,60,86,86,74.4
2023-10-12,59,68,77,58,81,81,68.6
2023-10-13,54,59,63,54,66,66,59.2
2023-10-14,55,63,69,53,69,69,61.8
2023-10-15,56,65,80,53,73,80,65.4
2023-10-16,60,66,80,55,73,80,66.8
2023-10-17,57,60,69,53,68,69,61.4
2023-10-18,53,59,65,52,65,65,58.8
2023-10-19,51,57,62,50,63,63,56.6
2023-10-20,46,56,61,45,60,61,53.6
2023-10-21,51,55,57,41,59,59,52.6
2023-10-22,49,59,68,38,60,68,54.8
2023-10-23,52,58,66,50,61,66,57.4
2023-10-24,47,54,64,49,57,64,54.2
2023-10-25,46,52,55,31,53,55,47.4
2023-10-26,48,55,62,46,61,62,54.4
2023-10-27,49,58,61,53,62,62,56.6
2023-10-28,51,56,61,52,59,61,55.8
2023-10-29,39,53,57,43,58,58,50.0
2023-10-30,51,53,61,43,61,61,53.8
2023-10-31,56,60,73,55,73,73,63.4
2023-11-01,51,56,68,54,66,68,59.0
2023-11-02,45,53,66,43,63,66,54.0
2023-11-03,54,63,66,56,74,74,62.6
2023-11-04,56,64,73,57,73,73,64.6
2023-11-05,52,57,69,54,65,69,59.4
2023-11-06,53,53,60,49,61,61,55.2
2023-11-07,37,52,57,52,56,57,50.8
2023-11-08,39,47,54,45,56,56,48.2
2023-11-09,46,55,65,56,59,65,56.2
2023-11-10,47,55,65,52,58,65,55.4
2023-11-11,38,53,61,52,59,61,52.6
2023-11-12,60,61,78,59,71,78,65.8
2023-11-13,59,61,74,60,70,74,64.8
2023-11-14,50,57,61,58,62,62,57.6
2023-11-15,47,55,60,53,58,60,54.6
2023-11-16,44,42,51,34,51,51,44.4
2023-11-17,36,46,53,42,51,53,45.6
2023-11-18,30,39,54,38,43,54,40.8
2023-11-19,27,30,44,37,36,44,34.8
2023-11-20,29,32,38,38,39,39,35.2
2023-11-21,29,35,45,37,37,45,36.6
2023-11-22,30,34,44,34,44,44,37.2
2023-11-23,36,41,52,40,51,52,44.0
2023-11-24,30,40,47,38,42,47,39.4
2023-11-25,28,32,41,34,40,41,35.0
2023-11-26,36,52,53,49,55,55,49.0
2023-11-27,31,49,53,44,55,55,46.4
2023-11-28,33,44,56,43,57,57,46.6
2023-11-29,26,36,46,39,47,47,38.8
2023-11-30,26,41,51,38,42,51,39.6
2023-12-01,29,35,46,29,35,46,34.8
2023-12-02,28,35,39,25,42,42,33.8
2023-12-03,25,39,44,36,43,44,37.4
2023-12-04,31,37,49,44,43,49,40.8
2023-12-05,44,47,54,58,54,58,51.4
2023-12-06,37,44,53,55,52,55,48.2
2023-12-07,32,36,46,31,43,46,37.6
2023-12-08,30,37,44,32,44,44,37.4
2023-12-09,22,28,30,27,28,30,27.0
2023-12-10,27,29,34,30,38,38,31.6
2023-12-11,28,33,37,38,43,43,35.8
2023-12-12,27,32,45,33,37,45,34.8
2023-12-13,25,35,44,35,31,44,34.0
2023-12-14,31,37,52,36,48,52,40.8
2023-12-15,34,39,54,49,48,54,44.8
2023-12-16,27,40,52,50,44,52,42.6
2023-12-17,24,34,47,34,44,47,36.6
2023-12-18,30,33,45,35,40,45,36.6
2023-12-19,32,37,48,39,41,48,39.4
2023-12-20,29,42,54,38,41,54,40.8
2023-12-21,30,41,54,32,40,54,39.4
2023-12-22,28,31,43,21,29,43,30.4
2023-12-23,28,34,51,32,33,51,35.6
2023-12-24,46,39,52,51,52,52,48.0
2023-12-25,31,38,50,42,51,51,42.4
2023-12-26,23,30,41,26,33,41,30.6
2023-12-27,26,33,44,22,30,44,31.0
2023-12-28,30,34,48,32,39,48,36.6
2023-12-29,26,33,39,34,41,41,34.6
2023-12-30,34,43,51,42,51,51,44.2
2023-12-31,35,51,52,41,54,54,46.6
2024-01-01,24,37,45,33,42,45,36.2
2024-01-02,24,35,38,33,36,38,33.2
2024-01-03,29,40,41,35,43,43,37.6
2024-01-04,29,41,47,31,43,47,38.2
2024-01-05,23,48,49,28,34,49,36.4
2024-01-06,31,50,57,29,38,57,41.0
2024-01-07,28,43,54,31,37,54,38.6
2024-01-08,23,30,36,26,34,36,29.8
2024-01-09,24,31,46,31,35,46,33.4
2024-01-10,22,27,35,20,25,35,25.8
2024-01-11,32,47,54,48,50,54,46.2
2024-01-12,33,47,54,52,51,54,47.4
2024-01-13,37,52,57,50,53,57,49.8
2024-01-14,48,53,58,52,54,58,53.0
2024-01-15,39,47,55,45,49,55,47.0
2024-01-16,34,36,52,28,35,52,37.0
2024-01-17,35,37,52,35,40,52,39.8
2024-01-18,39,42,59,35,43,59,43.6
2024-01-19,40,52,62,52,53,62,51.8
2024-01-20,35,52,59,52,52,59,50.0
2024-01-21,31,38,59,51,46,59,45.0
2024-01-22,27,37,57,50,51,57,44.4
2024-01-23,39,48,47,32,51,51,43.4
2024-01-24,51,46,55,32,52,55,47.2
2024-01-25,34,40,55,28,48,55,41.0
2024-01-26,47,46,52,33,52,52,46.0
2024-01-27,62,53,55,38,52,62,52.0
2024-01-28,47,52,56,41,52,56,49.6
2024-01-29,42,55,62,52,55,62,53.2
2024-01-30,45,55,62,52,56,62,54.0
2024-01-31,37,52,59,44,53,59,49.0
2024-02-01,32,47,55,38,53,55,45.0
2024-02-02,31,51,56,44,52,56,46.8
2024-02-03,31,51,56,48,53,56,47.8
2024-02-04,34,50,58,51,52,58,49.0
2024-02-05,32,51,58,51,52,58,48.8
2024-02-06,30,45,54,45,52,54,45.2
2024-02-07,30,49,54,45,52,54,46.0
2024-02-08,24,44,43,36,40,44,37.4
2024-02-09,28,49,54,41,52,54,44.8
2024-02-10,40,50,54,55,58,58,51.4
2024-02-11,56,57,62,53,55,62,56.6
2024-02-12,58,57,64,53,55,64,57.4
2024-02-13,52,52,59,44,53,59,52.0
2024-02-14,53,53,59,46,54,59,53.0
2024-02-15,39,50,57,45,53,57,48.8
2024-02-16,52,54,61,52,55,61,54.8
2024-02-17,49,54,60,51,56,60,54.0
2024-02-18,50,57,62,54,62,62,57.0
2024-02-19,42,55,62,53,60,62,54.4
2024-02-20,38,47,52,40,48,52,45.0
2024-02-21,40,45,49,40,46,49,44.0
2024-02-22,36,43,48,40,52,52,43.8
2024-02-23,37,51,52,41,52,52,46.6
2024-02-24,34,45,47,36,43,47,41.0
2024-02-25,32,47,55,42,46,55,44.4
2024-02-26,39,57,62,56,61,62,55.0
2024-02-27,40,57,62,57,60,62,55.2
2024-02-28,34,55,59,52,53,59,50.6
2024-02-29,35,46,55,43,50,55,45.8
2024-03-01,33,49,54,35,50,54,44.2
2024-03-02,36,52,54,37,51,54,46.0
2024-03-03,30,45,52,38,46,52,42.2
2024-03-04,37,54,67,56,56,67,54.0
2024-03-05,36,53,67,56,56,67,53.6
2024-03-06,28,50,54,33,45,54,42.0
2024-03-07,33,55,58,52,56,58,50.8
2024-03-08,33,53,56,51,55,56,49.6
2024-03-09,34,53,57,46,52,57,48.4
2024-03-10,36,50,58,51,58,58,50.6
2024-03-11,50,58,66,61,64,66,59.8
2024-03-12,44,56,63,59,61,63,56.6
2024-03-13,35,54,60,55,57,60,52.2
2024-03-14,38,53,61,53,56,61,52.2
2024-03-15,38,53,64,53,56,64,52.8
2024-03-16,34,49,60,51,55,60,49.8
2024-03-17,35,53,61,51,56,61,51.2
2024-03-18,34,52,61,51,54,61,50.4
2024-03-19,30,45,55,41,51,55,44.4
2024-03-20,36,53,57,45,57,57,49.6
2024-03-21,52,55,58,54,63,63,56.4
2024-03-22,56,60,64,56,64,64,60.0
2024-03-23,54,57,58,54,60,60,56.6
2024-03-24,56,52,54,55,58,58,55.0
2024-03-25,53,41,55,54,56,56,51.8
2024-03-26,50,47,58,51,54,58,52.0
2024-03-27,52,46,58,48,55,58,51.8
2024-03-28,48,46,57,45,53,57,49.8
2024-03-29,47,45,55,44,52,55,48.6
2024-03-30,36,26,28,30,31,36,30.2
2024-03-31,64,40,52,43,52,64,50.2
2024-04-01,53,52,55,51,52,55,52.6
2024-04-02,53,46,54,51,52,54,51.2
2024-04-03,44,31,45,41,45,45,41.2
2024-04-04,59,55,57,57,62,62,58.0
2024-04-05,56,56,63,57,60,63,58.4
2024-04-06,49,47,59,56,56,59,53.4
2024-04-07,42,34,44,49,48,49,43.4
2024-04-08,47,41,42,52,48,52,46.0
2024-04-09,59,53,55,53,59,59,55.8
2024-04-10,56,45,52,54,56,56,52.6
2024-04-11,36,40,45,48,52,52,44.2
2024-04-12,39,40,52,44,50,52,45.0
2024-04-13,45,34,40,38,39,45,39.2
2024-04-14,45,33,32,41,44,45,39.0
2024-04-15,36,30,39,41,45,45,38.2
2024-04-16,36,31,39,41,43,43,38.0
2024-04-17,44,34,50,37,50,50,43.0
2024-04-18,53,52,55,53,59,59,54.4
2024-04-19,57,52,55,56,61,61,56.2
2024-04-20,55,40,42,55,59,59,50.2
2024-04-21,47,52,54,49,54,54,51.2
2024-04-22,60,56,64,57,56,64,58.6
2024-04-23,59,55,61,62,61,62,59.6
2024-04-24,55,45,53,62,59,62,54.8
2024-04-25,49,30,41,47,52,52,43.8
2024-04-26,52,52,53,59,57,59,54.6
2024-04-27,52,51,52,60,55,60,54.0
2024-04-28,49,35,37,55,54,55,46.0
2024-04-29,35,24,35,38,36,38,33.6
2024-04-30,35,35,33,50,43,50,39.2
2024-05-01,36,35,35,50,45,50,40.2
2024-05-02,47,23,35,42,53,53,40.0
2024-05-03,56,41,42,57,60,60,51.2
2024-05-04,53,41,34,57,56,57,48.2
2024-05-05,42,31,52,40,52,52,43.4
2024-05-06,40,28,43,37,32,43,36.0
2024-05-07,42,34,37,52,46,52,42.2
2024-05-08,53,55,55,56,60,60,55.8
2024-05-09,54,52,54,54,59,59,54.6
2024-05-10,47,34,42,43,45,47,42.2
2024-05-11,52,41,53,53,56,56,51.0
2024-05-12,51,38,53,52,54,54,49.6
2024-05-13,53,31,52,51,48,53,47.0
2024-05-14,52,49,57,51,53,57,52.4
2024-05-15,51,52,61,55,57,61,55.2
2024-05-16,55,43,58,54,58,58,53.6
2024-05-17,52,51,54,48,56,56,52.2
2024-05-18,52,52,54,52,56,56,53.2
2024-05-19,51,40,54,51,53,54,49.8
2024-05-20,23,27,25,28,27,28,26.0
2024-05-21,30,28,30,36,36,36,32.0
2024-05-22,52,41,32,52,52,52,45.8
2024-05-23,51,39,36,49,52,52,45.4
2024-05-24,46,46,42,54,55,55,48.6
2024-05-25,44,50,48,56,56,56,50.8
2024-05-26,34,41,38,51,51,51,43.0
2024-05-27,25,29,31,41,33,41,31.8
2024-05-28,43,47,48,52,54,54,48.8
2024-05-29,54,53,51,57,59,59,54.8
2024-05-30,52,40,43,55,53,55,48.6
2024-05-31,42,42,35,52,47,52,43.6
2024-06-01,44,44,41,52,48,52,45.8
2024-06-02,39,36,33,48,56,56,42.4
2024-06-03,41,34,37,47,71,71,46.0
2024-06-04,44,45,52,53,54,54,49.6
2024-06-05,54,43,51,54,54,54,51.2
2024-06-06,50,36,44,51,47,51,45.6
2024-06-07,54,47,58,57,60,60,55.2
2024-06-08,54,48,54,59,60,60,55.0
2024-06-09,52,47,46,57,56,57,51.6
2024-06-10,42,42,38,53,53,53,45.6
2024-06-11,55,53,52,62,62,62,56.8
2024-06-12,52,52,52,61,57,61,54.8
2024-06-13,53,49,55,60,58,60,55.0
2024-06-14,54,49,55,60,59,60,55.4
2024-06-15,57,57,55,66,62,66,59.4
2024-06-16,55,54,53,61,61,61,56.8
2024-06-17,40,38,38,51,47,51,42.8
2024-06-18,46,36,41,43,52,52,43.6
2024-06-19,52,48,52,57,58,58,53.4
2024-06-20,55,49,51,57,59,59,54.2
2024-06-21,54,46,44,52,54,54,50.0
2024-06-22,29,46,34,41,43,46,38.6
2024-06-23,40,52,44,55,56,56,49.4
2024-06-24,51,54,46,60,57,60,53.6
2024-06-25,51,51,47,58,55,58,52.4
2024-06-26,41,34,36,55,42,55,41.6
2024-06-27,51,44,49,53,53,53,50.0
2024-06-28,45,39,42,54,53,54,46.6
2024-06-29,50,47,37,55,55,55,48.8
2024-06-30,50,47,38,54,54,54,48.6
2024-07-01,54,54,51,57,59,59,55.0
2024-07-02,55,56,53,70,67,70,60.2
2024-07-03,51,42,49,61,59,61,52.4
2024-07-04,40,40,41,54,55,55,46.0
2024-07-05,49,41,49,62,58,62,51.8
2024-07-06,59,61,59,66,66,66,62.2
2024-07-07,57,60,59,60,63,63,59.8
2024-07-08,44,43,52,56,48,56,48.6
2024-07-09,43,31,38,53,41,53,41.2
2024-07-10,41,29,39,51,41,51,40.2
2024-07-11,41,39,44,52,52,52,45.6
2024-07-12,43,41,51,53,52,53,48.0
2024-07-13,52,52,52,61,53,61,54.0
2024-07-14,55,58,57,64,63,64,59.4
2024-07-15,56,58,58,66,65,66,60.6
2024-07-16,54,56,58,64,63,64,59.0
2024-07-17,53,53,56,61,58,61,56.2
2024-07-18,54,54,56,62,60,62,57.2
2024-07-19,51,54,56,58,57,58,55.2
2024-07-20,49,52,57,56,56,57,54.0
2024-07-21,52,51,56,56,56,56,54.2
2024-07-22,55,54,60,64,63,64,59.2
2024-07-23,57,61,64,72,70,72,64.8
2024-07-24,60,63,65,74,73,74,67.0
2024-07-25,59,61,62,71,70,71,64.6
2024-07-26,59,67,65,76,77,77,68.8
2024-07-27,57,64,62,73,72,73,65.6
2024-07-28,53,55,57,61,58,61,56.8
2024-07-29,52,53,56,58,56,58,55.0
2024-07-30,56,56,56,61,57,61,57.2
2024-07-31,54,54,56,60,56,60,56.0
2024-08-01,57,46,57,55,51,57,53.2
2024-08-02,54,47,56,52,52,56,52.2
2024-08-03,45,33,44,52,45,52,43.8
2024-08-04,33,35,43,47,42,47,40.0
2024-08-05,55,54,59,57,56,59,56.2
2024-08-06,54,53,57,58,56,58,55.6
2024-08-07,54,52,54,57,53,57,54.0
2024-08-08,50,52,50,56,53,56,52.2
2024-08-09,28,33,38,47,39,47,37.0
2024-08-10,47,48,49,54,56,56,50.8
2024-08-11,49,50,52,56,57,57,52.8
2024-08-12,43,44,50,54,52,54,48.6
2024-08-13,54,55,59,56,57,59,56.2
2024-08-14,54,55,60,56,58,60,56.6
2024-08-15,51,46,54,61,56,61,53.6
2024-08-16,45,47,53,58,56,58,51.8
2024-08-17,44,41,54,53,52,54,48.8
2024-08-18,46,47,56,54,54,56,51.4
2024-08-19,43,38,57,55,53,57,49.2
2024-08-20,38,37,51,54,44,54,44.8
2024-08-21,47,42,51,53,46,53,47.8
2024-08-22,49,53,56,57,55,57,54.0
2024-08-23,51,53,55,58,56,58,54.6
2024-08-24,39,34,50,51,41,51,43.0
2024-08-25,52,41,54,56,57,57,52.0
2024-08-26,60,58,56,66,64,66,60.8
2024-08-27,62,59,57,66,65,66,61.8
2024-08-28,58,55,56,65,65,65,59.8
2024-08-29,55,58,57,60,64,64,58.8
2024-08-30,55,60,57,61,64,64,59.4
2024-08-31,51,54,57,59,56,59,55.4
2024-09-01,52,51,56,65,56,65,56.0
2024-09-02,55,56,54,63,60,63,57.6
2024-09-03,56,57,57,60,61,61,58.2
2024-09-04,63,60,62,66,67,67,63.6
2024-09-05,61,60,62,67,68,68,63.6
2024-09-06,60,60,62,68,68,68,63.6
2024-09-07,53,55,58,63,61,63,58.0
2024-09-08,47,54,62,57,56,62,55.2
2024-09-09,51,52,58,54,54,58,53.8
2024-09-10,51,35,52,52,53,53,48.6
2024-09-11,52,35,49,44,51,52,46.2
2024-09-12,53,35,50,49,52,53,47.8
2024-09-13,43,41,51,48,44,51,45.4
2024-09-14,49,46,55,53,51,55,50.8
2024-09-15,54,53,57,61,61,61,57.2
2024-09-16,54,55,56,61,60,61,57.2
2024-09-17,53,55,55,59,59,59,56.2
2024-09-18,45,49,51,54,52,54,50.2
2024-09-19,57,57,66,63,64,66,61.4
2024-09-20,58,61,73,66,64,73,64.4
2024-09-21,56,61,73,64,63,73,63.4
2024-09-22,56,56,57,67,62,67,59.6
2024-09-23,56,54,59,66,61,66,59.2
2024-09-24,56,54,58,61,59,61,57.6
2024-09-25,53,54,56,55,60,60,55.6
2024-09-26,54,53,51,56,59,59,54.6
2024-09-27,52,44,49,54,53,54,50.4
2024-09-28,48,45,50,55,54,55,50.4
2024-09-29,42,30,41,54,52,54,43.8
2024-09-30,40,39,44,53,51,53,45.4
2024-10-01,57,35,33,58,52,58,47.0
2024-10-02,56,39,42,55,53,56,49.0
2024-10-03,44,40,42,55,52,55,46.6
2024-10-04,57,55,53,60,62,62,57.4
2024-10-05,57,54,52,60,62,62,57.0
2024-10-06,55,46,39,52,54,55,49.2
2024-10-07,61,49,51,55,55,61,54.2
2024-10-08,59,50,51,56,56,59,54.4
2024-10-09,51,41,45,56,54,56,49.4
2024-10-10,52,40,36,57,52,57,47.4
2024-10-11,54,40,42,59,61,61,51.2
2024-10-12,61,54,45,63,63,63,57.2
2024-10-13,58,56,51,57,60,60,56.4
2024-10-14,49,53,44,44,52,53,48.4
2024-10-15,44,53,44,39,46,53,45.2
2024-10-16,40,50,41,45,52,52,45.6
2024-10-17,57,52,52,65,64,65,58.0
2024-10-18,59,59,54,66,70,70,61.6
2024-10-19,59,60,54,75,72,75,64.0
2024-10-20,57,59,53,75,66,75,62.0
2024-10-21,57,55,53,65,62,65,58.4
2024-10-22,56,56,52,65,62,65,58.2
2024-10-23,58,55,51,62,62,62,57.6
2024-10-24,61,62,58,72,71,72,64.8
2024-10-25,62,61,60,73,70,73,65.2
2024-10-26,56,53,55,62,59,62,57.0
2024-10-27,55,54,52,57,60,60,55.6
2024-10-28,53,52,52,53,56,56,53.2
2024-10-29,62,59,59,69,68,69,63.4
2024-10-30,65,59,61,70,72,72,65.4
2024-10-31,70,64,61,73,75,75,68.6
2024-11-01,67,59,59,74,70,74,65.8
2024-11-02,56,55,48,62,63,63,56.8
2024-11-03,54,52,42,59,58,59,53.0
2024-11-04,58,53,51,57,59,59,55.6
2024-11-05,56,51,52,58,58,58,55.0
2024-11-06,58,50,53,61,57,61,55.8
2024-11-07,54,51,53,54,54,54,53.2
2024-11-08,57,53,53,55,58,58,55.2
2024-11-09,55,50,51,56,57,57,53.8
2024-11-10,55,51,49,61,60,61,55.2
2024-11-11,55,44,46,55,60,60,52.0
2024-11-12,63,58,54,61,67,67,60.6
2024-11-13,62,58,54,56,63,63,58.6
2024-11-14,54,52,54,55,55,55,54.0
2024-11-15,61,49,52,53,60,61,55.0
2024-11-16,62,54,54,55,64,64,57.8
2024-11-17,53,46,45,52,56,56,50.4
2024-11-18,44,28,33,44,52,52,40.2
2024-11-19,31,25,33,31,34,34,30.8
2024-11-20,34,32,37,41,36,41,36.0
2024-11-21,42,32,42,40,40,42,39.2
2024-11-22,57,33,41,47,51,57,45.8
2024-11-23,57,30,36,32,50,57,41.0
2024-11-24,42,35,35,43,39,43,38.8
2024-11-25,52,35,41,45,52,52,45.0
2024-11-26,55,33,45,51,52,55,47.2
2024-11-27,51,44,48,47,52,52,48.4
2024-11-28,51,45,49,48,53,53,49.2
2024-11-29,44,44,39,51,54,54,46.4
2024-11-30,49,39,41,39,52,52,44.0
2024-12-01,48,39,44,41,52,52,44.8
2024-12-02,41,35,43,37,42,43,39.6
2024-12-03,45,45,44,46,51,51,46.2
2024-12-04,52,52,45,53,53,53,51.0
2024-12-05,52,40,41,51,51,52,47.0
2024-12-06,53,42,49,53,51,53,49.6
2024-12-07,43,38,48,54,49,54,46.4
2024-12-08,42,30,42,51,48,51,42.6
2024-12-09,39,25,38,28,27,39,31.4
2024-12-10,42,23,30,24,23,42,28.4
2024-12-11,47,30,38,48,44,48,41.4
2024-12-12,55,40,53,53,54,55,51.0
2024-12-13,55,45,56,54,55,56,53.0
2024-12-14,54,49,61,52,56,61,54.4
2024-12-15,54,47,60,55,57,60,54.6
2024-12-16,48,39,56,54,54,56,50.2
2024-12-17,48,36,48,44,42,48,43.6
2024-12-18,40,32,31,26,32,40,32.2
2024-12-19,42,32,34,39,38,42,37.0
2024-12-20,51,41,56,43,46,56,47.4
2024-12-21,54,53,59,54,56,59,55.2
2024-12-22,54,53,56,53,54,56,54.0
2024-12-23,49,52,54,56,58,58,53.8
2024-12-24,47,51,53,54,57,57,52.4
2024-12-25,44,42,52,55,53,55,49.2
2024-12-26,53,40,54,56,54,56,51.4
2024-12-27,53,44,55,59,55,59,53.2
2024-12-28,42,33,52,55,52,55,46.8
2024-12-29,38,28,47,45,41,47,39.8
2024-12-30,33,28,36,32,31,36,32.0
2024-12-31,36,31,35,30,33,36,33.0
2025-01-01,34,31,35,31,34,35,33.0
